offset,latA,latB,label
0x0,-nan,0.0,1
0x80,-nan,0.0,1
0x100,-nan,0.0,1
0x180,-nan,0.0,1
0x200,-nan,0.0,1
0x280,-nan,0.0,1
0x300,-nan,0.0,1
0x380,-nan,0.0,1
0x400,-nan,0.0,1
0x480,-nan,0.0,1
0x500,-nan,0.0,1
0x580,-nan,0.0,1
0x600,-nan,0.0,1
0x680,-nan,0.0,1
0x700,-nan,0.0,1
0x780,-nan,0.0,1
0x800,-nan,0.0,1
0x880,-nan,0.0,1
0x900,-nan,0.0,1
0x980,-nan,0.0,1
0xa00,-nan,0.0,1
0xa80,-nan,0.0,1
0xb00,-nan,0.0,1
0xb80,-nan,0.0,1
0xc00,-nan,0.0,1
0xc80,-nan,0.0,1
0xd00,-nan,0.0,1
0xd80,-nan,0.0,1
0xe00,-nan,0.0,1
0xe80,-nan,0.0,1
0xf00,-nan,0.0,1
0xf80,-nan,0.0,1
0x1000,-nan,0.0,1
0x1080,-nan,0.0,1
0x1100,-nan,0.0,1
0x1180,-nan,0.0,1
0x1200,-nan,0.0,1
0x1280,-nan,0.0,1
0x1300,-nan,0.0,1
0x1380,-nan,0.0,1
0x1400,-nan,0.0,1
0x1480,-nan,0.0,1
0x1500,-nan,0.0,1
0x1580,-nan,0.0,1
0x1600,-nan,0.0,1
0x1680,-nan,0.0,1
0x1700,-nan,0.0,1
0x1780,-nan,0.0,1
0x1800,-nan,0.0,1
0x1880,-nan,0.0,1
0x1900,-nan,0.0,1
0x1980,-nan,0.0,1
0x1a00,-nan,0.0,1
0x1a80,-nan,0.0,1
0x1b00,-nan,0.0,1
0x1b80,-nan,0.0,1
0x1c00,-nan,0.0,1
0x1c80,-nan,0.0,1
0x1d00,-nan,0.0,1
0x1d80,-nan,0.0,1
0x1e00,-nan,0.0,1
0x1e80,-nan,0.0,1
0x1f00,-nan,0.0,1
0x1f80,-nan,0.0,1
0x2000,-nan,0.0,1
0x2080,-nan,0.0,1
0x2100,-nan,0.0,1
0x2180,-nan,0.0,1
0x2200,-nan,0.0,1
0x2280,-nan,0.0,1
0x2300,-nan,0.0,1
0x2380,-nan,0.0,1
0x2400,-nan,0.0,1
0x2480,-nan,0.0,1
0x2500,-nan,0.0,1
0x2580,-nan,0.0,1
0x2600,-nan,0.0,1
0x2680,-nan,0.0,1
0x2700,-nan,0.0,1
0x2780,-nan,0.0,1
0x2800,-nan,0.0,1
0x2880,-nan,0.0,1
0x2900,-nan,0.0,1
0x2980,-nan,0.0,1
0x2a00,-nan,0.0,1
0x2a80,-nan,0.0,1
0x2b00,-nan,0.0,1
0x2b80,-nan,0.0,1
0x2c00,-nan,0.0,1
0x2c80,-nan,0.0,1
0x2d00,-nan,0.0,1
0x2d80,-nan,0.0,1
0x2e00,-nan,0.0,1
0x2e80,-nan,0.0,1
0x2f00,-nan,0.0,1
0x2f80,-nan,0.0,1
0x3000,-nan,0.0,1
0x3080,-nan,0.0,1
0x3100,-nan,0.0,1
0x3180,-nan,0.0,1
0x3200,-nan,0.0,1
0x3280,-nan,0.0,1
0x3300,-nan,0.0,1
0x3380,-nan,0.0,1
0x3400,-nan,0.0,1
0x3480,-nan,0.0,1
0x3500,-nan,0.0,1
0x3580,-nan,0.0,1
0x3600,-nan,0.0,1
0x3680,-nan,0.0,1
0x3700,-nan,0.0,1
0x3780,-nan,0.0,1
0x3800,-nan,0.0,1
0x3880,-nan,0.0,1
0x3900,-nan,0.0,1
0x3980,-nan,0.0,1
0x3a00,-nan,0.0,1
0x3a80,-nan,0.0,1
0x3b00,-nan,0.0,1
0x3b80,-nan,0.0,1
0x3c00,-nan,0.0,1
0x3c80,-nan,0.0,1
0x3d00,-nan,0.0,1
0x3d80,-nan,0.0,1
0x3e00,-nan,0.0,1
0x3e80,-nan,0.0,1
0x3f00,-nan,0.0,1
0x3f80,-nan,0.0,1
0x4000,-nan,0.0,1
0x4080,-nan,0.0,1
0x4100,-nan,0.0,1
0x4180,-nan,0.0,1
0x4200,-nan,0.0,1
0x4280,-nan,0.0,1
0x4300,-nan,0.0,1
0x4380,-nan,0.0,1
0x4400,-nan,0.0,1
0x4480,-nan,0.0,1
0x4500,-nan,0.0,1
0x4580,-nan,0.0,1
0x4600,-nan,0.0,1
0x4680,-nan,0.0,1
0x4700,-nan,0.0,1
0x4780,-nan,0.0,1
0x4800,-nan,0.0,1
0x4880,-nan,0.0,1
0x4900,-nan,0.0,1
0x4980,-nan,0.0,1
0x4a00,-nan,0.0,1
0x4a80,-nan,0.0,1
0x4b00,-nan,0.0,1
0x4b80,-nan,0.0,1
0x4c00,-nan,0.0,1
0x4c80,-nan,0.0,1
0x4d00,-nan,0.0,1
0x4d80,-nan,0.0,1
0x4e00,-nan,0.0,1
0x4e80,-nan,0.0,1
0x4f00,-nan,0.0,1
0x4f80,-nan,0.0,1
0x5000,-nan,0.0,1
0x5080,-nan,0.0,1
0x5100,-nan,0.0,1
0x5180,-nan,0.0,1
0x5200,-nan,0.0,1
0x5280,-nan,0.0,1
0x5300,-nan,0.0,1
0x5380,-nan,0.0,1
0x5400,-nan,0.0,1
0x5480,-nan,0.0,1
0x5500,-nan,0.0,1
0x5580,-nan,0.0,1
0x5600,-nan,0.0,1
0x5680,-nan,0.0,1
0x5700,-nan,0.0,1
0x5780,-nan,0.0,1
0x5800,-nan,0.0,1
0x5880,-nan,0.0,1
0x5900,-nan,0.0,1
0x5980,-nan,0.0,1
0x5a00,-nan,0.0,1
0x5a80,-nan,0.0,1
0x5b00,-nan,0.0,1
0x5b80,-nan,0.0,1
0x5c00,-nan,0.0,1
0x5c80,-nan,0.0,1
0x5d00,-nan,0.0,1
0x5d80,-nan,0.0,1
0x5e00,-nan,0.0,1
0x5e80,-nan,0.0,1
0x5f00,-nan,0.0,1
0x5f80,-nan,0.0,1
0x6000,-nan,0.0,1
0x6080,-nan,0.0,1
0x6100,-nan,0.0,1
0x6180,-nan,0.0,1
0x6200,-nan,0.0,1
0x6280,-nan,0.0,1
0x6300,-nan,0.0,1
0x6380,-nan,0.0,1
0x6400,-nan,0.0,1
0x6480,-nan,0.0,1
0x6500,-nan,0.0,1
0x6580,-nan,0.0,1
0x6600,-nan,0.0,1
0x6680,-nan,0.0,1
0x6700,-nan,0.0,1
0x6780,-nan,0.0,1
0x6800,-nan,0.0,1
0x6880,-nan,0.0,1
0x6900,-nan,0.0,1
0x6980,-nan,0.0,1
0x6a00,-nan,0.0,1
0x6a80,-nan,0.0,1
0x6b00,-nan,0.0,1
0x6b80,-nan,0.0,1
0x6c00,-nan,0.0,1
0x6c80,-nan,0.0,1
0x6d00,-nan,0.0,1
0x6d80,-nan,0.0,1
0x6e00,-nan,0.0,1
0x6e80,-nan,0.0,1
0x6f00,-nan,0.0,1
0x6f80,-nan,0.0,1
0x7000,-nan,0.0,1
0x7080,-nan,0.0,1
0x7100,-nan,0.0,1
0x7180,-nan,0.0,1
0x7200,-nan,0.0,1
0x7280,-nan,0.0,1
0x7300,-nan,0.0,1
0x7380,-nan,0.0,1
0x7400,-nan,0.0,1
0x7480,-nan,0.0,1
0x7500,-nan,0.0,1
0x7580,-nan,0.0,1
0x7600,-nan,0.0,1
0x7680,-nan,0.0,1
0x7700,-nan,0.0,1
0x7780,-nan,0.0,1
0x7800,-nan,0.0,1
0x7880,-nan,0.0,1
0x7900,-nan,0.0,1
0x7980,-nan,0.0,1
0x7a00,-nan,0.0,1
0x7a80,-nan,0.0,1
0x7b00,-nan,0.0,1
0x7b80,-nan,0.0,1
0x7c00,-nan,0.0,1
0x7c80,-nan,0.0,1
0x7d00,-nan,0.0,1
0x7d80,-nan,0.0,1
0x7e00,-nan,0.0,1
0x7e80,-nan,0.0,1
0x7f00,-nan,0.0,1
0x7f80,-nan,0.0,1
0x8000,-nan,0.0,1
0x8080,-nan,0.0,1
0x8100,-nan,0.0,1
0x8180,-nan,0.0,1
0x8200,-nan,0.0,1
0x8280,-nan,0.0,1
0x8300,-nan,0.0,1
0x8380,-nan,0.0,1
0x8400,-nan,0.0,1
0x8480,-nan,0.0,1
0x8500,-nan,0.0,1
0x8580,-nan,0.0,1
0x8600,-nan,0.0,1
0x8680,-nan,0.0,1
0x8700,-nan,0.0,1
0x8780,-nan,0.0,1
0x8800,-nan,0.0,1
0x8880,-nan,0.0,1
0x8900,-nan,0.0,1
0x8980,-nan,0.0,1
0x8a00,-nan,0.0,1
0x8a80,-nan,0.0,1
0x8b00,-nan,0.0,1
0x8b80,-nan,0.0,1
0x8c00,-nan,0.0,1
0x8c80,-nan,0.0,1
0x8d00,-nan,0.0,1
0x8d80,-nan,0.0,1
0x8e00,-nan,0.0,1
0x8e80,-nan,0.0,1
0x8f00,-nan,0.0,1
0x8f80,-nan,0.0,1
0x9000,-nan,0.0,1
0x9080,-nan,0.0,1
0x9100,-nan,0.0,1
0x9180,-nan,0.0,1
0x9200,-nan,0.0,1
0x9280,-nan,0.0,1
0x9300,-nan,0.0,1
0x9380,-nan,0.0,1
0x9400,-nan,0.0,1
0x9480,-nan,0.0,1
0x9500,-nan,0.0,1
0x9580,-nan,0.0,1
0x9600,-nan,0.0,1
0x9680,-nan,0.0,1
0x9700,-nan,0.0,1
0x9780,-nan,0.0,1
0x9800,-nan,0.0,1
0x9880,-nan,0.0,1
0x9900,-nan,0.0,1
0x9980,-nan,0.0,1
0x9a00,-nan,0.0,1
0x9a80,-nan,0.0,1
0x9b00,-nan,0.0,1
0x9b80,-nan,0.0,1
0x9c00,-nan,0.0,1
0x9c80,-nan,0.0,1
0x9d00,-nan,0.0,1
0x9d80,-nan,0.0,1
0x9e00,-nan,0.0,1
0x9e80,-nan,0.0,1
0x9f00,-nan,0.0,1
0x9f80,-nan,0.0,1
0xa000,-nan,0.0,1
0xa080,-nan,0.0,1
0xa100,-nan,0.0,1
0xa180,-nan,0.0,1
0xa200,-nan,0.0,1
0xa280,-nan,0.0,1
0xa300,-nan,0.0,1
0xa380,-nan,0.0,1
0xa400,-nan,0.0,1
0xa480,-nan,0.0,1
0xa500,-nan,0.0,1
0xa580,-nan,0.0,1
0xa600,-nan,0.0,1
0xa680,-nan,0.0,1
0xa700,-nan,0.0,1
0xa780,-nan,0.0,1
0xa800,-nan,0.0,1
0xa880,-nan,0.0,1
0xa900,-nan,0.0,1
0xa980,-nan,0.0,1
0xaa00,-nan,0.0,1
0xaa80,-nan,0.0,1
0xab00,-nan,0.0,1
0xab80,-nan,0.0,1
0xac00,-nan,0.0,1
0xac80,-nan,0.0,1
0xad00,-nan,0.0,1
0xad80,-nan,0.0,1
0xae00,-nan,0.0,1
0xae80,-nan,0.0,1
0xaf00,-nan,0.0,1
0xaf80,-nan,0.0,1
0xb000,-nan,0.0,1
0xb080,-nan,0.0,1
0xb100,-nan,0.0,1
0xb180,-nan,0.0,1
0xb200,-nan,0.0,1
0xb280,-nan,0.0,1
0xb300,-nan,0.0,1
0xb380,-nan,0.0,1
0xb400,-nan,0.0,1
0xb480,-nan,0.0,1
0xb500,-nan,0.0,1
0xb580,-nan,0.0,1
0xb600,-nan,0.0,1
0xb680,-nan,0.0,1
0xb700,-nan,0.0,1
0xb780,-nan,0.0,1
0xb800,-nan,0.0,1
0xb880,-nan,0.0,1
0xb900,-nan,0.0,1
0xb980,-nan,0.0,1
0xba00,-nan,0.0,1
0xba80,-nan,0.0,1
0xbb00,-nan,0.0,1
0xbb80,-nan,0.0,1
0xbc00,-nan,0.0,1
0xbc80,-nan,0.0,1
0xbd00,-nan,0.0,1
0xbd80,-nan,0.0,1
0xbe00,-nan,0.0,1
0xbe80,-nan,0.0,1
0xbf00,-nan,0.0,1
0xbf80,-nan,0.0,1
0xc000,-nan,0.0,1
0xc080,-nan,0.0,1
0xc100,-nan,0.0,1
0xc180,-nan,0.0,1
0xc200,-nan,0.0,1
0xc280,-nan,0.0,1
0xc300,-nan,0.0,1
0xc380,-nan,0.0,1
0xc400,-nan,0.0,1
0xc480,-nan,0.0,1
0xc500,-nan,0.0,1
0xc580,-nan,0.0,1
0xc600,-nan,0.0,1
0xc680,-nan,0.0,1
0xc700,-nan,0.0,1
0xc780,-nan,0.0,1
0xc800,-nan,0.0,1
0xc880,-nan,0.0,1
0xc900,-nan,0.0,1
0xc980,-nan,0.0,1
0xca00,-nan,0.0,1
0xca80,-nan,0.0,1
0xcb00,-nan,0.0,1
0xcb80,-nan,0.0,1
0xcc00,-nan,0.0,1
0xcc80,-nan,0.0,1
0xcd00,-nan,0.0,1
0xcd80,-nan,0.0,1
0xce00,-nan,0.0,1
0xce80,-nan,0.0,1
0xcf00,-nan,0.0,1
0xcf80,-nan,0.0,1
0xd000,-nan,0.0,1
0xd080,-nan,0.0,1
0xd100,-nan,0.0,1
0xd180,-nan,0.0,1
0xd200,-nan,0.0,1
0xd280,-nan,0.0,1
0xd300,-nan,0.0,1
0xd380,-nan,0.0,1
0xd400,-nan,0.0,1
0xd480,-nan,0.0,1
0xd500,-nan,0.0,1
0xd580,-nan,0.0,1
0xd600,-nan,0.0,1
0xd680,-nan,0.0,1
0xd700,-nan,0.0,1
0xd780,-nan,0.0,1
0xd800,-nan,0.0,1
0xd880,-nan,0.0,1
0xd900,-nan,0.0,1
0xd980,-nan,0.0,1
0xda00,-nan,0.0,1
0xda80,-nan,0.0,1
0xdb00,-nan,0.0,1
0xdb80,-nan,0.0,1
0xdc00,-nan,0.0,1
0xdc80,-nan,0.0,1
0xdd00,-nan,0.0,1
0xdd80,-nan,0.0,1
0xde00,-nan,0.0,1
0xde80,-nan,0.0,1
0xdf00,-nan,0.0,1
0xdf80,-nan,0.0,1
0xe000,-nan,0.0,1
0xe080,-nan,0.0,1
0xe100,-nan,0.0,1
0xe180,-nan,0.0,1
0xe200,-nan,0.0,1
0xe280,-nan,0.0,1
0xe300,-nan,0.0,1
0xe380,-nan,0.0,1
0xe400,-nan,0.0,1
0xe480,-nan,0.0,1
0xe500,-nan,0.0,1
0xe580,-nan,0.0,1
0xe600,-nan,0.0,1
0xe680,-nan,0.0,1
0xe700,-nan,0.0,1
0xe780,-nan,0.0,1
0xe800,-nan,0.0,1
0xe880,-nan,0.0,1
0xe900,-nan,0.0,1
0xe980,-nan,0.0,1
0xea00,-nan,0.0,1
0xea80,-nan,0.0,1
0xeb00,-nan,0.0,1
0xeb80,-nan,0.0,1
0xec00,-nan,0.0,1
0xec80,-nan,0.0,1
0xed00,-nan,0.0,1
0xed80,-nan,0.0,1
0xee00,-nan,0.0,1
0xee80,-nan,0.0,1
0xef00,-nan,0.0,1
0xef80,-nan,0.0,1
0xf000,-nan,0.0,1
0xf080,-nan,0.0,1
0xf100,-nan,0.0,1
0xf180,-nan,0.0,1
0xf200,-nan,0.0,1
0xf280,-nan,0.0,1
0xf300,-nan,0.0,1
0xf380,-nan,0.0,1
0xf400,-nan,0.0,1
0xf480,-nan,0.0,1
0xf500,-nan,0.0,1
0xf580,-nan,0.0,1
0xf600,-nan,0.0,1
0xf680,-nan,0.0,1
0xf700,-nan,0.0,1
0xf780,-nan,0.0,1
0xf800,-nan,0.0,1
0xf880,-nan,0.0,1
0xf900,-nan,0.0,1
0xf980,-nan,0.0,1
0xfa00,-nan,0.0,1
0xfa80,-nan,0.0,1
0xfb00,-nan,0.0,1
0xfb80,-nan,0.0,1
0xfc00,-nan,0.0,1
0xfc80,-nan,0.0,1
0xfd00,-nan,0.0,1
0xfd80,-nan,0.0,1
0xfe00,-nan,0.0,1
0xfe80,-nan,0.0,1
0xff00,-nan,0.0,1
0xff80,-nan,0.0,1
0x10000,-nan,0.0,1
0x10080,-nan,0.0,1
0x10100,-nan,0.0,1
0x10180,-nan,0.0,1
0x10200,-nan,0.0,1
0x10280,-nan,0.0,1
0x10300,-nan,0.0,1
0x10380,-nan,0.0,1
0x10400,-nan,0.0,1
0x10480,-nan,0.0,1
0x10500,-nan,0.0,1
0x10580,-nan,0.0,1
0x10600,-nan,0.0,1
0x10680,-nan,0.0,1
0x10700,-nan,0.0,1
0x10780,-nan,0.0,1
0x10800,-nan,0.0,1
0x10880,-nan,0.0,1
0x10900,-nan,0.0,1
0x10980,-nan,0.0,1
0x10a00,-nan,0.0,1
0x10a80,-nan,0.0,1
0x10b00,-nan,0.0,1
0x10b80,-nan,0.0,1
0x10c00,-nan,0.0,1
0x10c80,-nan,0.0,1
0x10d00,-nan,0.0,1
0x10d80,-nan,0.0,1
0x10e00,-nan,0.0,1
0x10e80,-nan,0.0,1
0x10f00,-nan,0.0,1
0x10f80,-nan,0.0,1
0x11000,-nan,0.0,1
0x11080,-nan,0.0,1
0x11100,-nan,0.0,1
0x11180,-nan,0.0,1
0x11200,-nan,0.0,1
0x11280,-nan,0.0,1
0x11300,-nan,0.0,1
0x11380,-nan,0.0,1
0x11400,-nan,0.0,1
0x11480,-nan,0.0,1
0x11500,-nan,0.0,1
0x11580,-nan,0.0,1
0x11600,-nan,0.0,1
0x11680,-nan,0.0,1
0x11700,-nan,0.0,1
0x11780,-nan,0.0,1
0x11800,-nan,0.0,1
0x11880,-nan,0.0,1
0x11900,-nan,0.0,1
0x11980,-nan,0.0,1
0x11a00,-nan,0.0,1
0x11a80,-nan,0.0,1
0x11b00,-nan,0.0,1
0x11b80,-nan,0.0,1
0x11c00,-nan,0.0,1
0x11c80,-nan,0.0,1
0x11d00,-nan,0.0,1
0x11d80,-nan,0.0,1
0x11e00,-nan,0.0,1
0x11e80,-nan,0.0,1
0x11f00,-nan,0.0,1
0x11f80,-nan,0.0,1
0x12000,-nan,0.0,1
0x12080,-nan,0.0,1
0x12100,-nan,0.0,1
0x12180,-nan,0.0,1
0x12200,-nan,0.0,1
0x12280,-nan,0.0,1
0x12300,-nan,0.0,1
0x12380,-nan,0.0,1
0x12400,-nan,0.0,1
0x12480,-nan,0.0,1
0x12500,-nan,0.0,1
0x12580,-nan,0.0,1
0x12600,-nan,0.0,1
0x12680,-nan,0.0,1
0x12700,-nan,0.0,1
0x12780,-nan,0.0,1
0x12800,-nan,0.0,1
0x12880,-nan,0.0,1
0x12900,-nan,0.0,1
0x12980,-nan,0.0,1
0x12a00,-nan,0.0,1
0x12a80,-nan,0.0,1
0x12b00,-nan,0.0,1
0x12b80,-nan,0.0,1
0x12c00,-nan,0.0,1
0x12c80,-nan,0.0,1
0x12d00,-nan,0.0,1
0x12d80,-nan,0.0,1
0x12e00,-nan,0.0,1
0x12e80,-nan,0.0,1
0x12f00,-nan,0.0,1
0x12f80,-nan,0.0,1
0x13000,-nan,0.0,1
0x13080,-nan,0.0,1
0x13100,-nan,0.0,1
0x13180,-nan,0.0,1
0x13200,-nan,0.0,1
0x13280,-nan,0.0,1
0x13300,-nan,0.0,1
0x13380,-nan,0.0,1
0x13400,-nan,0.0,1
0x13480,-nan,0.0,1
0x13500,-nan,0.0,1
0x13580,-nan,0.0,1
0x13600,-nan,0.0,1
0x13680,-nan,0.0,1
0x13700,-nan,0.0,1
0x13780,-nan,0.0,1
0x13800,-nan,0.0,1
0x13880,-nan,0.0,1
0x13900,-nan,0.0,1
0x13980,-nan,0.0,1
0x13a00,-nan,0.0,1
0x13a80,-nan,0.0,1
0x13b00,-nan,0.0,1
0x13b80,-nan,0.0,1
0x13c00,-nan,0.0,1
0x13c80,-nan,0.0,1
0x13d00,-nan,0.0,1
0x13d80,-nan,0.0,1
0x13e00,-nan,0.0,1
0x13e80,-nan,0.0,1
0x13f00,-nan,0.0,1
0x13f80,-nan,0.0,1
0x14000,-nan,0.0,1
0x14080,-nan,0.0,1
0x14100,-nan,0.0,1
0x14180,-nan,0.0,1
0x14200,-nan,0.0,1
0x14280,-nan,0.0,1
0x14300,-nan,0.0,1
0x14380,-nan,0.0,1
0x14400,-nan,0.0,1
0x14480,-nan,0.0,1
0x14500,-nan,0.0,1
0x14580,-nan,0.0,1
0x14600,-nan,0.0,1
0x14680,-nan,0.0,1
0x14700,-nan,0.0,1
0x14780,-nan,0.0,1
0x14800,-nan,0.0,1
0x14880,-nan,0.0,1
0x14900,-nan,0.0,1
0x14980,-nan,0.0,1
0x14a00,-nan,0.0,1
0x14a80,-nan,0.0,1
0x14b00,-nan,0.0,1
0x14b80,-nan,0.0,1
0x14c00,-nan,0.0,1
0x14c80,-nan,0.0,1
0x14d00,-nan,0.0,1
0x14d80,-nan,0.0,1
0x14e00,-nan,0.0,1
0x14e80,-nan,0.0,1
0x14f00,-nan,0.0,1
0x14f80,-nan,0.0,1
0x15000,-nan,0.0,1
0x15080,-nan,0.0,1
0x15100,-nan,0.0,1
0x15180,-nan,0.0,1
0x15200,-nan,0.0,1
0x15280,-nan,0.0,1
0x15300,-nan,0.0,1
0x15380,-nan,0.0,1
0x15400,-nan,0.0,1
0x15480,-nan,0.0,1
0x15500,-nan,0.0,1
0x15580,-nan,0.0,1
0x15600,-nan,0.0,1
0x15680,-nan,0.0,1
0x15700,-nan,0.0,1
0x15780,-nan,0.0,1
0x15800,-nan,0.0,1
0x15880,-nan,0.0,1
0x15900,-nan,0.0,1
0x15980,-nan,0.0,1
0x15a00,-nan,0.0,1
0x15a80,-nan,0.0,1
0x15b00,-nan,0.0,1
0x15b80,-nan,0.0,1
0x15c00,-nan,0.0,1
0x15c80,-nan,0.0,1
0x15d00,-nan,0.0,1
0x15d80,-nan,0.0,1
0x15e00,-nan,0.0,1
0x15e80,-nan,0.0,1
0x15f00,-nan,0.0,1
0x15f80,-nan,0.0,1
0x16000,-nan,0.0,1
0x16080,-nan,0.0,1
0x16100,-nan,0.0,1
0x16180,-nan,0.0,1
0x16200,-nan,0.0,1
0x16280,-nan,0.0,1
0x16300,-nan,0.0,1
0x16380,-nan,0.0,1
0x16400,-nan,0.0,1
0x16480,-nan,0.0,1
0x16500,-nan,0.0,1
0x16580,-nan,0.0,1
0x16600,-nan,0.0,1
0x16680,-nan,0.0,1
0x16700,-nan,0.0,1
0x16780,-nan,0.0,1
0x16800,-nan,0.0,1
0x16880,-nan,0.0,1
0x16900,-nan,0.0,1
0x16980,-nan,0.0,1
0x16a00,-nan,0.0,1
0x16a80,-nan,0.0,1
0x16b00,-nan,0.0,1
0x16b80,-nan,0.0,1
0x16c00,-nan,0.0,1
0x16c80,-nan,0.0,1
0x16d00,-nan,0.0,1
0x16d80,-nan,0.0,1
0x16e00,-nan,0.0,1
0x16e80,-nan,0.0,1
0x16f00,-nan,0.0,1
0x16f80,-nan,0.0,1
0x17000,-nan,0.0,1
0x17080,-nan,0.0,1
0x17100,-nan,0.0,1
0x17180,-nan,0.0,1
0x17200,-nan,0.0,1
0x17280,-nan,0.0,1
0x17300,-nan,0.0,1
0x17380,-nan,0.0,1
0x17400,-nan,0.0,1
0x17480,-nan,0.0,1
0x17500,-nan,0.0,1
0x17580,-nan,0.0,1
0x17600,-nan,0.0,1
0x17680,-nan,0.0,1
0x17700,-nan,0.0,1
0x17780,-nan,0.0,1
0x17800,-nan,0.0,1
0x17880,-nan,0.0,1
0x17900,-nan,0.0,1
0x17980,-nan,0.0,1
0x17a00,-nan,0.0,1
0x17a80,-nan,0.0,1
0x17b00,-nan,0.0,1
0x17b80,-nan,0.0,1
0x17c00,-nan,0.0,1
0x17c80,-nan,0.0,1
0x17d00,-nan,0.0,1
0x17d80,-nan,0.0,1
0x17e00,-nan,0.0,1
0x17e80,-nan,0.0,1
0x17f00,-nan,0.0,1
0x17f80,-nan,0.0,1
0x18000,-nan,0.0,1
0x18080,-nan,0.0,1
0x18100,-nan,0.0,1
0x18180,-nan,0.0,1
0x18200,-nan,0.0,1
0x18280,-nan,0.0,1
0x18300,-nan,0.0,1
0x18380,-nan,0.0,1
0x18400,-nan,0.0,1
0x18480,-nan,0.0,1
0x18500,-nan,0.0,1
0x18580,-nan,0.0,1
0x18600,-nan,0.0,1
0x18680,-nan,0.0,1
0x18700,-nan,0.0,1
0x18780,-nan,0.0,1
0x18800,-nan,0.0,1
0x18880,-nan,0.0,1
0x18900,-nan,0.0,1
0x18980,-nan,0.0,1
0x18a00,-nan,0.0,1
0x18a80,-nan,0.0,1
0x18b00,-nan,0.0,1
0x18b80,-nan,0.0,1
0x18c00,-nan,0.0,1
0x18c80,-nan,0.0,1
0x18d00,-nan,0.0,1
0x18d80,-nan,0.0,1
0x18e00,-nan,0.0,1
0x18e80,-nan,0.0,1
0x18f00,-nan,0.0,1
0x18f80,-nan,0.0,1
0x19000,-nan,0.0,1
0x19080,-nan,0.0,1
0x19100,-nan,0.0,1
0x19180,-nan,0.0,1
0x19200,-nan,0.0,1
0x19280,-nan,0.0,1
0x19300,-nan,0.0,1
0x19380,-nan,0.0,1
0x19400,-nan,0.0,1
0x19480,-nan,0.0,1
0x19500,-nan,0.0,1
0x19580,-nan,0.0,1
0x19600,-nan,0.0,1
0x19680,-nan,0.0,1
0x19700,-nan,0.0,1
0x19780,-nan,0.0,1
0x19800,-nan,0.0,1
0x19880,-nan,0.0,1
0x19900,-nan,0.0,1
0x19980,-nan,0.0,1
0x19a00,-nan,0.0,1
0x19a80,-nan,0.0,1
0x19b00,-nan,0.0,1
0x19b80,-nan,0.0,1
0x19c00,-nan,0.0,1
0x19c80,-nan,0.0,1
0x19d00,-nan,0.0,1
0x19d80,-nan,0.0,1
0x19e00,-nan,0.0,1
0x19e80,-nan,0.0,1
0x19f00,-nan,0.0,1
0x19f80,-nan,0.0,1
0x1a000,-nan,0.0,1
0x1a080,-nan,0.0,1
0x1a100,-nan,0.0,1
0x1a180,-nan,0.0,1
0x1a200,-nan,0.0,1
0x1a280,-nan,0.0,1
0x1a300,-nan,0.0,1
0x1a380,-nan,0.0,1
0x1a400,-nan,0.0,1
0x1a480,-nan,0.0,1
0x1a500,-nan,0.0,1
0x1a580,-nan,0.0,1
0x1a600,-nan,0.0,1
0x1a680,-nan,0.0,1
0x1a700,-nan,0.0,1
0x1a780,-nan,0.0,1
0x1a800,-nan,0.0,1
0x1a880,-nan,0.0,1
0x1a900,-nan,0.0,1
0x1a980,-nan,0.0,1
0x1aa00,-nan,0.0,1
0x1aa80,-nan,0.0,1
0x1ab00,-nan,0.0,1
0x1ab80,-nan,0.0,1
0x1ac00,-nan,0.0,1
0x1ac80,-nan,0.0,1
0x1ad00,-nan,0.0,1
0x1ad80,-nan,0.0,1
0x1ae00,-nan,0.0,1
0x1ae80,-nan,0.0,1
0x1af00,-nan,0.0,1
0x1af80,-nan,0.0,1
0x1b000,-nan,0.0,1
0x1b080,-nan,0.0,1
0x1b100,-nan,0.0,1
0x1b180,-nan,0.0,1
0x1b200,-nan,0.0,1
0x1b280,-nan,0.0,1
0x1b300,-nan,0.0,1
0x1b380,-nan,0.0,1
0x1b400,-nan,0.0,1
0x1b480,-nan,0.0,1
0x1b500,-nan,0.0,1
0x1b580,-nan,0.0,1
0x1b600,-nan,0.0,1
0x1b680,-nan,0.0,1
0x1b700,-nan,0.0,1
0x1b780,-nan,0.0,1
0x1b800,-nan,0.0,1
0x1b880,-nan,0.0,1
0x1b900,-nan,0.0,1
0x1b980,-nan,0.0,1
0x1ba00,-nan,0.0,1
0x1ba80,-nan,0.0,1
0x1bb00,-nan,0.0,1
0x1bb80,-nan,0.0,1
0x1bc00,-nan,0.0,1
0x1bc80,-nan,0.0,1
0x1bd00,-nan,0.0,1
0x1bd80,-nan,0.0,1
0x1be00,-nan,0.0,1
0x1be80,-nan,0.0,1
0x1bf00,-nan,0.0,1
0x1bf80,-nan,0.0,1
0x1c000,-nan,0.0,1
0x1c080,-nan,0.0,1
0x1c100,-nan,0.0,1
0x1c180,-nan,0.0,1
0x1c200,-nan,0.0,1
0x1c280,-nan,0.0,1
0x1c300,-nan,0.0,1
0x1c380,-nan,0.0,1
0x1c400,-nan,0.0,1
0x1c480,-nan,0.0,1
0x1c500,-nan,0.0,1
0x1c580,-nan,0.0,1
0x1c600,-nan,0.0,1
0x1c680,-nan,0.0,1
0x1c700,-nan,0.0,1
0x1c780,-nan,0.0,1
0x1c800,-nan,0.0,1
0x1c880,-nan,0.0,1
0x1c900,-nan,0.0,1
0x1c980,-nan,0.0,1
0x1ca00,-nan,0.0,1
0x1ca80,-nan,0.0,1
0x1cb00,-nan,0.0,1
0x1cb80,-nan,0.0,1
0x1cc00,-nan,0.0,1
0x1cc80,-nan,0.0,1
0x1cd00,-nan,0.0,1
0x1cd80,-nan,0.0,1
0x1ce00,-nan,0.0,1
0x1ce80,-nan,0.0,1
0x1cf00,-nan,0.0,1
0x1cf80,-nan,0.0,1
0x1d000,-nan,0.0,1
0x1d080,-nan,0.0,1
0x1d100,-nan,0.0,1
0x1d180,-nan,0.0,1
0x1d200,-nan,0.0,1
0x1d280,-nan,0.0,1
0x1d300,-nan,0.0,1
0x1d380,-nan,0.0,1
0x1d400,-nan,0.0,1
0x1d480,-nan,0.0,1
0x1d500,-nan,0.0,1
0x1d580,-nan,0.0,1
0x1d600,-nan,0.0,1
0x1d680,-nan,0.0,1
0x1d700,-nan,0.0,1
0x1d780,-nan,0.0,1
0x1d800,-nan,0.0,1
0x1d880,-nan,0.0,1
0x1d900,-nan,0.0,1
0x1d980,-nan,0.0,1
0x1da00,-nan,0.0,1
0x1da80,-nan,0.0,1
0x1db00,-nan,0.0,1
0x1db80,-nan,0.0,1
0x1dc00,-nan,0.0,1
0x1dc80,-nan,0.0,1
0x1dd00,-nan,0.0,1
0x1dd80,-nan,0.0,1
0x1de00,-nan,0.0,1
0x1de80,-nan,0.0,1
0x1df00,-nan,0.0,1
0x1df80,-nan,0.0,1
0x1e000,-nan,0.0,1
0x1e080,-nan,0.0,1
0x1e100,-nan,0.0,1
0x1e180,-nan,0.0,1
0x1e200,-nan,0.0,1
0x1e280,-nan,0.0,1
0x1e300,-nan,0.0,1
0x1e380,-nan,0.0,1
0x1e400,-nan,0.0,1
0x1e480,-nan,0.0,1
0x1e500,-nan,0.0,1
0x1e580,-nan,0.0,1
0x1e600,-nan,0.0,1
0x1e680,-nan,0.0,1
0x1e700,-nan,0.0,1
0x1e780,-nan,0.0,1
0x1e800,-nan,0.0,1
0x1e880,-nan,0.0,1
0x1e900,-nan,0.0,1
0x1e980,-nan,0.0,1
0x1ea00,-nan,0.0,1
0x1ea80,-nan,0.0,1
0x1eb00,-nan,0.0,1
0x1eb80,-nan,0.0,1
0x1ec00,-nan,0.0,1
0x1ec80,-nan,0.0,1
0x1ed00,-nan,0.0,1
0x1ed80,-nan,0.0,1
0x1ee00,-nan,0.0,1
0x1ee80,-nan,0.0,1
0x1ef00,-nan,0.0,1
0x1ef80,-nan,0.0,1
0x1f000,-nan,0.0,1
0x1f080,-nan,0.0,1
0x1f100,-nan,0.0,1
0x1f180,-nan,0.0,1
0x1f200,-nan,0.0,1
0x1f280,-nan,0.0,1
0x1f300,-nan,0.0,1
0x1f380,-nan,0.0,1
0x1f400,-nan,0.0,1
0x1f480,-nan,0.0,1
0x1f500,-nan,0.0,1
0x1f580,-nan,0.0,1
0x1f600,-nan,0.0,1
0x1f680,-nan,0.0,1
0x1f700,-nan,0.0,1
0x1f780,-nan,0.0,1
0x1f800,-nan,0.0,1
0x1f880,-nan,0.0,1
0x1f900,-nan,0.0,1
0x1f980,-nan,0.0,1
0x1fa00,-nan,0.0,1
0x1fa80,-nan,0.0,1
0x1fb00,-nan,0.0,1
0x1fb80,-nan,0.0,1
0x1fc00,-nan,0.0,1
0x1fc80,-nan,0.0,1
0x1fd00,-nan,0.0,1
0x1fd80,-nan,0.0,1
0x1fe00,-nan,0.0,1
0x1fe80,-nan,0.0,1
0x1ff00,-nan,0.0,1
0x1ff80,-nan,0.0,1
0x20000,-nan,0.0,1
0x20080,-nan,0.0,1
0x20100,-nan,0.0,1
0x20180,-nan,0.0,1
0x20200,-nan,0.0,1
0x20280,-nan,0.0,1
0x20300,-nan,0.0,1
0x20380,-nan,0.0,1
0x20400,-nan,0.0,1
0x20480,-nan,0.0,1
0x20500,-nan,0.0,1
0x20580,-nan,0.0,1
0x20600,-nan,0.0,1
0x20680,-nan,0.0,1
0x20700,-nan,0.0,1
0x20780,-nan,0.0,1
0x20800,-nan,0.0,1
0x20880,-nan,0.0,1
0x20900,-nan,0.0,1
0x20980,-nan,0.0,1
0x20a00,-nan,0.0,1
0x20a80,-nan,0.0,1
0x20b00,-nan,0.0,1
0x20b80,-nan,0.0,1
0x20c00,-nan,0.0,1
0x20c80,-nan,0.0,1
0x20d00,-nan,0.0,1
0x20d80,-nan,0.0,1
0x20e00,-nan,0.0,1
0x20e80,-nan,0.0,1
0x20f00,-nan,0.0,1
0x20f80,-nan,0.0,1
0x21000,-nan,0.0,1
0x21080,-nan,0.0,1
0x21100,-nan,0.0,1
0x21180,-nan,0.0,1
0x21200,-nan,0.0,1
0x21280,-nan,0.0,1
0x21300,-nan,0.0,1
0x21380,-nan,0.0,1
0x21400,-nan,0.0,1
0x21480,-nan,0.0,1
0x21500,-nan,0.0,1
0x21580,-nan,0.0,1
0x21600,-nan,0.0,1
0x21680,-nan,0.0,1
0x21700,-nan,0.0,1
0x21780,-nan,0.0,1
0x21800,-nan,0.0,1
0x21880,-nan,0.0,1
0x21900,-nan,0.0,1
0x21980,-nan,0.0,1
0x21a00,-nan,0.0,1
0x21a80,-nan,0.0,1
0x21b00,-nan,0.0,1
0x21b80,-nan,0.0,1
0x21c00,-nan,0.0,1
0x21c80,-nan,0.0,1
0x21d00,-nan,0.0,1
0x21d80,-nan,0.0,1
0x21e00,-nan,0.0,1
0x21e80,-nan,0.0,1
0x21f00,-nan,0.0,1
0x21f80,-nan,0.0,1
0x22000,-nan,0.0,1
0x22080,-nan,0.0,1
0x22100,-nan,0.0,1
0x22180,-nan,0.0,1
0x22200,-nan,0.0,1
0x22280,-nan,0.0,1
0x22300,-nan,0.0,1
0x22380,-nan,0.0,1
0x22400,-nan,0.0,1
0x22480,-nan,0.0,1
0x22500,-nan,0.0,1
0x22580,-nan,0.0,1
0x22600,-nan,0.0,1
0x22680,-nan,0.0,1
0x22700,-nan,0.0,1
0x22780,-nan,0.0,1
0x22800,-nan,0.0,1
0x22880,-nan,0.0,1
0x22900,-nan,0.0,1
0x22980,-nan,0.0,1
0x22a00,-nan,0.0,1
0x22a80,-nan,0.0,1
0x22b00,-nan,0.0,1
0x22b80,-nan,0.0,1
0x22c00,-nan,0.0,1
0x22c80,-nan,0.0,1
0x22d00,-nan,0.0,1
0x22d80,-nan,0.0,1
0x22e00,-nan,0.0,1
0x22e80,-nan,0.0,1
0x22f00,-nan,0.0,1
0x22f80,-nan,0.0,1
0x23000,-nan,0.0,1
0x23080,-nan,0.0,1
0x23100,-nan,0.0,1
0x23180,-nan,0.0,1
0x23200,-nan,0.0,1
0x23280,-nan,0.0,1
0x23300,-nan,0.0,1
0x23380,-nan,0.0,1
0x23400,-nan,0.0,1
0x23480,-nan,0.0,1
0x23500,-nan,0.0,1
0x23580,-nan,0.0,1
0x23600,-nan,0.0,1
0x23680,-nan,0.0,1
0x23700,-nan,0.0,1
0x23780,-nan,0.0,1
0x23800,-nan,0.0,1
0x23880,-nan,0.0,1
0x23900,-nan,0.0,1
0x23980,-nan,0.0,1
0x23a00,-nan,0.0,1
0x23a80,-nan,0.0,1
0x23b00,-nan,0.0,1
0x23b80,-nan,0.0,1
0x23c00,-nan,0.0,1
0x23c80,-nan,0.0,1
0x23d00,-nan,0.0,1
0x23d80,-nan,0.0,1
0x23e00,-nan,0.0,1
0x23e80,-nan,0.0,1
0x23f00,-nan,0.0,1
0x23f80,-nan,0.0,1
0x24000,-nan,0.0,1
0x24080,-nan,0.0,1
0x24100,-nan,0.0,1
0x24180,-nan,0.0,1
0x24200,-nan,0.0,1
0x24280,-nan,0.0,1
0x24300,-nan,0.0,1
0x24380,-nan,0.0,1
0x24400,-nan,0.0,1
0x24480,-nan,0.0,1
0x24500,-nan,0.0,1
0x24580,-nan,0.0,1
0x24600,-nan,0.0,1
0x24680,-nan,0.0,1
0x24700,-nan,0.0,1
0x24780,-nan,0.0,1
0x24800,-nan,0.0,1
0x24880,-nan,0.0,1
0x24900,-nan,0.0,1
0x24980,-nan,0.0,1
0x24a00,-nan,0.0,1
0x24a80,-nan,0.0,1
0x24b00,-nan,0.0,1
0x24b80,-nan,0.0,1
0x24c00,-nan,0.0,1
0x24c80,-nan,0.0,1
0x24d00,-nan,0.0,1
0x24d80,-nan,0.0,1
0x24e00,-nan,0.0,1
0x24e80,-nan,0.0,1
0x24f00,-nan,0.0,1
0x24f80,-nan,0.0,1
0x25000,-nan,0.0,1
0x25080,-nan,0.0,1
0x25100,-nan,0.0,1
0x25180,-nan,0.0,1
0x25200,-nan,0.0,1
0x25280,-nan,0.0,1
0x25300,-nan,0.0,1
0x25380,-nan,0.0,1
0x25400,-nan,0.0,1
0x25480,-nan,0.0,1
0x25500,-nan,0.0,1
0x25580,-nan,0.0,1
0x25600,-nan,0.0,1
0x25680,-nan,0.0,1
0x25700,-nan,0.0,1
0x25780,-nan,0.0,1
0x25800,-nan,0.0,1
0x25880,-nan,0.0,1
0x25900,-nan,0.0,1
0x25980,-nan,0.0,1
0x25a00,-nan,0.0,1
0x25a80,-nan,0.0,1
0x25b00,-nan,0.0,1
0x25b80,-nan,0.0,1
0x25c00,-nan,0.0,1
0x25c80,-nan,0.0,1
0x25d00,-nan,0.0,1
0x25d80,-nan,0.0,1
0x25e00,-nan,0.0,1
0x25e80,-nan,0.0,1
0x25f00,-nan,0.0,1
0x25f80,-nan,0.0,1
0x26000,-nan,0.0,1
0x26080,-nan,0.0,1
0x26100,-nan,0.0,1
0x26180,-nan,0.0,1
0x26200,-nan,0.0,1
0x26280,-nan,0.0,1
0x26300,-nan,0.0,1
0x26380,-nan,0.0,1
0x26400,-nan,0.0,1
0x26480,-nan,0.0,1
0x26500,-nan,0.0,1
0x26580,-nan,0.0,1
0x26600,-nan,0.0,1
0x26680,-nan,0.0,1
0x26700,-nan,0.0,1
0x26780,-nan,0.0,1
0x26800,-nan,0.0,1
0x26880,-nan,0.0,1
0x26900,-nan,0.0,1
0x26980,-nan,0.0,1
0x26a00,-nan,0.0,1
0x26a80,-nan,0.0,1
0x26b00,-nan,0.0,1
0x26b80,-nan,0.0,1
0x26c00,-nan,0.0,1
0x26c80,-nan,0.0,1
0x26d00,-nan,0.0,1
0x26d80,-nan,0.0,1
0x26e00,-nan,0.0,1
0x26e80,-nan,0.0,1
0x26f00,-nan,0.0,1
0x26f80,-nan,0.0,1
0x27000,-nan,0.0,1
0x27080,-nan,0.0,1
0x27100,-nan,0.0,1
0x27180,-nan,0.0,1
0x27200,-nan,0.0,1
0x27280,-nan,0.0,1
0x27300,-nan,0.0,1
0x27380,-nan,0.0,1
0x27400,-nan,0.0,1
0x27480,-nan,0.0,1
0x27500,-nan,0.0,1
0x27580,-nan,0.0,1
0x27600,-nan,0.0,1
0x27680,-nan,0.0,1
0x27700,-nan,0.0,1
0x27780,-nan,0.0,1
0x27800,-nan,0.0,1
0x27880,-nan,0.0,1
0x27900,-nan,0.0,1
0x27980,-nan,0.0,1
0x27a00,-nan,0.0,1
0x27a80,-nan,0.0,1
0x27b00,-nan,0.0,1
0x27b80,-nan,0.0,1
0x27c00,-nan,0.0,1
0x27c80,-nan,0.0,1
0x27d00,-nan,0.0,1
0x27d80,-nan,0.0,1
0x27e00,-nan,0.0,1
0x27e80,-nan,0.0,1
0x27f00,-nan,0.0,1
0x27f80,-nan,0.0,1
0x28000,-nan,0.0,1
0x28080,-nan,0.0,1
0x28100,-nan,0.0,1
0x28180,-nan,0.0,1
0x28200,-nan,0.0,1
0x28280,-nan,0.0,1
0x28300,-nan,0.0,1
0x28380,-nan,0.0,1
0x28400,-nan,0.0,1
0x28480,-nan,0.0,1
0x28500,-nan,0.0,1
0x28580,-nan,0.0,1
0x28600,-nan,0.0,1
0x28680,-nan,0.0,1
0x28700,-nan,0.0,1
0x28780,-nan,0.0,1
0x28800,-nan,0.0,1
0x28880,-nan,0.0,1
0x28900,-nan,0.0,1
0x28980,-nan,0.0,1
0x28a00,-nan,0.0,1
0x28a80,-nan,0.0,1
0x28b00,-nan,0.0,1
0x28b80,-nan,0.0,1
0x28c00,-nan,0.0,1
0x28c80,-nan,0.0,1
0x28d00,-nan,0.0,1
0x28d80,-nan,0.0,1
0x28e00,-nan,0.0,1
0x28e80,-nan,0.0,1
0x28f00,-nan,0.0,1
0x28f80,-nan,0.0,1
0x29000,-nan,0.0,1
0x29080,-nan,0.0,1
0x29100,-nan,0.0,1
0x29180,-nan,0.0,1
0x29200,-nan,0.0,1
0x29280,-nan,0.0,1
0x29300,-nan,0.0,1
0x29380,-nan,0.0,1
0x29400,-nan,0.0,1
0x29480,-nan,0.0,1
0x29500,-nan,0.0,1
0x29580,-nan,0.0,1
0x29600,-nan,0.0,1
0x29680,-nan,0.0,1
0x29700,-nan,0.0,1
0x29780,-nan,0.0,1
0x29800,-nan,0.0,1
0x29880,-nan,0.0,1
0x29900,-nan,0.0,1
0x29980,-nan,0.0,1
0x29a00,-nan,0.0,1
0x29a80,-nan,0.0,1
0x29b00,-nan,0.0,1
0x29b80,-nan,0.0,1
0x29c00,-nan,0.0,1
0x29c80,-nan,0.0,1
0x29d00,-nan,0.0,1
0x29d80,-nan,0.0,1
0x29e00,-nan,0.0,1
0x29e80,-nan,0.0,1
0x29f00,-nan,0.0,1
0x29f80,-nan,0.0,1
0x2a000,-nan,0.0,1
0x2a080,-nan,0.0,1
0x2a100,-nan,0.0,1
0x2a180,-nan,0.0,1
0x2a200,-nan,0.0,1
0x2a280,-nan,0.0,1
0x2a300,-nan,0.0,1
0x2a380,-nan,0.0,1
0x2a400,-nan,0.0,1
0x2a480,-nan,0.0,1
0x2a500,-nan,0.0,1
0x2a580,-nan,0.0,1
0x2a600,-nan,0.0,1
0x2a680,-nan,0.0,1
0x2a700,-nan,0.0,1
0x2a780,-nan,0.0,1
0x2a800,-nan,0.0,1
0x2a880,-nan,0.0,1
0x2a900,-nan,0.0,1
0x2a980,-nan,0.0,1
0x2aa00,-nan,0.0,1
0x2aa80,-nan,0.0,1
0x2ab00,-nan,0.0,1
0x2ab80,-nan,0.0,1
0x2ac00,-nan,0.0,1
0x2ac80,-nan,0.0,1
0x2ad00,-nan,0.0,1
0x2ad80,-nan,0.0,1
0x2ae00,-nan,0.0,1
0x2ae80,-nan,0.0,1
0x2af00,-nan,0.0,1
0x2af80,-nan,0.0,1
0x2b000,-nan,0.0,1
0x2b080,-nan,0.0,1
0x2b100,-nan,0.0,1
0x2b180,-nan,0.0,1
0x2b200,-nan,0.0,1
0x2b280,-nan,0.0,1
0x2b300,-nan,0.0,1
0x2b380,-nan,0.0,1
0x2b400,-nan,0.0,1
0x2b480,-nan,0.0,1
0x2b500,-nan,0.0,1
0x2b580,-nan,0.0,1
0x2b600,-nan,0.0,1
0x2b680,-nan,0.0,1
0x2b700,-nan,0.0,1
0x2b780,-nan,0.0,1
0x2b800,-nan,0.0,1
0x2b880,-nan,0.0,1
0x2b900,-nan,0.0,1
0x2b980,-nan,0.0,1
0x2ba00,-nan,0.0,1
0x2ba80,-nan,0.0,1
0x2bb00,-nan,0.0,1
0x2bb80,-nan,0.0,1
0x2bc00,-nan,0.0,1
0x2bc80,-nan,0.0,1
0x2bd00,-nan,0.0,1
0x2bd80,-nan,0.0,1
0x2be00,-nan,0.0,1
0x2be80,-nan,0.0,1
0x2bf00,-nan,0.0,1
0x2bf80,-nan,0.0,1
0x2c000,-nan,0.0,1
0x2c080,-nan,0.0,1
0x2c100,-nan,0.0,1
0x2c180,-nan,0.0,1
0x2c200,-nan,0.0,1
0x2c280,-nan,0.0,1
0x2c300,-nan,0.0,1
0x2c380,-nan,0.0,1
0x2c400,-nan,0.0,1
0x2c480,-nan,0.0,1
0x2c500,-nan,0.0,1
0x2c580,-nan,0.0,1
0x2c600,-nan,0.0,1
0x2c680,-nan,0.0,1
0x2c700,-nan,0.0,1
0x2c780,-nan,0.0,1
0x2c800,-nan,0.0,1
0x2c880,-nan,0.0,1
0x2c900,-nan,0.0,1
0x2c980,-nan,0.0,1
0x2ca00,-nan,0.0,1
0x2ca80,-nan,0.0,1
0x2cb00,-nan,0.0,1
0x2cb80,-nan,0.0,1
0x2cc00,-nan,0.0,1
0x2cc80,-nan,0.0,1
0x2cd00,-nan,0.0,1
0x2cd80,-nan,0.0,1
0x2ce00,-nan,0.0,1
0x2ce80,-nan,0.0,1
0x2cf00,-nan,0.0,1
0x2cf80,-nan,0.0,1
0x2d000,-nan,0.0,1
0x2d080,-nan,0.0,1
0x2d100,-nan,0.0,1
0x2d180,-nan,0.0,1
0x2d200,-nan,0.0,1
0x2d280,-nan,0.0,1
0x2d300,-nan,0.0,1
0x2d380,-nan,0.0,1
0x2d400,-nan,0.0,1
0x2d480,-nan,0.0,1
0x2d500,-nan,0.0,1
0x2d580,-nan,0.0,1
0x2d600,-nan,0.0,1
0x2d680,-nan,0.0,1
0x2d700,-nan,0.0,1
0x2d780,-nan,0.0,1
0x2d800,-nan,0.0,1
0x2d880,-nan,0.0,1
0x2d900,-nan,0.0,1
0x2d980,-nan,0.0,1
0x2da00,-nan,0.0,1
0x2da80,-nan,0.0,1
0x2db00,-nan,0.0,1
0x2db80,-nan,0.0,1
0x2dc00,-nan,0.0,1
0x2dc80,-nan,0.0,1
0x2dd00,-nan,0.0,1
0x2dd80,-nan,0.0,1
0x2de00,-nan,0.0,1
0x2de80,-nan,0.0,1
0x2df00,-nan,0.0,1
0x2df80,-nan,0.0,1
0x2e000,-nan,0.0,1
0x2e080,-nan,0.0,1
0x2e100,-nan,0.0,1
0x2e180,-nan,0.0,1
0x2e200,-nan,0.0,1
0x2e280,-nan,0.0,1
0x2e300,-nan,0.0,1
0x2e380,-nan,0.0,1
0x2e400,-nan,0.0,1
0x2e480,-nan,0.0,1
0x2e500,-nan,0.0,1
0x2e580,-nan,0.0,1
0x2e600,-nan,0.0,1
0x2e680,-nan,0.0,1
0x2e700,-nan,0.0,1
0x2e780,-nan,0.0,1
0x2e800,-nan,0.0,1
0x2e880,-nan,0.0,1
0x2e900,-nan,0.0,1
0x2e980,-nan,0.0,1
0x2ea00,-nan,0.0,1
0x2ea80,-nan,0.0,1
0x2eb00,-nan,0.0,1
0x2eb80,-nan,0.0,1
0x2ec00,-nan,0.0,1
0x2ec80,-nan,0.0,1
0x2ed00,-nan,0.0,1
0x2ed80,-nan,0.0,1
0x2ee00,-nan,0.0,1
0x2ee80,-nan,0.0,1
0x2ef00,-nan,0.0,1
0x2ef80,-nan,0.0,1
0x2f000,-nan,0.0,1
0x2f080,-nan,0.0,1
0x2f100,-nan,0.0,1
0x2f180,-nan,0.0,1
0x2f200,-nan,0.0,1
0x2f280,-nan,0.0,1
0x2f300,-nan,0.0,1
0x2f380,-nan,0.0,1
0x2f400,-nan,0.0,1
0x2f480,-nan,0.0,1
0x2f500,-nan,0.0,1
0x2f580,-nan,0.0,1
0x2f600,-nan,0.0,1
0x2f680,-nan,0.0,1
0x2f700,-nan,0.0,1
0x2f780,-nan,0.0,1
0x2f800,-nan,0.0,1
0x2f880,-nan,0.0,1
0x2f900,-nan,0.0,1
0x2f980,-nan,0.0,1
0x2fa00,-nan,0.0,1
0x2fa80,-nan,0.0,1
0x2fb00,-nan,0.0,1
0x2fb80,-nan,0.0,1
0x2fc00,-nan,0.0,1
0x2fc80,-nan,0.0,1
0x2fd00,-nan,0.0,1
0x2fd80,-nan,0.0,1
0x2fe00,-nan,0.0,1
0x2fe80,-nan,0.0,1
0x2ff00,-nan,0.0,1
0x2ff80,-nan,0.0,1
0x30000,-nan,0.0,1
0x30080,-nan,0.0,1
0x30100,-nan,0.0,1
0x30180,-nan,0.0,1
0x30200,-nan,0.0,1
0x30280,-nan,0.0,1
0x30300,-nan,0.0,1
0x30380,-nan,0.0,1
0x30400,-nan,0.0,1
0x30480,-nan,0.0,1
0x30500,-nan,0.0,1
0x30580,-nan,0.0,1
0x30600,-nan,0.0,1
0x30680,-nan,0.0,1
0x30700,-nan,0.0,1
0x30780,-nan,0.0,1
0x30800,-nan,0.0,1
0x30880,-nan,0.0,1
0x30900,-nan,0.0,1
0x30980,-nan,0.0,1
0x30a00,-nan,0.0,1
0x30a80,-nan,0.0,1
0x30b00,-nan,0.0,1
0x30b80,-nan,0.0,1
0x30c00,-nan,0.0,1
0x30c80,-nan,0.0,1
0x30d00,-nan,0.0,1
0x30d80,-nan,0.0,1
0x30e00,-nan,0.0,1
0x30e80,-nan,0.0,1
0x30f00,-nan,0.0,1
0x30f80,-nan,0.0,1
0x31000,-nan,0.0,1
0x31080,-nan,0.0,1
0x31100,-nan,0.0,1
0x31180,-nan,0.0,1
0x31200,-nan,0.0,1
0x31280,-nan,0.0,1
0x31300,-nan,0.0,1
0x31380,-nan,0.0,1
0x31400,-nan,0.0,1
0x31480,-nan,0.0,1
0x31500,-nan,0.0,1
0x31580,-nan,0.0,1
0x31600,-nan,0.0,1
0x31680,-nan,0.0,1
0x31700,-nan,0.0,1
0x31780,-nan,0.0,1
0x31800,-nan,0.0,1
0x31880,-nan,0.0,1
0x31900,-nan,0.0,1
0x31980,-nan,0.0,1
0x31a00,-nan,0.0,1
0x31a80,-nan,0.0,1
0x31b00,-nan,0.0,1
0x31b80,-nan,0.0,1
0x31c00,-nan,0.0,1
0x31c80,-nan,0.0,1
0x31d00,-nan,0.0,1
0x31d80,-nan,0.0,1
0x31e00,-nan,0.0,1
0x31e80,-nan,0.0,1
0x31f00,-nan,0.0,1
0x31f80,-nan,0.0,1
0x32000,-nan,0.0,1
0x32080,-nan,0.0,1
0x32100,-nan,0.0,1
0x32180,-nan,0.0,1
0x32200,-nan,0.0,1
0x32280,-nan,0.0,1
0x32300,-nan,0.0,1
0x32380,-nan,0.0,1
0x32400,-nan,0.0,1
0x32480,-nan,0.0,1
0x32500,-nan,0.0,1
0x32580,-nan,0.0,1
0x32600,-nan,0.0,1
0x32680,-nan,0.0,1
0x32700,-nan,0.0,1
0x32780,-nan,0.0,1
0x32800,-nan,0.0,1
0x32880,-nan,0.0,1
0x32900,-nan,0.0,1
0x32980,-nan,0.0,1
0x32a00,-nan,0.0,1
0x32a80,-nan,0.0,1
0x32b00,-nan,0.0,1
0x32b80,-nan,0.0,1
0x32c00,-nan,0.0,1
0x32c80,-nan,0.0,1
0x32d00,-nan,0.0,1
0x32d80,-nan,0.0,1
0x32e00,-nan,0.0,1
0x32e80,-nan,0.0,1
0x32f00,-nan,0.0,1
0x32f80,-nan,0.0,1
0x33000,-nan,0.0,1
0x33080,-nan,0.0,1
0x33100,-nan,0.0,1
0x33180,-nan,0.0,1
0x33200,-nan,0.0,1
0x33280,-nan,0.0,1
0x33300,-nan,0.0,1
0x33380,-nan,0.0,1
0x33400,-nan,0.0,1
0x33480,-nan,0.0,1
0x33500,-nan,0.0,1
0x33580,-nan,0.0,1
0x33600,-nan,0.0,1
0x33680,-nan,0.0,1
0x33700,-nan,0.0,1
0x33780,-nan,0.0,1
0x33800,-nan,0.0,1
0x33880,-nan,0.0,1
0x33900,-nan,0.0,1
0x33980,-nan,0.0,1
0x33a00,-nan,0.0,1
0x33a80,-nan,0.0,1
0x33b00,-nan,0.0,1
0x33b80,-nan,0.0,1
0x33c00,-nan,0.0,1
0x33c80,-nan,0.0,1
0x33d00,-nan,0.0,1
0x33d80,-nan,0.0,1
0x33e00,-nan,0.0,1
0x33e80,-nan,0.0,1
0x33f00,-nan,0.0,1
0x33f80,-nan,0.0,1
0x34000,-nan,0.0,1
0x34080,-nan,0.0,1
0x34100,-nan,0.0,1
0x34180,-nan,0.0,1
0x34200,-nan,0.0,1
0x34280,-nan,0.0,1
0x34300,-nan,0.0,1
0x34380,-nan,0.0,1
0x34400,-nan,0.0,1
0x34480,-nan,0.0,1
0x34500,-nan,0.0,1
0x34580,-nan,0.0,1
0x34600,-nan,0.0,1
0x34680,-nan,0.0,1
0x34700,-nan,0.0,1
0x34780,-nan,0.0,1
0x34800,-nan,0.0,1
0x34880,-nan,0.0,1
0x34900,-nan,0.0,1
0x34980,-nan,0.0,1
0x34a00,-nan,0.0,1
0x34a80,-nan,0.0,1
0x34b00,-nan,0.0,1
0x34b80,-nan,0.0,1
0x34c00,-nan,0.0,1
0x34c80,-nan,0.0,1
0x34d00,-nan,0.0,1
0x34d80,-nan,0.0,1
0x34e00,-nan,0.0,1
0x34e80,-nan,0.0,1
0x34f00,-nan,0.0,1
0x34f80,-nan,0.0,1
0x35000,-nan,0.0,1
0x35080,-nan,0.0,1
0x35100,-nan,0.0,1
0x35180,-nan,0.0,1
0x35200,-nan,0.0,1
0x35280,-nan,0.0,1
0x35300,-nan,0.0,1
0x35380,-nan,0.0,1
0x35400,-nan,0.0,1
0x35480,-nan,0.0,1
0x35500,-nan,0.0,1
0x35580,-nan,0.0,1
0x35600,-nan,0.0,1
0x35680,-nan,0.0,1
0x35700,-nan,0.0,1
0x35780,-nan,0.0,1
0x35800,-nan,0.0,1
0x35880,-nan,0.0,1
0x35900,-nan,0.0,1
0x35980,-nan,0.0,1
0x35a00,-nan,0.0,1
0x35a80,-nan,0.0,1
0x35b00,-nan,0.0,1
0x35b80,-nan,0.0,1
0x35c00,-nan,0.0,1
0x35c80,-nan,0.0,1
0x35d00,-nan,0.0,1
0x35d80,-nan,0.0,1
0x35e00,-nan,0.0,1
0x35e80,-nan,0.0,1
0x35f00,-nan,0.0,1
0x35f80,-nan,0.0,1
0x36000,-nan,0.0,1
0x36080,-nan,0.0,1
0x36100,-nan,0.0,1
0x36180,-nan,0.0,1
0x36200,-nan,0.0,1
0x36280,-nan,0.0,1
0x36300,-nan,0.0,1
0x36380,-nan,0.0,1
0x36400,-nan,0.0,1
0x36480,-nan,0.0,1
0x36500,-nan,0.0,1
0x36580,-nan,0.0,1
0x36600,-nan,0.0,1
0x36680,-nan,0.0,1
0x36700,-nan,0.0,1
0x36780,-nan,0.0,1
0x36800,-nan,0.0,1
0x36880,-nan,0.0,1
0x36900,-nan,0.0,1
0x36980,-nan,0.0,1
0x36a00,-nan,0.0,1
0x36a80,-nan,0.0,1
0x36b00,-nan,0.0,1
0x36b80,-nan,0.0,1
0x36c00,-nan,0.0,1
0x36c80,-nan,0.0,1
0x36d00,-nan,0.0,1
0x36d80,-nan,0.0,1
0x36e00,-nan,0.0,1
0x36e80,-nan,0.0,1
0x36f00,-nan,0.0,1
0x36f80,-nan,0.0,1
0x37000,-nan,0.0,1
0x37080,-nan,0.0,1
0x37100,-nan,0.0,1
0x37180,-nan,0.0,1
0x37200,-nan,0.0,1
0x37280,-nan,0.0,1
0x37300,-nan,0.0,1
0x37380,-nan,0.0,1
0x37400,-nan,0.0,1
0x37480,-nan,0.0,1
0x37500,-nan,0.0,1
0x37580,-nan,0.0,1
0x37600,-nan,0.0,1
0x37680,-nan,0.0,1
0x37700,-nan,0.0,1
0x37780,-nan,0.0,1
0x37800,-nan,0.0,1
0x37880,-nan,0.0,1
0x37900,-nan,0.0,1
0x37980,-nan,0.0,1
0x37a00,-nan,0.0,1
0x37a80,-nan,0.0,1
0x37b00,-nan,0.0,1
0x37b80,-nan,0.0,1
0x37c00,-nan,0.0,1
0x37c80,-nan,0.0,1
0x37d00,-nan,0.0,1
0x37d80,-nan,0.0,1
0x37e00,-nan,0.0,1
0x37e80,-nan,0.0,1
0x37f00,-nan,0.0,1
0x37f80,-nan,0.0,1
0x38000,-nan,0.0,1
0x38080,-nan,0.0,1
0x38100,-nan,0.0,1
0x38180,-nan,0.0,1
0x38200,-nan,0.0,1
0x38280,-nan,0.0,1
0x38300,-nan,0.0,1
0x38380,-nan,0.0,1
0x38400,-nan,0.0,1
0x38480,-nan,0.0,1
0x38500,-nan,0.0,1
0x38580,-nan,0.0,1
0x38600,-nan,0.0,1
0x38680,-nan,0.0,1
0x38700,-nan,0.0,1
0x38780,-nan,0.0,1
0x38800,-nan,0.0,1
0x38880,-nan,0.0,1
0x38900,-nan,0.0,1
0x38980,-nan,0.0,1
0x38a00,-nan,0.0,1
0x38a80,-nan,0.0,1
0x38b00,-nan,0.0,1
0x38b80,-nan,0.0,1
0x38c00,-nan,0.0,1
0x38c80,-nan,0.0,1
0x38d00,-nan,0.0,1
0x38d80,-nan,0.0,1
0x38e00,-nan,0.0,1
0x38e80,-nan,0.0,1
0x38f00,-nan,0.0,1
0x38f80,-nan,0.0,1
0x39000,-nan,0.0,1
0x39080,-nan,0.0,1
0x39100,-nan,0.0,1
0x39180,-nan,0.0,1
0x39200,-nan,0.0,1
0x39280,-nan,0.0,1
0x39300,-nan,0.0,1
0x39380,-nan,0.0,1
0x39400,-nan,0.0,1
0x39480,-nan,0.0,1
0x39500,-nan,0.0,1
0x39580,-nan,0.0,1
0x39600,-nan,0.0,1
0x39680,-nan,0.0,1
0x39700,-nan,0.0,1
0x39780,-nan,0.0,1
0x39800,-nan,0.0,1
0x39880,-nan,0.0,1
0x39900,-nan,0.0,1
0x39980,-nan,0.0,1
0x39a00,-nan,0.0,1
0x39a80,-nan,0.0,1
0x39b00,-nan,0.0,1
0x39b80,-nan,0.0,1
0x39c00,-nan,0.0,1
0x39c80,-nan,0.0,1
0x39d00,-nan,0.0,1
0x39d80,-nan,0.0,1
0x39e00,-nan,0.0,1
0x39e80,-nan,0.0,1
0x39f00,-nan,0.0,1
0x39f80,-nan,0.0,1
0x3a000,-nan,0.0,1
0x3a080,-nan,0.0,1
0x3a100,-nan,0.0,1
0x3a180,-nan,0.0,1
0x3a200,-nan,0.0,1
0x3a280,-nan,0.0,1
0x3a300,-nan,0.0,1
0x3a380,-nan,0.0,1
0x3a400,-nan,0.0,1
0x3a480,-nan,0.0,1
0x3a500,-nan,0.0,1
0x3a580,-nan,0.0,1
0x3a600,-nan,0.0,1
0x3a680,-nan,0.0,1
0x3a700,-nan,0.0,1
0x3a780,-nan,0.0,1
0x3a800,-nan,0.0,1
0x3a880,-nan,0.0,1
0x3a900,-nan,0.0,1
0x3a980,-nan,0.0,1
0x3aa00,-nan,0.0,1
0x3aa80,-nan,0.0,1
0x3ab00,-nan,0.0,1
0x3ab80,-nan,0.0,1
0x3ac00,-nan,0.0,1
0x3ac80,-nan,0.0,1
0x3ad00,-nan,0.0,1
0x3ad80,-nan,0.0,1
0x3ae00,-nan,0.0,1
0x3ae80,-nan,0.0,1
0x3af00,-nan,0.0,1
0x3af80,-nan,0.0,1
0x3b000,-nan,0.0,1
0x3b080,-nan,0.0,1
0x3b100,-nan,0.0,1
0x3b180,-nan,0.0,1
0x3b200,-nan,0.0,1
0x3b280,-nan,0.0,1
0x3b300,-nan,0.0,1
0x3b380,-nan,0.0,1
0x3b400,-nan,0.0,1
0x3b480,-nan,0.0,1
0x3b500,-nan,0.0,1
0x3b580,-nan,0.0,1
0x3b600,-nan,0.0,1
0x3b680,-nan,0.0,1
0x3b700,-nan,0.0,1
0x3b780,-nan,0.0,1
0x3b800,-nan,0.0,1
0x3b880,-nan,0.0,1
0x3b900,-nan,0.0,1
0x3b980,-nan,0.0,1
0x3ba00,-nan,0.0,1
0x3ba80,-nan,0.0,1
0x3bb00,-nan,0.0,1
0x3bb80,-nan,0.0,1
0x3bc00,-nan,0.0,1
0x3bc80,-nan,0.0,1
0x3bd00,-nan,0.0,1
0x3bd80,-nan,0.0,1
0x3be00,-nan,0.0,1
0x3be80,-nan,0.0,1
0x3bf00,-nan,0.0,1
0x3bf80,-nan,0.0,1
0x3c000,-nan,0.0,1
0x3c080,-nan,0.0,1
0x3c100,-nan,0.0,1
0x3c180,-nan,0.0,1
0x3c200,-nan,0.0,1
0x3c280,-nan,0.0,1
0x3c300,-nan,0.0,1
0x3c380,-nan,0.0,1
0x3c400,-nan,0.0,1
0x3c480,-nan,0.0,1
0x3c500,-nan,0.0,1
0x3c580,-nan,0.0,1
0x3c600,-nan,0.0,1
0x3c680,-nan,0.0,1
0x3c700,-nan,0.0,1
0x3c780,-nan,0.0,1
0x3c800,-nan,0.0,1
0x3c880,-nan,0.0,1
0x3c900,-nan,0.0,1
0x3c980,-nan,0.0,1
0x3ca00,-nan,0.0,1
0x3ca80,-nan,0.0,1
0x3cb00,-nan,0.0,1
0x3cb80,-nan,0.0,1
0x3cc00,-nan,0.0,1
0x3cc80,-nan,0.0,1
0x3cd00,-nan,0.0,1
0x3cd80,-nan,0.0,1
0x3ce00,-nan,0.0,1
0x3ce80,-nan,0.0,1
0x3cf00,-nan,0.0,1
0x3cf80,-nan,0.0,1
0x3d000,-nan,0.0,1
0x3d080,-nan,0.0,1
0x3d100,-nan,0.0,1
0x3d180,-nan,0.0,1
0x3d200,-nan,0.0,1
0x3d280,-nan,0.0,1
0x3d300,-nan,0.0,1
0x3d380,-nan,0.0,1
0x3d400,-nan,0.0,1
0x3d480,-nan,0.0,1
0x3d500,-nan,0.0,1
0x3d580,-nan,0.0,1
0x3d600,-nan,0.0,1
0x3d680,-nan,0.0,1
0x3d700,-nan,0.0,1
0x3d780,-nan,0.0,1
0x3d800,-nan,0.0,1
0x3d880,-nan,0.0,1
0x3d900,-nan,0.0,1
0x3d980,-nan,0.0,1
0x3da00,-nan,0.0,1
0x3da80,-nan,0.0,1
0x3db00,-nan,0.0,1
0x3db80,-nan,0.0,1
0x3dc00,-nan,0.0,1
0x3dc80,-nan,0.0,1
0x3dd00,-nan,0.0,1
0x3dd80,-nan,0.0,1
0x3de00,-nan,0.0,1
0x3de80,-nan,0.0,1
0x3df00,-nan,0.0,1
0x3df80,-nan,0.0,1
0x3e000,-nan,0.0,1
0x3e080,-nan,0.0,1
0x3e100,-nan,0.0,1
0x3e180,-nan,0.0,1
0x3e200,-nan,0.0,1
0x3e280,-nan,0.0,1
0x3e300,-nan,0.0,1
0x3e380,-nan,0.0,1
0x3e400,-nan,0.0,1
0x3e480,-nan,0.0,1
0x3e500,-nan,0.0,1
0x3e580,-nan,0.0,1
0x3e600,-nan,0.0,1
0x3e680,-nan,0.0,1
0x3e700,-nan,0.0,1
0x3e780,-nan,0.0,1
0x3e800,-nan,0.0,1
0x3e880,-nan,0.0,1
0x3e900,-nan,0.0,1
0x3e980,-nan,0.0,1
0x3ea00,-nan,0.0,1
0x3ea80,-nan,0.0,1
0x3eb00,-nan,0.0,1
0x3eb80,-nan,0.0,1
0x3ec00,-nan,0.0,1
0x3ec80,-nan,0.0,1
0x3ed00,-nan,0.0,1
0x3ed80,-nan,0.0,1
0x3ee00,-nan,0.0,1
0x3ee80,-nan,0.0,1
0x3ef00,-nan,0.0,1
0x3ef80,-nan,0.0,1
0x3f000,-nan,0.0,1
0x3f080,-nan,0.0,1
0x3f100,-nan,0.0,1
0x3f180,-nan,0.0,1
0x3f200,-nan,0.0,1
0x3f280,-nan,0.0,1
0x3f300,-nan,0.0,1
0x3f380,-nan,0.0,1
0x3f400,-nan,0.0,1
0x3f480,-nan,0.0,1
0x3f500,-nan,0.0,1
0x3f580,-nan,0.0,1
0x3f600,-nan,0.0,1
0x3f680,-nan,0.0,1
0x3f700,-nan,0.0,1
0x3f780,-nan,0.0,1
0x3f800,-nan,0.0,1
0x3f880,-nan,0.0,1
0x3f900,-nan,0.0,1
0x3f980,-nan,0.0,1
0x3fa00,-nan,0.0,1
0x3fa80,-nan,0.0,1
0x3fb00,-nan,0.0,1
0x3fb80,-nan,0.0,1
0x3fc00,-nan,0.0,1
0x3fc80,-nan,0.0,1
0x3fd00,-nan,0.0,1
0x3fd80,-nan,0.0,1
0x3fe00,-nan,0.0,1
0x3fe80,-nan,0.0,1
0x3ff00,-nan,0.0,1
0x3ff80,-nan,0.0,1
0x40000,-nan,0.0,1
0x40080,-nan,0.0,1
0x40100,-nan,0.0,1
0x40180,-nan,0.0,1
0x40200,-nan,0.0,1
0x40280,-nan,0.0,1
0x40300,-nan,0.0,1
0x40380,-nan,0.0,1
0x40400,-nan,0.0,1
0x40480,-nan,0.0,1
0x40500,-nan,0.0,1
0x40580,-nan,0.0,1
0x40600,-nan,0.0,1
0x40680,-nan,0.0,1
0x40700,-nan,0.0,1
0x40780,-nan,0.0,1
0x40800,-nan,0.0,1
0x40880,-nan,0.0,1
0x40900,-nan,0.0,1
0x40980,-nan,0.0,1
0x40a00,-nan,0.0,1
0x40a80,-nan,0.0,1
0x40b00,-nan,0.0,1
0x40b80,-nan,0.0,1
0x40c00,-nan,0.0,1
0x40c80,-nan,0.0,1
0x40d00,-nan,0.0,1
0x40d80,-nan,0.0,1
0x40e00,-nan,0.0,1
0x40e80,-nan,0.0,1
0x40f00,-nan,0.0,1
0x40f80,-nan,0.0,1
0x41000,-nan,0.0,1
0x41080,-nan,0.0,1
0x41100,-nan,0.0,1
0x41180,-nan,0.0,1
0x41200,-nan,0.0,1
0x41280,-nan,0.0,1
0x41300,-nan,0.0,1
0x41380,-nan,0.0,1
0x41400,-nan,0.0,1
0x41480,-nan,0.0,1
0x41500,-nan,0.0,1
0x41580,-nan,0.0,1
0x41600,-nan,0.0,1
0x41680,-nan,0.0,1
0x41700,-nan,0.0,1
0x41780,-nan,0.0,1
0x41800,-nan,0.0,1
0x41880,-nan,0.0,1
0x41900,-nan,0.0,1
0x41980,-nan,0.0,1
0x41a00,-nan,0.0,1
0x41a80,-nan,0.0,1
0x41b00,-nan,0.0,1
0x41b80,-nan,0.0,1
0x41c00,-nan,0.0,1
0x41c80,-nan,0.0,1
0x41d00,-nan,0.0,1
0x41d80,-nan,0.0,1
0x41e00,-nan,0.0,1
0x41e80,-nan,0.0,1
0x41f00,-nan,0.0,1
0x41f80,-nan,0.0,1
0x42000,-nan,0.0,1
0x42080,-nan,0.0,1
0x42100,-nan,0.0,1
0x42180,-nan,0.0,1
0x42200,-nan,0.0,1
0x42280,-nan,0.0,1
0x42300,-nan,0.0,1
0x42380,-nan,0.0,1
0x42400,-nan,0.0,1
0x42480,-nan,0.0,1
0x42500,-nan,0.0,1
0x42580,-nan,0.0,1
0x42600,-nan,0.0,1
0x42680,-nan,0.0,1
0x42700,-nan,0.0,1
0x42780,-nan,0.0,1
0x42800,-nan,0.0,1
0x42880,-nan,0.0,1
0x42900,-nan,0.0,1
0x42980,-nan,0.0,1
0x42a00,-nan,0.0,1
0x42a80,-nan,0.0,1
0x42b00,-nan,0.0,1
0x42b80,-nan,0.0,1
0x42c00,-nan,0.0,1
0x42c80,-nan,0.0,1
0x42d00,-nan,0.0,1
0x42d80,-nan,0.0,1
0x42e00,-nan,0.0,1
0x42e80,-nan,0.0,1
0x42f00,-nan,0.0,1
0x42f80,-nan,0.0,1
0x43000,-nan,0.0,1
0x43080,-nan,0.0,1
0x43100,-nan,0.0,1
0x43180,-nan,0.0,1
0x43200,-nan,0.0,1
0x43280,-nan,0.0,1
0x43300,-nan,0.0,1
0x43380,-nan,0.0,1
0x43400,-nan,0.0,1
0x43480,-nan,0.0,1
0x43500,-nan,0.0,1
0x43580,-nan,0.0,1
0x43600,-nan,0.0,1
0x43680,-nan,0.0,1
0x43700,-nan,0.0,1
0x43780,-nan,0.0,1
0x43800,-nan,0.0,1
0x43880,-nan,0.0,1
0x43900,-nan,0.0,1
0x43980,-nan,0.0,1
0x43a00,-nan,0.0,1
0x43a80,-nan,0.0,1
0x43b00,-nan,0.0,1
0x43b80,-nan,0.0,1
0x43c00,-nan,0.0,1
0x43c80,-nan,0.0,1
0x43d00,-nan,0.0,1
0x43d80,-nan,0.0,1
0x43e00,-nan,0.0,1
0x43e80,-nan,0.0,1
0x43f00,-nan,0.0,1
0x43f80,-nan,0.0,1
0x44000,-nan,0.0,1
0x44080,-nan,0.0,1
0x44100,-nan,0.0,1
0x44180,-nan,0.0,1
0x44200,-nan,0.0,1
0x44280,-nan,0.0,1
0x44300,-nan,0.0,1
0x44380,-nan,0.0,1
0x44400,-nan,0.0,1
0x44480,-nan,0.0,1
0x44500,-nan,0.0,1
0x44580,-nan,0.0,1
0x44600,-nan,0.0,1
0x44680,-nan,0.0,1
0x44700,-nan,0.0,1
0x44780,-nan,0.0,1
0x44800,-nan,0.0,1
0x44880,-nan,0.0,1
0x44900,-nan,0.0,1
0x44980,-nan,0.0,1
0x44a00,-nan,0.0,1
0x44a80,-nan,0.0,1
0x44b00,-nan,0.0,1
0x44b80,-nan,0.0,1
0x44c00,-nan,0.0,1
0x44c80,-nan,0.0,1
0x44d00,-nan,0.0,1
0x44d80,-nan,0.0,1
0x44e00,-nan,0.0,1
0x44e80,-nan,0.0,1
0x44f00,-nan,0.0,1
0x44f80,-nan,0.0,1
0x45000,-nan,0.0,1
0x45080,-nan,0.0,1
0x45100,-nan,0.0,1
0x45180,-nan,0.0,1
0x45200,-nan,0.0,1
0x45280,-nan,0.0,1
0x45300,-nan,0.0,1
0x45380,-nan,0.0,1
0x45400,-nan,0.0,1
0x45480,-nan,0.0,1
0x45500,-nan,0.0,1
0x45580,-nan,0.0,1
0x45600,-nan,0.0,1
0x45680,-nan,0.0,1
0x45700,-nan,0.0,1
0x45780,-nan,0.0,1
0x45800,-nan,0.0,1
0x45880,-nan,0.0,1
0x45900,-nan,0.0,1
0x45980,-nan,0.0,1
0x45a00,-nan,0.0,1
0x45a80,-nan,0.0,1
0x45b00,-nan,0.0,1
0x45b80,-nan,0.0,1
0x45c00,-nan,0.0,1
0x45c80,-nan,0.0,1
0x45d00,-nan,0.0,1
0x45d80,-nan,0.0,1
0x45e00,-nan,0.0,1
0x45e80,-nan,0.0,1
0x45f00,-nan,0.0,1
0x45f80,-nan,0.0,1
0x46000,-nan,0.0,1
0x46080,-nan,0.0,1
0x46100,-nan,0.0,1
0x46180,-nan,0.0,1
0x46200,-nan,0.0,1
0x46280,-nan,0.0,1
0x46300,-nan,0.0,1
0x46380,-nan,0.0,1
0x46400,-nan,0.0,1
0x46480,-nan,0.0,1
0x46500,-nan,0.0,1
0x46580,-nan,0.0,1
0x46600,-nan,0.0,1
0x46680,-nan,0.0,1
0x46700,-nan,0.0,1
0x46780,-nan,0.0,1
0x46800,-nan,0.0,1
0x46880,-nan,0.0,1
0x46900,-nan,0.0,1
0x46980,-nan,0.0,1
0x46a00,-nan,0.0,1
0x46a80,-nan,0.0,1
0x46b00,-nan,0.0,1
0x46b80,-nan,0.0,1
0x46c00,-nan,0.0,1
0x46c80,-nan,0.0,1
0x46d00,-nan,0.0,1
0x46d80,-nan,0.0,1
0x46e00,-nan,0.0,1
0x46e80,-nan,0.0,1
0x46f00,-nan,0.0,1
0x46f80,-nan,0.0,1
0x47000,-nan,0.0,1
0x47080,-nan,0.0,1
0x47100,-nan,0.0,1
0x47180,-nan,0.0,1
0x47200,-nan,0.0,1
0x47280,-nan,0.0,1
0x47300,-nan,0.0,1
0x47380,-nan,0.0,1
0x47400,-nan,0.0,1
0x47480,-nan,0.0,1
0x47500,-nan,0.0,1
0x47580,-nan,0.0,1
0x47600,-nan,0.0,1
0x47680,-nan,0.0,1
0x47700,-nan,0.0,1
0x47780,-nan,0.0,1
0x47800,-nan,0.0,1
0x47880,-nan,0.0,1
0x47900,-nan,0.0,1
0x47980,-nan,0.0,1
0x47a00,-nan,0.0,1
0x47a80,-nan,0.0,1
0x47b00,-nan,0.0,1
0x47b80,-nan,0.0,1
0x47c00,-nan,0.0,1
0x47c80,-nan,0.0,1
0x47d00,-nan,0.0,1
0x47d80,-nan,0.0,1
0x47e00,-nan,0.0,1
0x47e80,-nan,0.0,1
0x47f00,-nan,0.0,1
0x47f80,-nan,0.0,1
0x48000,-nan,0.0,1
0x48080,-nan,0.0,1
0x48100,-nan,0.0,1
0x48180,-nan,0.0,1
0x48200,-nan,0.0,1
0x48280,-nan,0.0,1
0x48300,-nan,0.0,1
0x48380,-nan,0.0,1
0x48400,-nan,0.0,1
0x48480,-nan,0.0,1
0x48500,-nan,0.0,1
0x48580,-nan,0.0,1
0x48600,-nan,0.0,1
0x48680,-nan,0.0,1
0x48700,-nan,0.0,1
0x48780,-nan,0.0,1
0x48800,-nan,0.0,1
0x48880,-nan,0.0,1
0x48900,-nan,0.0,1
0x48980,-nan,0.0,1
0x48a00,-nan,0.0,1
0x48a80,-nan,0.0,1
0x48b00,-nan,0.0,1
0x48b80,-nan,0.0,1
0x48c00,-nan,0.0,1
0x48c80,-nan,0.0,1
0x48d00,-nan,0.0,1
0x48d80,-nan,0.0,1
0x48e00,-nan,0.0,1
0x48e80,-nan,0.0,1
0x48f00,-nan,0.0,1
0x48f80,-nan,0.0,1
0x49000,-nan,0.0,1
0x49080,-nan,0.0,1
0x49100,-nan,0.0,1
0x49180,-nan,0.0,1
0x49200,-nan,0.0,1
0x49280,-nan,0.0,1
0x49300,-nan,0.0,1
0x49380,-nan,0.0,1
0x49400,-nan,0.0,1
0x49480,-nan,0.0,1
0x49500,-nan,0.0,1
0x49580,-nan,0.0,1
0x49600,-nan,0.0,1
0x49680,-nan,0.0,1
0x49700,-nan,0.0,1
0x49780,-nan,0.0,1
0x49800,-nan,0.0,1
0x49880,-nan,0.0,1
0x49900,-nan,0.0,1
0x49980,-nan,0.0,1
0x49a00,-nan,0.0,1
0x49a80,-nan,0.0,1
0x49b00,-nan,0.0,1
0x49b80,-nan,0.0,1
0x49c00,-nan,0.0,1
0x49c80,-nan,0.0,1
0x49d00,-nan,0.0,1
0x49d80,-nan,0.0,1
0x49e00,-nan,0.0,1
0x49e80,-nan,0.0,1
0x49f00,-nan,0.0,1
0x49f80,-nan,0.0,1
0x4a000,-nan,0.0,1
0x4a080,-nan,0.0,1
0x4a100,-nan,0.0,1
0x4a180,-nan,0.0,1
0x4a200,-nan,0.0,1
0x4a280,-nan,0.0,1
0x4a300,-nan,0.0,1
0x4a380,-nan,0.0,1
0x4a400,-nan,0.0,1
0x4a480,-nan,0.0,1
0x4a500,-nan,0.0,1
0x4a580,-nan,0.0,1
0x4a600,-nan,0.0,1
0x4a680,-nan,0.0,1
0x4a700,-nan,0.0,1
0x4a780,-nan,0.0,1
0x4a800,-nan,0.0,1
0x4a880,-nan,0.0,1
0x4a900,-nan,0.0,1
0x4a980,-nan,0.0,1
0x4aa00,-nan,0.0,1
0x4aa80,-nan,0.0,1
0x4ab00,-nan,0.0,1
0x4ab80,-nan,0.0,1
0x4ac00,-nan,0.0,1
0x4ac80,-nan,0.0,1
0x4ad00,-nan,0.0,1
0x4ad80,-nan,0.0,1
0x4ae00,-nan,0.0,1
0x4ae80,-nan,0.0,1
0x4af00,-nan,0.0,1
0x4af80,-nan,0.0,1
0x4b000,-nan,0.0,1
0x4b080,-nan,0.0,1
0x4b100,-nan,0.0,1
0x4b180,-nan,0.0,1
0x4b200,-nan,0.0,1
0x4b280,-nan,0.0,1
0x4b300,-nan,0.0,1
0x4b380,-nan,0.0,1
0x4b400,-nan,0.0,1
0x4b480,-nan,0.0,1
0x4b500,-nan,0.0,1
0x4b580,-nan,0.0,1
0x4b600,-nan,0.0,1
0x4b680,-nan,0.0,1
0x4b700,-nan,0.0,1
0x4b780,-nan,0.0,1
0x4b800,-nan,0.0,1
0x4b880,-nan,0.0,1
0x4b900,-nan,0.0,1
0x4b980,-nan,0.0,1
0x4ba00,-nan,0.0,1
0x4ba80,-nan,0.0,1
0x4bb00,-nan,0.0,1
0x4bb80,-nan,0.0,1
0x4bc00,-nan,0.0,1
0x4bc80,-nan,0.0,1
0x4bd00,-nan,0.0,1
0x4bd80,-nan,0.0,1
0x4be00,-nan,0.0,1
0x4be80,-nan,0.0,1
0x4bf00,-nan,0.0,1
0x4bf80,-nan,0.0,1
0x4c000,-nan,0.0,1
0x4c080,-nan,0.0,1
0x4c100,-nan,0.0,1
0x4c180,-nan,0.0,1
0x4c200,-nan,0.0,1
0x4c280,-nan,0.0,1
0x4c300,-nan,0.0,1
0x4c380,-nan,0.0,1
0x4c400,-nan,0.0,1
0x4c480,-nan,0.0,1
0x4c500,-nan,0.0,1
0x4c580,-nan,0.0,1
0x4c600,-nan,0.0,1
0x4c680,-nan,0.0,1
0x4c700,-nan,0.0,1
0x4c780,-nan,0.0,1
0x4c800,-nan,0.0,1
0x4c880,-nan,0.0,1
0x4c900,-nan,0.0,1
0x4c980,-nan,0.0,1
0x4ca00,-nan,0.0,1
0x4ca80,-nan,0.0,1
0x4cb00,-nan,0.0,1
0x4cb80,-nan,0.0,1
0x4cc00,-nan,0.0,1
0x4cc80,-nan,0.0,1
0x4cd00,-nan,0.0,1
0x4cd80,-nan,0.0,1
0x4ce00,-nan,0.0,1
0x4ce80,-nan,0.0,1
0x4cf00,-nan,0.0,1
0x4cf80,-nan,0.0,1
0x4d000,-nan,0.0,1
0x4d080,-nan,0.0,1
0x4d100,-nan,0.0,1
0x4d180,-nan,0.0,1
0x4d200,-nan,0.0,1
0x4d280,-nan,0.0,1
0x4d300,-nan,0.0,1
0x4d380,-nan,0.0,1
0x4d400,-nan,0.0,1
0x4d480,-nan,0.0,1
0x4d500,-nan,0.0,1
0x4d580,-nan,0.0,1
0x4d600,-nan,0.0,1
0x4d680,-nan,0.0,1
0x4d700,-nan,0.0,1
0x4d780,-nan,0.0,1
0x4d800,-nan,0.0,1
0x4d880,-nan,0.0,1
0x4d900,-nan,0.0,1
0x4d980,-nan,0.0,1
0x4da00,-nan,0.0,1
0x4da80,-nan,0.0,1
0x4db00,-nan,0.0,1
0x4db80,-nan,0.0,1
0x4dc00,-nan,0.0,1
0x4dc80,-nan,0.0,1
0x4dd00,-nan,0.0,1
0x4dd80,-nan,0.0,1
0x4de00,-nan,0.0,1
0x4de80,-nan,0.0,1
0x4df00,-nan,0.0,1
0x4df80,-nan,0.0,1
0x4e000,-nan,0.0,1
0x4e080,-nan,0.0,1
0x4e100,-nan,0.0,1
0x4e180,-nan,0.0,1
0x4e200,-nan,0.0,1
0x4e280,-nan,0.0,1
0x4e300,-nan,0.0,1
0x4e380,-nan,0.0,1
0x4e400,-nan,0.0,1
0x4e480,-nan,0.0,1
0x4e500,-nan,0.0,1
0x4e580,-nan,0.0,1
0x4e600,-nan,0.0,1
0x4e680,-nan,0.0,1
0x4e700,-nan,0.0,1
0x4e780,-nan,0.0,1
0x4e800,-nan,0.0,1
0x4e880,-nan,0.0,1
0x4e900,-nan,0.0,1
0x4e980,-nan,0.0,1
0x4ea00,-nan,0.0,1
0x4ea80,-nan,0.0,1
0x4eb00,-nan,0.0,1
0x4eb80,-nan,0.0,1
0x4ec00,-nan,0.0,1
0x4ec80,-nan,0.0,1
0x4ed00,-nan,0.0,1
0x4ed80,-nan,0.0,1
0x4ee00,-nan,0.0,1
0x4ee80,-nan,0.0,1
0x4ef00,-nan,0.0,1
0x4ef80,-nan,0.0,1
0x4f000,-nan,0.0,1
0x4f080,-nan,0.0,1
0x4f100,-nan,0.0,1
0x4f180,-nan,0.0,1
0x4f200,-nan,0.0,1
0x4f280,-nan,0.0,1
0x4f300,-nan,0.0,1
0x4f380,-nan,0.0,1
0x4f400,-nan,0.0,1
0x4f480,-nan,0.0,1
0x4f500,-nan,0.0,1
0x4f580,-nan,0.0,1
0x4f600,-nan,0.0,1
0x4f680,-nan,0.0,1
0x4f700,-nan,0.0,1
0x4f780,-nan,0.0,1
0x4f800,-nan,0.0,1
0x4f880,-nan,0.0,1
0x4f900,-nan,0.0,1
0x4f980,-nan,0.0,1
0x4fa00,-nan,0.0,1
0x4fa80,-nan,0.0,1
0x4fb00,-nan,0.0,1
0x4fb80,-nan,0.0,1
0x4fc00,-nan,0.0,1
0x4fc80,-nan,0.0,1
0x4fd00,-nan,0.0,1
0x4fd80,-nan,0.0,1
0x4fe00,-nan,0.0,1
0x4fe80,-nan,0.0,1
0x4ff00,-nan,0.0,1
0x4ff80,-nan,0.0,1
0x50000,-nan,0.0,1
0x50080,-nan,0.0,1
0x50100,-nan,0.0,1
0x50180,-nan,0.0,1
0x50200,-nan,0.0,1
0x50280,-nan,0.0,1
0x50300,-nan,0.0,1
0x50380,-nan,0.0,1
0x50400,-nan,0.0,1
0x50480,-nan,0.0,1
0x50500,-nan,0.0,1
0x50580,-nan,0.0,1
0x50600,-nan,0.0,1
0x50680,-nan,0.0,1
0x50700,-nan,0.0,1
0x50780,-nan,0.0,1
0x50800,-nan,0.0,1
0x50880,-nan,0.0,1
0x50900,-nan,0.0,1
0x50980,-nan,0.0,1
0x50a00,-nan,0.0,1
0x50a80,-nan,0.0,1
0x50b00,-nan,0.0,1
0x50b80,-nan,0.0,1
0x50c00,-nan,0.0,1
0x50c80,-nan,0.0,1
0x50d00,-nan,0.0,1
0x50d80,-nan,0.0,1
0x50e00,-nan,0.0,1
0x50e80,-nan,0.0,1
0x50f00,-nan,0.0,1
0x50f80,-nan,0.0,1
0x51000,-nan,0.0,1
0x51080,-nan,0.0,1
0x51100,-nan,0.0,1
0x51180,-nan,0.0,1
0x51200,-nan,0.0,1
0x51280,-nan,0.0,1
0x51300,-nan,0.0,1
0x51380,-nan,0.0,1
0x51400,-nan,0.0,1
0x51480,-nan,0.0,1
0x51500,-nan,0.0,1
0x51580,-nan,0.0,1
0x51600,-nan,0.0,1
0x51680,-nan,0.0,1
0x51700,-nan,0.0,1
0x51780,-nan,0.0,1
0x51800,-nan,0.0,1
0x51880,-nan,0.0,1
0x51900,-nan,0.0,1
0x51980,-nan,0.0,1
0x51a00,-nan,0.0,1
0x51a80,-nan,0.0,1
0x51b00,-nan,0.0,1
0x51b80,-nan,0.0,1
0x51c00,-nan,0.0,1
0x51c80,-nan,0.0,1
0x51d00,-nan,0.0,1
0x51d80,-nan,0.0,1
0x51e00,-nan,0.0,1
0x51e80,-nan,0.0,1
0x51f00,-nan,0.0,1
0x51f80,-nan,0.0,1
0x52000,-nan,0.0,1
0x52080,-nan,0.0,1
0x52100,-nan,0.0,1
0x52180,-nan,0.0,1
0x52200,-nan,0.0,1
0x52280,-nan,0.0,1
0x52300,-nan,0.0,1
0x52380,-nan,0.0,1
0x52400,-nan,0.0,1
0x52480,-nan,0.0,1
0x52500,-nan,0.0,1
0x52580,-nan,0.0,1
0x52600,-nan,0.0,1
0x52680,-nan,0.0,1
0x52700,-nan,0.0,1
0x52780,-nan,0.0,1
0x52800,-nan,0.0,1
0x52880,-nan,0.0,1
0x52900,-nan,0.0,1
0x52980,-nan,0.0,1
0x52a00,-nan,0.0,1
0x52a80,-nan,0.0,1
0x52b00,-nan,0.0,1
0x52b80,-nan,0.0,1
0x52c00,-nan,0.0,1
0x52c80,-nan,0.0,1
0x52d00,-nan,0.0,1
0x52d80,-nan,0.0,1
0x52e00,-nan,0.0,1
0x52e80,-nan,0.0,1
0x52f00,-nan,0.0,1
0x52f80,-nan,0.0,1
0x53000,-nan,0.0,1
0x53080,-nan,0.0,1
0x53100,-nan,0.0,1
0x53180,-nan,0.0,1
0x53200,-nan,0.0,1
0x53280,-nan,0.0,1
0x53300,-nan,0.0,1
0x53380,-nan,0.0,1
0x53400,-nan,0.0,1
0x53480,-nan,0.0,1
0x53500,-nan,0.0,1
0x53580,-nan,0.0,1
0x53600,-nan,0.0,1
0x53680,-nan,0.0,1
0x53700,-nan,0.0,1
0x53780,-nan,0.0,1
0x53800,-nan,0.0,1
0x53880,-nan,0.0,1
0x53900,-nan,0.0,1
0x53980,-nan,0.0,1
0x53a00,-nan,0.0,1
0x53a80,-nan,0.0,1
0x53b00,-nan,0.0,1
0x53b80,-nan,0.0,1
0x53c00,-nan,0.0,1
0x53c80,-nan,0.0,1
0x53d00,-nan,0.0,1
0x53d80,-nan,0.0,1
0x53e00,-nan,0.0,1
0x53e80,-nan,0.0,1
0x53f00,-nan,0.0,1
0x53f80,-nan,0.0,1
0x54000,-nan,0.0,1
0x54080,-nan,0.0,1
0x54100,-nan,0.0,1
0x54180,-nan,0.0,1
0x54200,-nan,0.0,1
0x54280,-nan,0.0,1
0x54300,-nan,0.0,1
0x54380,-nan,0.0,1
0x54400,-nan,0.0,1
0x54480,-nan,0.0,1
0x54500,-nan,0.0,1
0x54580,-nan,0.0,1
0x54600,-nan,0.0,1
0x54680,-nan,0.0,1
0x54700,-nan,0.0,1
0x54780,-nan,0.0,1
0x54800,-nan,0.0,1
0x54880,-nan,0.0,1
0x54900,-nan,0.0,1
0x54980,-nan,0.0,1
0x54a00,-nan,0.0,1
0x54a80,-nan,0.0,1
0x54b00,-nan,0.0,1
0x54b80,-nan,0.0,1
0x54c00,-nan,0.0,1
0x54c80,-nan,0.0,1
0x54d00,-nan,0.0,1
0x54d80,-nan,0.0,1
0x54e00,-nan,0.0,1
0x54e80,-nan,0.0,1
0x54f00,-nan,0.0,1
0x54f80,-nan,0.0,1
0x55000,-nan,0.0,1
0x55080,-nan,0.0,1
0x55100,-nan,0.0,1
0x55180,-nan,0.0,1
0x55200,-nan,0.0,1
0x55280,-nan,0.0,1
0x55300,-nan,0.0,1
0x55380,-nan,0.0,1
0x55400,-nan,0.0,1
0x55480,-nan,0.0,1
0x55500,-nan,0.0,1
0x55580,-nan,0.0,1
0x55600,-nan,0.0,1
0x55680,-nan,0.0,1
0x55700,-nan,0.0,1
0x55780,-nan,0.0,1
0x55800,-nan,0.0,1
0x55880,-nan,0.0,1
0x55900,-nan,0.0,1
0x55980,-nan,0.0,1
0x55a00,-nan,0.0,1
0x55a80,-nan,0.0,1
0x55b00,-nan,0.0,1
0x55b80,-nan,0.0,1
0x55c00,-nan,0.0,1
0x55c80,-nan,0.0,1
0x55d00,-nan,0.0,1
0x55d80,-nan,0.0,1
0x55e00,-nan,0.0,1
0x55e80,-nan,0.0,1
0x55f00,-nan,0.0,1
0x55f80,-nan,0.0,1
0x56000,-nan,0.0,1
0x56080,-nan,0.0,1
0x56100,-nan,0.0,1
0x56180,-nan,0.0,1
0x56200,-nan,0.0,1
0x56280,-nan,0.0,1
0x56300,-nan,0.0,1
0x56380,-nan,0.0,1
0x56400,-nan,0.0,1
0x56480,-nan,0.0,1
0x56500,-nan,0.0,1
0x56580,-nan,0.0,1
0x56600,-nan,0.0,1
0x56680,-nan,0.0,1
0x56700,-nan,0.0,1
0x56780,-nan,0.0,1
0x56800,-nan,0.0,1
0x56880,-nan,0.0,1
0x56900,-nan,0.0,1
0x56980,-nan,0.0,1
0x56a00,-nan,0.0,1
0x56a80,-nan,0.0,1
0x56b00,-nan,0.0,1
0x56b80,-nan,0.0,1
0x56c00,-nan,0.0,1
0x56c80,-nan,0.0,1
0x56d00,-nan,0.0,1
0x56d80,-nan,0.0,1
0x56e00,-nan,0.0,1
0x56e80,-nan,0.0,1
0x56f00,-nan,0.0,1
0x56f80,-nan,0.0,1
0x57000,-nan,0.0,1
0x57080,-nan,0.0,1
0x57100,-nan,0.0,1
0x57180,-nan,0.0,1
0x57200,-nan,0.0,1
0x57280,-nan,0.0,1
0x57300,-nan,0.0,1
0x57380,-nan,0.0,1
0x57400,-nan,0.0,1
0x57480,-nan,0.0,1
0x57500,-nan,0.0,1
0x57580,-nan,0.0,1
0x57600,-nan,0.0,1
0x57680,-nan,0.0,1
0x57700,-nan,0.0,1
0x57780,-nan,0.0,1
0x57800,-nan,0.0,1
0x57880,-nan,0.0,1
0x57900,-nan,0.0,1
0x57980,-nan,0.0,1
0x57a00,-nan,0.0,1
0x57a80,-nan,0.0,1
0x57b00,-nan,0.0,1
0x57b80,-nan,0.0,1
0x57c00,-nan,0.0,1
0x57c80,-nan,0.0,1
0x57d00,-nan,0.0,1
0x57d80,-nan,0.0,1
0x57e00,-nan,0.0,1
0x57e80,-nan,0.0,1
0x57f00,-nan,0.0,1
0x57f80,-nan,0.0,1
0x58000,-nan,0.0,1
0x58080,-nan,0.0,1
0x58100,-nan,0.0,1
0x58180,-nan,0.0,1
0x58200,-nan,0.0,1
0x58280,-nan,0.0,1
0x58300,-nan,0.0,1
0x58380,-nan,0.0,1
0x58400,-nan,0.0,1
0x58480,-nan,0.0,1
0x58500,-nan,0.0,1
0x58580,-nan,0.0,1
0x58600,-nan,0.0,1
0x58680,-nan,0.0,1
0x58700,-nan,0.0,1
0x58780,-nan,0.0,1
0x58800,-nan,0.0,1
0x58880,-nan,0.0,1
0x58900,-nan,0.0,1
0x58980,-nan,0.0,1
0x58a00,-nan,0.0,1
0x58a80,-nan,0.0,1
0x58b00,-nan,0.0,1
0x58b80,-nan,0.0,1
0x58c00,-nan,0.0,1
0x58c80,-nan,0.0,1
0x58d00,-nan,0.0,1
0x58d80,-nan,0.0,1
0x58e00,-nan,0.0,1
0x58e80,-nan,0.0,1
0x58f00,-nan,0.0,1
0x58f80,-nan,0.0,1
0x59000,-nan,0.0,1
0x59080,-nan,0.0,1
0x59100,-nan,0.0,1
0x59180,-nan,0.0,1
0x59200,-nan,0.0,1
0x59280,-nan,0.0,1
0x59300,-nan,0.0,1
0x59380,-nan,0.0,1
0x59400,-nan,0.0,1
0x59480,-nan,0.0,1
0x59500,-nan,0.0,1
0x59580,-nan,0.0,1
0x59600,-nan,0.0,1
0x59680,-nan,0.0,1
0x59700,-nan,0.0,1
0x59780,-nan,0.0,1
0x59800,-nan,0.0,1
0x59880,-nan,0.0,1
0x59900,-nan,0.0,1
0x59980,-nan,0.0,1
0x59a00,-nan,0.0,1
0x59a80,-nan,0.0,1
0x59b00,-nan,0.0,1
0x59b80,-nan,0.0,1
0x59c00,-nan,0.0,1
0x59c80,-nan,0.0,1
0x59d00,-nan,0.0,1
0x59d80,-nan,0.0,1
0x59e00,-nan,0.0,1
0x59e80,-nan,0.0,1
0x59f00,-nan,0.0,1
0x59f80,-nan,0.0,1
0x5a000,-nan,0.0,1
0x5a080,-nan,0.0,1
0x5a100,-nan,0.0,1
0x5a180,-nan,0.0,1
0x5a200,-nan,0.0,1
0x5a280,-nan,0.0,1
0x5a300,-nan,0.0,1
0x5a380,-nan,0.0,1
0x5a400,-nan,0.0,1
0x5a480,-nan,0.0,1
0x5a500,-nan,0.0,1
0x5a580,-nan,0.0,1
0x5a600,-nan,0.0,1
0x5a680,-nan,0.0,1
0x5a700,-nan,0.0,1
0x5a780,-nan,0.0,1
0x5a800,-nan,0.0,1
0x5a880,-nan,0.0,1
0x5a900,-nan,0.0,1
0x5a980,-nan,0.0,1
0x5aa00,-nan,0.0,1
0x5aa80,-nan,0.0,1
0x5ab00,-nan,0.0,1
0x5ab80,-nan,0.0,1
0x5ac00,-nan,0.0,1
0x5ac80,-nan,0.0,1
0x5ad00,-nan,0.0,1
0x5ad80,-nan,0.0,1
0x5ae00,-nan,0.0,1
0x5ae80,-nan,0.0,1
0x5af00,-nan,0.0,1
0x5af80,-nan,0.0,1
0x5b000,-nan,0.0,1
0x5b080,-nan,0.0,1
0x5b100,-nan,0.0,1
0x5b180,-nan,0.0,1
0x5b200,-nan,0.0,1
0x5b280,-nan,0.0,1
0x5b300,-nan,0.0,1
0x5b380,-nan,0.0,1
0x5b400,-nan,0.0,1
0x5b480,-nan,0.0,1
0x5b500,-nan,0.0,1
0x5b580,-nan,0.0,1
0x5b600,-nan,0.0,1
0x5b680,-nan,0.0,1
0x5b700,-nan,0.0,1
0x5b780,-nan,0.0,1
0x5b800,-nan,0.0,1
0x5b880,-nan,0.0,1
0x5b900,-nan,0.0,1
0x5b980,-nan,0.0,1
0x5ba00,-nan,0.0,1
0x5ba80,-nan,0.0,1
0x5bb00,-nan,0.0,1
0x5bb80,-nan,0.0,1
0x5bc00,-nan,0.0,1
0x5bc80,-nan,0.0,1
0x5bd00,-nan,0.0,1
0x5bd80,-nan,0.0,1
0x5be00,-nan,0.0,1
0x5be80,-nan,0.0,1
0x5bf00,-nan,0.0,1
0x5bf80,-nan,0.0,1
0x5c000,-nan,0.0,1
0x5c080,-nan,0.0,1
0x5c100,-nan,0.0,1
0x5c180,-nan,0.0,1
0x5c200,-nan,0.0,1
0x5c280,-nan,0.0,1
0x5c300,-nan,0.0,1
0x5c380,-nan,0.0,1
0x5c400,-nan,0.0,1
0x5c480,-nan,0.0,1
0x5c500,-nan,0.0,1
0x5c580,-nan,0.0,1
0x5c600,-nan,0.0,1
0x5c680,-nan,0.0,1
0x5c700,-nan,0.0,1
0x5c780,-nan,0.0,1
0x5c800,-nan,0.0,1
0x5c880,-nan,0.0,1
0x5c900,-nan,0.0,1
0x5c980,-nan,0.0,1
0x5ca00,-nan,0.0,1
0x5ca80,-nan,0.0,1
0x5cb00,-nan,0.0,1
0x5cb80,-nan,0.0,1
0x5cc00,-nan,0.0,1
0x5cc80,-nan,0.0,1
0x5cd00,-nan,0.0,1
0x5cd80,-nan,0.0,1
0x5ce00,-nan,0.0,1
0x5ce80,-nan,0.0,1
0x5cf00,-nan,0.0,1
0x5cf80,-nan,0.0,1
0x5d000,-nan,0.0,1
0x5d080,-nan,0.0,1
0x5d100,-nan,0.0,1
0x5d180,-nan,0.0,1
0x5d200,-nan,0.0,1
0x5d280,-nan,0.0,1
0x5d300,-nan,0.0,1
0x5d380,-nan,0.0,1
0x5d400,-nan,0.0,1
0x5d480,-nan,0.0,1
0x5d500,-nan,0.0,1
0x5d580,-nan,0.0,1
0x5d600,-nan,0.0,1
0x5d680,-nan,0.0,1
0x5d700,-nan,0.0,1
0x5d780,-nan,0.0,1
0x5d800,-nan,0.0,1
0x5d880,-nan,0.0,1
0x5d900,-nan,0.0,1
0x5d980,-nan,0.0,1
0x5da00,-nan,0.0,1
0x5da80,-nan,0.0,1
0x5db00,-nan,0.0,1
0x5db80,-nan,0.0,1
0x5dc00,-nan,0.0,1
0x5dc80,-nan,0.0,1
0x5dd00,-nan,0.0,1
0x5dd80,-nan,0.0,1
0x5de00,-nan,0.0,1
0x5de80,-nan,0.0,1
0x5df00,-nan,0.0,1
0x5df80,-nan,0.0,1
0x5e000,-nan,0.0,1
0x5e080,-nan,0.0,1
0x5e100,-nan,0.0,1
0x5e180,-nan,0.0,1
0x5e200,-nan,0.0,1
0x5e280,-nan,0.0,1
0x5e300,-nan,0.0,1
0x5e380,-nan,0.0,1
0x5e400,-nan,0.0,1
0x5e480,-nan,0.0,1
0x5e500,-nan,0.0,1
0x5e580,-nan,0.0,1
0x5e600,-nan,0.0,1
0x5e680,-nan,0.0,1
0x5e700,-nan,0.0,1
0x5e780,-nan,0.0,1
0x5e800,-nan,0.0,1
0x5e880,-nan,0.0,1
0x5e900,-nan,0.0,1
0x5e980,-nan,0.0,1
0x5ea00,-nan,0.0,1
0x5ea80,-nan,0.0,1
0x5eb00,-nan,0.0,1
0x5eb80,-nan,0.0,1
0x5ec00,-nan,0.0,1
0x5ec80,-nan,0.0,1
0x5ed00,-nan,0.0,1
0x5ed80,-nan,0.0,1
0x5ee00,-nan,0.0,1
0x5ee80,-nan,0.0,1
0x5ef00,-nan,0.0,1
0x5ef80,-nan,0.0,1
0x5f000,-nan,0.0,1
0x5f080,-nan,0.0,1
0x5f100,-nan,0.0,1
0x5f180,-nan,0.0,1
0x5f200,-nan,0.0,1
0x5f280,-nan,0.0,1
0x5f300,-nan,0.0,1
0x5f380,-nan,0.0,1
0x5f400,-nan,0.0,1
0x5f480,-nan,0.0,1
0x5f500,-nan,0.0,1
0x5f580,-nan,0.0,1
0x5f600,-nan,0.0,1
0x5f680,-nan,0.0,1
0x5f700,-nan,0.0,1
0x5f780,-nan,0.0,1
0x5f800,-nan,0.0,1
0x5f880,-nan,0.0,1
0x5f900,-nan,0.0,1
0x5f980,-nan,0.0,1
0x5fa00,-nan,0.0,1
0x5fa80,-nan,0.0,1
0x5fb00,-nan,0.0,1
0x5fb80,-nan,0.0,1
0x5fc00,-nan,0.0,1
0x5fc80,-nan,0.0,1
0x5fd00,-nan,0.0,1
0x5fd80,-nan,0.0,1
0x5fe00,-nan,0.0,1
0x5fe80,-nan,0.0,1
0x5ff00,-nan,0.0,1
0x5ff80,-nan,0.0,1
0x60000,-nan,0.0,1
0x60080,-nan,0.0,1
0x60100,-nan,0.0,1
0x60180,-nan,0.0,1
0x60200,-nan,0.0,1
0x60280,-nan,0.0,1
0x60300,-nan,0.0,1
0x60380,-nan,0.0,1
0x60400,-nan,0.0,1
0x60480,-nan,0.0,1
0x60500,-nan,0.0,1
0x60580,-nan,0.0,1
0x60600,-nan,0.0,1
0x60680,-nan,0.0,1
0x60700,-nan,0.0,1
0x60780,-nan,0.0,1
0x60800,-nan,0.0,1
0x60880,-nan,0.0,1
0x60900,-nan,0.0,1
0x60980,-nan,0.0,1
0x60a00,-nan,0.0,1
0x60a80,-nan,0.0,1
0x60b00,-nan,0.0,1
0x60b80,-nan,0.0,1
0x60c00,-nan,0.0,1
0x60c80,-nan,0.0,1
0x60d00,-nan,0.0,1
0x60d80,-nan,0.0,1
0x60e00,-nan,0.0,1
0x60e80,-nan,0.0,1
0x60f00,-nan,0.0,1
0x60f80,-nan,0.0,1
0x61000,-nan,0.0,1
0x61080,-nan,0.0,1
0x61100,-nan,0.0,1
0x61180,-nan,0.0,1
0x61200,-nan,0.0,1
0x61280,-nan,0.0,1
0x61300,-nan,0.0,1
0x61380,-nan,0.0,1
0x61400,-nan,0.0,1
0x61480,-nan,0.0,1
0x61500,-nan,0.0,1
0x61580,-nan,0.0,1
0x61600,-nan,0.0,1
0x61680,-nan,0.0,1
0x61700,-nan,0.0,1
0x61780,-nan,0.0,1
0x61800,-nan,0.0,1
0x61880,-nan,0.0,1
0x61900,-nan,0.0,1
0x61980,-nan,0.0,1
0x61a00,-nan,0.0,1
0x61a80,-nan,0.0,1
0x61b00,-nan,0.0,1
0x61b80,-nan,0.0,1
0x61c00,-nan,0.0,1
0x61c80,-nan,0.0,1
0x61d00,-nan,0.0,1
0x61d80,-nan,0.0,1
0x61e00,-nan,0.0,1
0x61e80,-nan,0.0,1
0x61f00,-nan,0.0,1
0x61f80,-nan,0.0,1
0x62000,-nan,0.0,1
0x62080,-nan,0.0,1
0x62100,-nan,0.0,1
0x62180,-nan,0.0,1
0x62200,-nan,0.0,1
0x62280,-nan,0.0,1
0x62300,-nan,0.0,1
0x62380,-nan,0.0,1
0x62400,-nan,0.0,1
0x62480,-nan,0.0,1
0x62500,-nan,0.0,1
0x62580,-nan,0.0,1
0x62600,-nan,0.0,1
0x62680,-nan,0.0,1
0x62700,-nan,0.0,1
0x62780,-nan,0.0,1
0x62800,-nan,0.0,1
0x62880,-nan,0.0,1
0x62900,-nan,0.0,1
0x62980,-nan,0.0,1
0x62a00,-nan,0.0,1
0x62a80,-nan,0.0,1
0x62b00,-nan,0.0,1
0x62b80,-nan,0.0,1
0x62c00,-nan,0.0,1
0x62c80,-nan,0.0,1
0x62d00,-nan,0.0,1
0x62d80,-nan,0.0,1
0x62e00,-nan,0.0,1
0x62e80,-nan,0.0,1
0x62f00,-nan,0.0,1
0x62f80,-nan,0.0,1
0x63000,-nan,0.0,1
0x63080,-nan,0.0,1
0x63100,-nan,0.0,1
0x63180,-nan,0.0,1
0x63200,-nan,0.0,1
0x63280,-nan,0.0,1
0x63300,-nan,0.0,1
0x63380,-nan,0.0,1
0x63400,-nan,0.0,1
0x63480,-nan,0.0,1
0x63500,-nan,0.0,1
0x63580,-nan,0.0,1
0x63600,-nan,0.0,1
0x63680,-nan,0.0,1
0x63700,-nan,0.0,1
0x63780,-nan,0.0,1
0x63800,-nan,0.0,1
0x63880,-nan,0.0,1
0x63900,-nan,0.0,1
0x63980,-nan,0.0,1
0x63a00,-nan,0.0,1
0x63a80,-nan,0.0,1
0x63b00,-nan,0.0,1
0x63b80,-nan,0.0,1
0x63c00,-nan,0.0,1
0x63c80,-nan,0.0,1
0x63d00,-nan,0.0,1
0x63d80,-nan,0.0,1
0x63e00,-nan,0.0,1
0x63e80,-nan,0.0,1
0x63f00,-nan,0.0,1
0x63f80,-nan,0.0,1
0x64000,-nan,0.0,1
0x64080,-nan,0.0,1
0x64100,-nan,0.0,1
0x64180,-nan,0.0,1
0x64200,-nan,0.0,1
0x64280,-nan,0.0,1
0x64300,-nan,0.0,1
0x64380,-nan,0.0,1
0x64400,-nan,0.0,1
0x64480,-nan,0.0,1
0x64500,-nan,0.0,1
0x64580,-nan,0.0,1
0x64600,-nan,0.0,1
0x64680,-nan,0.0,1
0x64700,-nan,0.0,1
0x64780,-nan,0.0,1
0x64800,-nan,0.0,1
0x64880,-nan,0.0,1
0x64900,-nan,0.0,1
0x64980,-nan,0.0,1
0x64a00,-nan,0.0,1
0x64a80,-nan,0.0,1
0x64b00,-nan,0.0,1
0x64b80,-nan,0.0,1
0x64c00,-nan,0.0,1
0x64c80,-nan,0.0,1
0x64d00,-nan,0.0,1
0x64d80,-nan,0.0,1
0x64e00,-nan,0.0,1
0x64e80,-nan,0.0,1
0x64f00,-nan,0.0,1
0x64f80,-nan,0.0,1
0x65000,-nan,0.0,1
0x65080,-nan,0.0,1
0x65100,-nan,0.0,1
0x65180,-nan,0.0,1
0x65200,-nan,0.0,1
0x65280,-nan,0.0,1
0x65300,-nan,0.0,1
0x65380,-nan,0.0,1
0x65400,-nan,0.0,1
0x65480,-nan,0.0,1
0x65500,-nan,0.0,1
0x65580,-nan,0.0,1
0x65600,-nan,0.0,1
0x65680,-nan,0.0,1
0x65700,-nan,0.0,1
0x65780,-nan,0.0,1
0x65800,-nan,0.0,1
0x65880,-nan,0.0,1
0x65900,-nan,0.0,1
0x65980,-nan,0.0,1
0x65a00,-nan,0.0,1
0x65a80,-nan,0.0,1
0x65b00,-nan,0.0,1
0x65b80,-nan,0.0,1
0x65c00,-nan,0.0,1
0x65c80,-nan,0.0,1
0x65d00,-nan,0.0,1
0x65d80,-nan,0.0,1
0x65e00,-nan,0.0,1
0x65e80,-nan,0.0,1
0x65f00,-nan,0.0,1
0x65f80,-nan,0.0,1
0x66000,-nan,0.0,1
0x66080,-nan,0.0,1
0x66100,-nan,0.0,1
0x66180,-nan,0.0,1
0x66200,-nan,0.0,1
0x66280,-nan,0.0,1
0x66300,-nan,0.0,1
0x66380,-nan,0.0,1
0x66400,-nan,0.0,1
0x66480,-nan,0.0,1
0x66500,-nan,0.0,1
0x66580,-nan,0.0,1
0x66600,-nan,0.0,1
0x66680,-nan,0.0,1
0x66700,-nan,0.0,1
0x66780,-nan,0.0,1
0x66800,-nan,0.0,1
0x66880,-nan,0.0,1
0x66900,-nan,0.0,1
0x66980,-nan,0.0,1
0x66a00,-nan,0.0,1
0x66a80,-nan,0.0,1
0x66b00,-nan,0.0,1
0x66b80,-nan,0.0,1
0x66c00,-nan,0.0,1
0x66c80,-nan,0.0,1
0x66d00,-nan,0.0,1
0x66d80,-nan,0.0,1
0x66e00,-nan,0.0,1
0x66e80,-nan,0.0,1
0x66f00,-nan,0.0,1
0x66f80,-nan,0.0,1
0x67000,-nan,0.0,1
0x67080,-nan,0.0,1
0x67100,-nan,0.0,1
0x67180,-nan,0.0,1
0x67200,-nan,0.0,1
0x67280,-nan,0.0,1
0x67300,-nan,0.0,1
0x67380,-nan,0.0,1
0x67400,-nan,0.0,1
0x67480,-nan,0.0,1
0x67500,-nan,0.0,1
0x67580,-nan,0.0,1
0x67600,-nan,0.0,1
0x67680,-nan,0.0,1
0x67700,-nan,0.0,1
0x67780,-nan,0.0,1
0x67800,-nan,0.0,1
0x67880,-nan,0.0,1
0x67900,-nan,0.0,1
0x67980,-nan,0.0,1
0x67a00,-nan,0.0,1
0x67a80,-nan,0.0,1
0x67b00,-nan,0.0,1
0x67b80,-nan,0.0,1
0x67c00,-nan,0.0,1
0x67c80,-nan,0.0,1
0x67d00,-nan,0.0,1
0x67d80,-nan,0.0,1
0x67e00,-nan,0.0,1
0x67e80,-nan,0.0,1
0x67f00,-nan,0.0,1
0x67f80,-nan,0.0,1
0x68000,-nan,0.0,1
0x68080,-nan,0.0,1
0x68100,-nan,0.0,1
0x68180,-nan,0.0,1
0x68200,-nan,0.0,1
0x68280,-nan,0.0,1
0x68300,-nan,0.0,1
0x68380,-nan,0.0,1
0x68400,-nan,0.0,1
0x68480,-nan,0.0,1
0x68500,-nan,0.0,1
0x68580,-nan,0.0,1
0x68600,-nan,0.0,1
0x68680,-nan,0.0,1
0x68700,-nan,0.0,1
0x68780,-nan,0.0,1
0x68800,-nan,0.0,1
0x68880,-nan,0.0,1
0x68900,-nan,0.0,1
0x68980,-nan,0.0,1
0x68a00,-nan,0.0,1
0x68a80,-nan,0.0,1
0x68b00,-nan,0.0,1
0x68b80,-nan,0.0,1
0x68c00,-nan,0.0,1
0x68c80,-nan,0.0,1
0x68d00,-nan,0.0,1
0x68d80,-nan,0.0,1
0x68e00,-nan,0.0,1
0x68e80,-nan,0.0,1
0x68f00,-nan,0.0,1
0x68f80,-nan,0.0,1
0x69000,-nan,0.0,1
0x69080,-nan,0.0,1
0x69100,-nan,0.0,1
0x69180,-nan,0.0,1
0x69200,-nan,0.0,1
0x69280,-nan,0.0,1
0x69300,-nan,0.0,1
0x69380,-nan,0.0,1
0x69400,-nan,0.0,1
0x69480,-nan,0.0,1
0x69500,-nan,0.0,1
0x69580,-nan,0.0,1
0x69600,-nan,0.0,1
0x69680,-nan,0.0,1
0x69700,-nan,0.0,1
0x69780,-nan,0.0,1
0x69800,-nan,0.0,1
0x69880,-nan,0.0,1
0x69900,-nan,0.0,1
0x69980,-nan,0.0,1
0x69a00,-nan,0.0,1
0x69a80,-nan,0.0,1
0x69b00,-nan,0.0,1
0x69b80,-nan,0.0,1
0x69c00,-nan,0.0,1
0x69c80,-nan,0.0,1
0x69d00,-nan,0.0,1
0x69d80,-nan,0.0,1
0x69e00,-nan,0.0,1
0x69e80,-nan,0.0,1
0x69f00,-nan,0.0,1
0x69f80,-nan,0.0,1
0x6a000,-nan,0.0,1
0x6a080,-nan,0.0,1
0x6a100,-nan,0.0,1
0x6a180,-nan,0.0,1
0x6a200,-nan,0.0,1
0x6a280,-nan,0.0,1
0x6a300,-nan,0.0,1
0x6a380,-nan,0.0,1
0x6a400,-nan,0.0,1
0x6a480,-nan,0.0,1
0x6a500,-nan,0.0,1
0x6a580,-nan,0.0,1
0x6a600,-nan,0.0,1
0x6a680,-nan,0.0,1
0x6a700,-nan,0.0,1
0x6a780,-nan,0.0,1
0x6a800,-nan,0.0,1
0x6a880,-nan,0.0,1
0x6a900,-nan,0.0,1
0x6a980,-nan,0.0,1
0x6aa00,-nan,0.0,1
0x6aa80,-nan,0.0,1
0x6ab00,-nan,0.0,1
0x6ab80,-nan,0.0,1
0x6ac00,-nan,0.0,1
0x6ac80,-nan,0.0,1
0x6ad00,-nan,0.0,1
0x6ad80,-nan,0.0,1
0x6ae00,-nan,0.0,1
0x6ae80,-nan,0.0,1
0x6af00,-nan,0.0,1
0x6af80,-nan,0.0,1
0x6b000,-nan,0.0,1
0x6b080,-nan,0.0,1
0x6b100,-nan,0.0,1
0x6b180,-nan,0.0,1
0x6b200,-nan,0.0,1
0x6b280,-nan,0.0,1
0x6b300,-nan,0.0,1
0x6b380,-nan,0.0,1
0x6b400,-nan,0.0,1
0x6b480,-nan,0.0,1
0x6b500,-nan,0.0,1
0x6b580,-nan,0.0,1
0x6b600,-nan,0.0,1
0x6b680,-nan,0.0,1
0x6b700,-nan,0.0,1
0x6b780,-nan,0.0,1
0x6b800,-nan,0.0,1
0x6b880,-nan,0.0,1
0x6b900,-nan,0.0,1
0x6b980,-nan,0.0,1
0x6ba00,-nan,0.0,1
0x6ba80,-nan,0.0,1
0x6bb00,-nan,0.0,1
0x6bb80,-nan,0.0,1
0x6bc00,-nan,0.0,1
0x6bc80,-nan,0.0,1
0x6bd00,-nan,0.0,1
0x6bd80,-nan,0.0,1
0x6be00,-nan,0.0,1
0x6be80,-nan,0.0,1
0x6bf00,-nan,0.0,1
0x6bf80,-nan,0.0,1
0x6c000,-nan,0.0,1
0x6c080,-nan,0.0,1
0x6c100,-nan,0.0,1
0x6c180,-nan,0.0,1
0x6c200,-nan,0.0,1
0x6c280,-nan,0.0,1
0x6c300,-nan,0.0,1
0x6c380,-nan,0.0,1
0x6c400,-nan,0.0,1
0x6c480,-nan,0.0,1
0x6c500,-nan,0.0,1
0x6c580,-nan,0.0,1
0x6c600,-nan,0.0,1
0x6c680,-nan,0.0,1
0x6c700,-nan,0.0,1
0x6c780,-nan,0.0,1
0x6c800,-nan,0.0,1
0x6c880,-nan,0.0,1
0x6c900,-nan,0.0,1
0x6c980,-nan,0.0,1
0x6ca00,-nan,0.0,1
0x6ca80,-nan,0.0,1
0x6cb00,-nan,0.0,1
0x6cb80,-nan,0.0,1
0x6cc00,-nan,0.0,1
0x6cc80,-nan,0.0,1
0x6cd00,-nan,0.0,1
0x6cd80,-nan,0.0,1
0x6ce00,-nan,0.0,1
0x6ce80,-nan,0.0,1
0x6cf00,-nan,0.0,1
0x6cf80,-nan,0.0,1
0x6d000,-nan,0.0,1
0x6d080,-nan,0.0,1
0x6d100,-nan,0.0,1
0x6d180,-nan,0.0,1
0x6d200,-nan,0.0,1
0x6d280,-nan,0.0,1
0x6d300,-nan,0.0,1
0x6d380,-nan,0.0,1
0x6d400,-nan,0.0,1
0x6d480,-nan,0.0,1
0x6d500,-nan,0.0,1
0x6d580,-nan,0.0,1
0x6d600,-nan,0.0,1
0x6d680,-nan,0.0,1
0x6d700,-nan,0.0,1
0x6d780,-nan,0.0,1
0x6d800,-nan,0.0,1
0x6d880,-nan,0.0,1
0x6d900,-nan,0.0,1
0x6d980,-nan,0.0,1
0x6da00,-nan,0.0,1
0x6da80,-nan,0.0,1
0x6db00,-nan,0.0,1
0x6db80,-nan,0.0,1
0x6dc00,-nan,0.0,1
0x6dc80,-nan,0.0,1
0x6dd00,-nan,0.0,1
0x6dd80,-nan,0.0,1
0x6de00,-nan,0.0,1
0x6de80,-nan,0.0,1
0x6df00,-nan,0.0,1
0x6df80,-nan,0.0,1
0x6e000,-nan,0.0,1
0x6e080,-nan,0.0,1
0x6e100,-nan,0.0,1
0x6e180,-nan,0.0,1
0x6e200,-nan,0.0,1
0x6e280,-nan,0.0,1
0x6e300,-nan,0.0,1
0x6e380,-nan,0.0,1
0x6e400,-nan,0.0,1
0x6e480,-nan,0.0,1
0x6e500,-nan,0.0,1
0x6e580,-nan,0.0,1
0x6e600,-nan,0.0,1
0x6e680,-nan,0.0,1
0x6e700,-nan,0.0,1
0x6e780,-nan,0.0,1
0x6e800,-nan,0.0,1
0x6e880,-nan,0.0,1
0x6e900,-nan,0.0,1
0x6e980,-nan,0.0,1
0x6ea00,-nan,0.0,1
0x6ea80,-nan,0.0,1
0x6eb00,-nan,0.0,1
0x6eb80,-nan,0.0,1
0x6ec00,-nan,0.0,1
0x6ec80,-nan,0.0,1
0x6ed00,-nan,0.0,1
0x6ed80,-nan,0.0,1
0x6ee00,-nan,0.0,1
0x6ee80,-nan,0.0,1
0x6ef00,-nan,0.0,1
0x6ef80,-nan,0.0,1
0x6f000,-nan,0.0,1
0x6f080,-nan,0.0,1
0x6f100,-nan,0.0,1
0x6f180,-nan,0.0,1
0x6f200,-nan,0.0,1
0x6f280,-nan,0.0,1
0x6f300,-nan,0.0,1
0x6f380,-nan,0.0,1
0x6f400,-nan,0.0,1
0x6f480,-nan,0.0,1
0x6f500,-nan,0.0,1
0x6f580,-nan,0.0,1
0x6f600,-nan,0.0,1
0x6f680,-nan,0.0,1
0x6f700,-nan,0.0,1
0x6f780,-nan,0.0,1
0x6f800,-nan,0.0,1
0x6f880,-nan,0.0,1
0x6f900,-nan,0.0,1
0x6f980,-nan,0.0,1
0x6fa00,-nan,0.0,1
0x6fa80,-nan,0.0,1
0x6fb00,-nan,0.0,1
0x6fb80,-nan,0.0,1
0x6fc00,-nan,0.0,1
0x6fc80,-nan,0.0,1
0x6fd00,-nan,0.0,1
0x6fd80,-nan,0.0,1
0x6fe00,-nan,0.0,1
0x6fe80,-nan,0.0,1
0x6ff00,-nan,0.0,1
0x6ff80,-nan,0.0,1
0x70000,-nan,0.0,1
0x70080,-nan,0.0,1
0x70100,-nan,0.0,1
0x70180,-nan,0.0,1
0x70200,-nan,0.0,1
0x70280,-nan,0.0,1
0x70300,-nan,0.0,1
0x70380,-nan,0.0,1
0x70400,-nan,0.0,1
0x70480,-nan,0.0,1
0x70500,-nan,0.0,1
0x70580,-nan,0.0,1
0x70600,-nan,0.0,1
0x70680,-nan,0.0,1
0x70700,-nan,0.0,1
0x70780,-nan,0.0,1
0x70800,-nan,0.0,1
0x70880,-nan,0.0,1
0x70900,-nan,0.0,1
0x70980,-nan,0.0,1
0x70a00,-nan,0.0,1
0x70a80,-nan,0.0,1
0x70b00,-nan,0.0,1
0x70b80,-nan,0.0,1
0x70c00,-nan,0.0,1
0x70c80,-nan,0.0,1
0x70d00,-nan,0.0,1
0x70d80,-nan,0.0,1
0x70e00,-nan,0.0,1
0x70e80,-nan,0.0,1
0x70f00,-nan,0.0,1
0x70f80,-nan,0.0,1
0x71000,-nan,0.0,1
0x71080,-nan,0.0,1
0x71100,-nan,0.0,1
0x71180,-nan,0.0,1
0x71200,-nan,0.0,1
0x71280,-nan,0.0,1
0x71300,-nan,0.0,1
0x71380,-nan,0.0,1
0x71400,-nan,0.0,1
0x71480,-nan,0.0,1
0x71500,-nan,0.0,1
0x71580,-nan,0.0,1
0x71600,-nan,0.0,1
0x71680,-nan,0.0,1
0x71700,-nan,0.0,1
0x71780,-nan,0.0,1
0x71800,-nan,0.0,1
0x71880,-nan,0.0,1
0x71900,-nan,0.0,1
0x71980,-nan,0.0,1
0x71a00,-nan,0.0,1
0x71a80,-nan,0.0,1
0x71b00,-nan,0.0,1
0x71b80,-nan,0.0,1
0x71c00,-nan,0.0,1
0x71c80,-nan,0.0,1
0x71d00,-nan,0.0,1
0x71d80,-nan,0.0,1
0x71e00,-nan,0.0,1
0x71e80,-nan,0.0,1
0x71f00,-nan,0.0,1
0x71f80,-nan,0.0,1
0x72000,-nan,0.0,1
0x72080,-nan,0.0,1
0x72100,-nan,0.0,1
0x72180,-nan,0.0,1
0x72200,-nan,0.0,1
0x72280,-nan,0.0,1
0x72300,-nan,0.0,1
0x72380,-nan,0.0,1
0x72400,-nan,0.0,1
0x72480,-nan,0.0,1
0x72500,-nan,0.0,1
0x72580,-nan,0.0,1
0x72600,-nan,0.0,1
0x72680,-nan,0.0,1
0x72700,-nan,0.0,1
0x72780,-nan,0.0,1
0x72800,-nan,0.0,1
0x72880,-nan,0.0,1
0x72900,-nan,0.0,1
0x72980,-nan,0.0,1
0x72a00,-nan,0.0,1
0x72a80,-nan,0.0,1
0x72b00,-nan,0.0,1
0x72b80,-nan,0.0,1
0x72c00,-nan,0.0,1
0x72c80,-nan,0.0,1
0x72d00,-nan,0.0,1
0x72d80,-nan,0.0,1
0x72e00,-nan,0.0,1
0x72e80,-nan,0.0,1
0x72f00,-nan,0.0,1
0x72f80,-nan,0.0,1
0x73000,-nan,0.0,1
0x73080,-nan,0.0,1
0x73100,-nan,0.0,1
0x73180,-nan,0.0,1
0x73200,-nan,0.0,1
0x73280,-nan,0.0,1
0x73300,-nan,0.0,1
0x73380,-nan,0.0,1
0x73400,-nan,0.0,1
0x73480,-nan,0.0,1
0x73500,-nan,0.0,1
0x73580,-nan,0.0,1
0x73600,-nan,0.0,1
0x73680,-nan,0.0,1
0x73700,-nan,0.0,1
0x73780,-nan,0.0,1
0x73800,-nan,0.0,1
0x73880,-nan,0.0,1
0x73900,-nan,0.0,1
0x73980,-nan,0.0,1
0x73a00,-nan,0.0,1
0x73a80,-nan,0.0,1
0x73b00,-nan,0.0,1
0x73b80,-nan,0.0,1
0x73c00,-nan,0.0,1
0x73c80,-nan,0.0,1
0x73d00,-nan,0.0,1
0x73d80,-nan,0.0,1
0x73e00,-nan,0.0,1
0x73e80,-nan,0.0,1
0x73f00,-nan,0.0,1
0x73f80,-nan,0.0,1
0x74000,-nan,0.0,1
0x74080,-nan,0.0,1
0x74100,-nan,0.0,1
0x74180,-nan,0.0,1
0x74200,-nan,0.0,1
0x74280,-nan,0.0,1
0x74300,-nan,0.0,1
0x74380,-nan,0.0,1
0x74400,-nan,0.0,1
0x74480,-nan,0.0,1
0x74500,-nan,0.0,1
0x74580,-nan,0.0,1
0x74600,-nan,0.0,1
0x74680,-nan,0.0,1
0x74700,-nan,0.0,1
0x74780,-nan,0.0,1
0x74800,-nan,0.0,1
0x74880,-nan,0.0,1
0x74900,-nan,0.0,1
0x74980,-nan,0.0,1
0x74a00,-nan,0.0,1
0x74a80,-nan,0.0,1
0x74b00,-nan,0.0,1
0x74b80,-nan,0.0,1
0x74c00,-nan,0.0,1
0x74c80,-nan,0.0,1
0x74d00,-nan,0.0,1
0x74d80,-nan,0.0,1
0x74e00,-nan,0.0,1
0x74e80,-nan,0.0,1
0x74f00,-nan,0.0,1
0x74f80,-nan,0.0,1
0x75000,-nan,0.0,1
0x75080,-nan,0.0,1
0x75100,-nan,0.0,1
0x75180,-nan,0.0,1
0x75200,-nan,0.0,1
0x75280,-nan,0.0,1
0x75300,-nan,0.0,1
0x75380,-nan,0.0,1
0x75400,-nan,0.0,1
0x75480,-nan,0.0,1
0x75500,-nan,0.0,1
0x75580,-nan,0.0,1
0x75600,-nan,0.0,1
0x75680,-nan,0.0,1
0x75700,-nan,0.0,1
0x75780,-nan,0.0,1
0x75800,-nan,0.0,1
0x75880,-nan,0.0,1
0x75900,-nan,0.0,1
0x75980,-nan,0.0,1
0x75a00,-nan,0.0,1
0x75a80,-nan,0.0,1
0x75b00,-nan,0.0,1
0x75b80,-nan,0.0,1
0x75c00,-nan,0.0,1
0x75c80,-nan,0.0,1
0x75d00,-nan,0.0,1
0x75d80,-nan,0.0,1
0x75e00,-nan,0.0,1
0x75e80,-nan,0.0,1
0x75f00,-nan,0.0,1
0x75f80,-nan,0.0,1
0x76000,-nan,0.0,1
0x76080,-nan,0.0,1
0x76100,-nan,0.0,1
0x76180,-nan,0.0,1
0x76200,-nan,0.0,1
0x76280,-nan,0.0,1
0x76300,-nan,0.0,1
0x76380,-nan,0.0,1
0x76400,-nan,0.0,1
0x76480,-nan,0.0,1
0x76500,-nan,0.0,1
0x76580,-nan,0.0,1
0x76600,-nan,0.0,1
0x76680,-nan,0.0,1
0x76700,-nan,0.0,1
0x76780,-nan,0.0,1
0x76800,-nan,0.0,1
0x76880,-nan,0.0,1
0x76900,-nan,0.0,1
0x76980,-nan,0.0,1
0x76a00,-nan,0.0,1
0x76a80,-nan,0.0,1
0x76b00,-nan,0.0,1
0x76b80,-nan,0.0,1
0x76c00,-nan,0.0,1
0x76c80,-nan,0.0,1
0x76d00,-nan,0.0,1
0x76d80,-nan,0.0,1
0x76e00,-nan,0.0,1
0x76e80,-nan,0.0,1
0x76f00,-nan,0.0,1
0x76f80,-nan,0.0,1
0x77000,-nan,0.0,1
0x77080,-nan,0.0,1
0x77100,-nan,0.0,1
0x77180,-nan,0.0,1
0x77200,-nan,0.0,1
0x77280,-nan,0.0,1
0x77300,-nan,0.0,1
0x77380,-nan,0.0,1
0x77400,-nan,0.0,1
0x77480,-nan,0.0,1
0x77500,-nan,0.0,1
0x77580,-nan,0.0,1
0x77600,-nan,0.0,1
0x77680,-nan,0.0,1
0x77700,-nan,0.0,1
0x77780,-nan,0.0,1
0x77800,-nan,0.0,1
0x77880,-nan,0.0,1
0x77900,-nan,0.0,1
0x77980,-nan,0.0,1
0x77a00,-nan,0.0,1
0x77a80,-nan,0.0,1
0x77b00,-nan,0.0,1
0x77b80,-nan,0.0,1
0x77c00,-nan,0.0,1
0x77c80,-nan,0.0,1
0x77d00,-nan,0.0,1
0x77d80,-nan,0.0,1
0x77e00,-nan,0.0,1
0x77e80,-nan,0.0,1
0x77f00,-nan,0.0,1
0x77f80,-nan,0.0,1
0x78000,-nan,0.0,1
0x78080,-nan,0.0,1
0x78100,-nan,0.0,1
0x78180,-nan,0.0,1
0x78200,-nan,0.0,1
0x78280,-nan,0.0,1
0x78300,-nan,0.0,1
0x78380,-nan,0.0,1
0x78400,-nan,0.0,1
0x78480,-nan,0.0,1
0x78500,-nan,0.0,1
0x78580,-nan,0.0,1
0x78600,-nan,0.0,1
0x78680,-nan,0.0,1
0x78700,-nan,0.0,1
0x78780,-nan,0.0,1
0x78800,-nan,0.0,1
0x78880,-nan,0.0,1
0x78900,-nan,0.0,1
0x78980,-nan,0.0,1
0x78a00,-nan,0.0,1
0x78a80,-nan,0.0,1
0x78b00,-nan,0.0,1
0x78b80,-nan,0.0,1
0x78c00,-nan,0.0,1
0x78c80,-nan,0.0,1
0x78d00,-nan,0.0,1
0x78d80,-nan,0.0,1
0x78e00,-nan,0.0,1
0x78e80,-nan,0.0,1
0x78f00,-nan,0.0,1
0x78f80,-nan,0.0,1
0x79000,-nan,0.0,1
0x79080,-nan,0.0,1
0x79100,-nan,0.0,1
0x79180,-nan,0.0,1
0x79200,-nan,0.0,1
0x79280,-nan,0.0,1
0x79300,-nan,0.0,1
0x79380,-nan,0.0,1
0x79400,-nan,0.0,1
0x79480,-nan,0.0,1
0x79500,-nan,0.0,1
0x79580,-nan,0.0,1
0x79600,-nan,0.0,1
0x79680,-nan,0.0,1
0x79700,-nan,0.0,1
0x79780,-nan,0.0,1
0x79800,-nan,0.0,1
0x79880,-nan,0.0,1
0x79900,-nan,0.0,1
0x79980,-nan,0.0,1
0x79a00,-nan,0.0,1
0x79a80,-nan,0.0,1
0x79b00,-nan,0.0,1
0x79b80,-nan,0.0,1
0x79c00,-nan,0.0,1
0x79c80,-nan,0.0,1
0x79d00,-nan,0.0,1
0x79d80,-nan,0.0,1
0x79e00,-nan,0.0,1
0x79e80,-nan,0.0,1
0x79f00,-nan,0.0,1
0x79f80,-nan,0.0,1
0x7a000,-nan,0.0,1
0x7a080,-nan,0.0,1
0x7a100,-nan,0.0,1
0x7a180,-nan,0.0,1
0x7a200,-nan,0.0,1
0x7a280,-nan,0.0,1
0x7a300,-nan,0.0,1
0x7a380,-nan,0.0,1
0x7a400,-nan,0.0,1
0x7a480,-nan,0.0,1
0x7a500,-nan,0.0,1
0x7a580,-nan,0.0,1
0x7a600,-nan,0.0,1
0x7a680,-nan,0.0,1
0x7a700,-nan,0.0,1
0x7a780,-nan,0.0,1
0x7a800,-nan,0.0,1
0x7a880,-nan,0.0,1
0x7a900,-nan,0.0,1
0x7a980,-nan,0.0,1
0x7aa00,-nan,0.0,1
0x7aa80,-nan,0.0,1
0x7ab00,-nan,0.0,1
0x7ab80,-nan,0.0,1
0x7ac00,-nan,0.0,1
0x7ac80,-nan,0.0,1
0x7ad00,-nan,0.0,1
0x7ad80,-nan,0.0,1
0x7ae00,-nan,0.0,1
0x7ae80,-nan,0.0,1
0x7af00,-nan,0.0,1
0x7af80,-nan,0.0,1
0x7b000,-nan,0.0,1
0x7b080,-nan,0.0,1
0x7b100,-nan,0.0,1
0x7b180,-nan,0.0,1
0x7b200,-nan,0.0,1
0x7b280,-nan,0.0,1
0x7b300,-nan,0.0,1
0x7b380,-nan,0.0,1
0x7b400,-nan,0.0,1
0x7b480,-nan,0.0,1
0x7b500,-nan,0.0,1
0x7b580,-nan,0.0,1
0x7b600,-nan,0.0,1
0x7b680,-nan,0.0,1
0x7b700,-nan,0.0,1
0x7b780,-nan,0.0,1
0x7b800,-nan,0.0,1
0x7b880,-nan,0.0,1
0x7b900,-nan,0.0,1
0x7b980,-nan,0.0,1
0x7ba00,-nan,0.0,1
0x7ba80,-nan,0.0,1
0x7bb00,-nan,0.0,1
0x7bb80,-nan,0.0,1
0x7bc00,-nan,0.0,1
0x7bc80,-nan,0.0,1
0x7bd00,-nan,0.0,1
0x7bd80,-nan,0.0,1
0x7be00,-nan,0.0,1
0x7be80,-nan,0.0,1
0x7bf00,-nan,0.0,1
0x7bf80,-nan,0.0,1
0x7c000,-nan,0.0,1
0x7c080,-nan,0.0,1
0x7c100,-nan,0.0,1
0x7c180,-nan,0.0,1
0x7c200,-nan,0.0,1
0x7c280,-nan,0.0,1
0x7c300,-nan,0.0,1
0x7c380,-nan,0.0,1
0x7c400,-nan,0.0,1
0x7c480,-nan,0.0,1
0x7c500,-nan,0.0,1
0x7c580,-nan,0.0,1
0x7c600,-nan,0.0,1
0x7c680,-nan,0.0,1
0x7c700,-nan,0.0,1
0x7c780,-nan,0.0,1
0x7c800,-nan,0.0,1
0x7c880,-nan,0.0,1
0x7c900,-nan,0.0,1
0x7c980,-nan,0.0,1
0x7ca00,-nan,0.0,1
0x7ca80,-nan,0.0,1
0x7cb00,-nan,0.0,1
0x7cb80,-nan,0.0,1
0x7cc00,-nan,0.0,1
0x7cc80,-nan,0.0,1
0x7cd00,-nan,0.0,1
0x7cd80,-nan,0.0,1
0x7ce00,-nan,0.0,1
0x7ce80,-nan,0.0,1
0x7cf00,-nan,0.0,1
0x7cf80,-nan,0.0,1
0x7d000,-nan,0.0,1
0x7d080,-nan,0.0,1
0x7d100,-nan,0.0,1
0x7d180,-nan,0.0,1
0x7d200,-nan,0.0,1
0x7d280,-nan,0.0,1
0x7d300,-nan,0.0,1
0x7d380,-nan,0.0,1
0x7d400,-nan,0.0,1
0x7d480,-nan,0.0,1
0x7d500,-nan,0.0,1
0x7d580,-nan,0.0,1
0x7d600,-nan,0.0,1
0x7d680,-nan,0.0,1
0x7d700,-nan,0.0,1
0x7d780,-nan,0.0,1
0x7d800,-nan,0.0,1
0x7d880,-nan,0.0,1
0x7d900,-nan,0.0,1
0x7d980,-nan,0.0,1
0x7da00,-nan,0.0,1
0x7da80,-nan,0.0,1
0x7db00,-nan,0.0,1
0x7db80,-nan,0.0,1
0x7dc00,-nan,0.0,1
0x7dc80,-nan,0.0,1
0x7dd00,-nan,0.0,1
0x7dd80,-nan,0.0,1
0x7de00,-nan,0.0,1
0x7de80,-nan,0.0,1
0x7df00,-nan,0.0,1
0x7df80,-nan,0.0,1
0x7e000,-nan,0.0,1
0x7e080,-nan,0.0,1
0x7e100,-nan,0.0,1
0x7e180,-nan,0.0,1
0x7e200,-nan,0.0,1
0x7e280,-nan,0.0,1
0x7e300,-nan,0.0,1
0x7e380,-nan,0.0,1
0x7e400,-nan,0.0,1
0x7e480,-nan,0.0,1
0x7e500,-nan,0.0,1
0x7e580,-nan,0.0,1
0x7e600,-nan,0.0,1
0x7e680,-nan,0.0,1
0x7e700,-nan,0.0,1
0x7e780,-nan,0.0,1
0x7e800,-nan,0.0,1
0x7e880,-nan,0.0,1
0x7e900,-nan,0.0,1
0x7e980,-nan,0.0,1
0x7ea00,-nan,0.0,1
0x7ea80,-nan,0.0,1
0x7eb00,-nan,0.0,1
0x7eb80,-nan,0.0,1
0x7ec00,-nan,0.0,1
0x7ec80,-nan,0.0,1
0x7ed00,-nan,0.0,1
0x7ed80,-nan,0.0,1
0x7ee00,-nan,0.0,1
0x7ee80,-nan,0.0,1
0x7ef00,-nan,0.0,1
0x7ef80,-nan,0.0,1
0x7f000,-nan,0.0,1
0x7f080,-nan,0.0,1
0x7f100,-nan,0.0,1
0x7f180,-nan,0.0,1
0x7f200,-nan,0.0,1
0x7f280,-nan,0.0,1
0x7f300,-nan,0.0,1
0x7f380,-nan,0.0,1
0x7f400,-nan,0.0,1
0x7f480,-nan,0.0,1
0x7f500,-nan,0.0,1
0x7f580,-nan,0.0,1
0x7f600,-nan,0.0,1
0x7f680,-nan,0.0,1
0x7f700,-nan,0.0,1
0x7f780,-nan,0.0,1
0x7f800,-nan,0.0,1
0x7f880,-nan,0.0,1
0x7f900,-nan,0.0,1
0x7f980,-nan,0.0,1
0x7fa00,-nan,0.0,1
0x7fa80,-nan,0.0,1
0x7fb00,-nan,0.0,1
0x7fb80,-nan,0.0,1
0x7fc00,-nan,0.0,1
0x7fc80,-nan,0.0,1
0x7fd00,-nan,0.0,1
0x7fd80,-nan,0.0,1
0x7fe00,-nan,0.0,1
0x7fe80,-nan,0.0,1
0x7ff00,-nan,0.0,1
0x7ff80,-nan,0.0,1
0x80000,-nan,0.0,1
0x80080,-nan,0.0,1
0x80100,-nan,0.0,1
0x80180,-nan,0.0,1
0x80200,-nan,0.0,1
0x80280,-nan,0.0,1
0x80300,-nan,0.0,1
0x80380,-nan,0.0,1
0x80400,-nan,0.0,1
0x80480,-nan,0.0,1
0x80500,-nan,0.0,1
0x80580,-nan,0.0,1
0x80600,-nan,0.0,1
0x80680,-nan,0.0,1
0x80700,-nan,0.0,1
0x80780,-nan,0.0,1
0x80800,-nan,0.0,1
0x80880,-nan,0.0,1
0x80900,-nan,0.0,1
0x80980,-nan,0.0,1
0x80a00,-nan,0.0,1
0x80a80,-nan,0.0,1
0x80b00,-nan,0.0,1
0x80b80,-nan,0.0,1
0x80c00,-nan,0.0,1
0x80c80,-nan,0.0,1
0x80d00,-nan,0.0,1
0x80d80,-nan,0.0,1
0x80e00,-nan,0.0,1
0x80e80,-nan,0.0,1
0x80f00,-nan,0.0,1
0x80f80,-nan,0.0,1
0x81000,-nan,0.0,1
0x81080,-nan,0.0,1
0x81100,-nan,0.0,1
0x81180,-nan,0.0,1
0x81200,-nan,0.0,1
0x81280,-nan,0.0,1
0x81300,-nan,0.0,1
0x81380,-nan,0.0,1
0x81400,-nan,0.0,1
0x81480,-nan,0.0,1
0x81500,-nan,0.0,1
0x81580,-nan,0.0,1
0x81600,-nan,0.0,1
0x81680,-nan,0.0,1
0x81700,-nan,0.0,1
0x81780,-nan,0.0,1
0x81800,-nan,0.0,1
0x81880,-nan,0.0,1
0x81900,-nan,0.0,1
0x81980,-nan,0.0,1
0x81a00,-nan,0.0,1
0x81a80,-nan,0.0,1
0x81b00,-nan,0.0,1
0x81b80,-nan,0.0,1
0x81c00,-nan,0.0,1
0x81c80,-nan,0.0,1
0x81d00,-nan,0.0,1
0x81d80,-nan,0.0,1
0x81e00,-nan,0.0,1
0x81e80,-nan,0.0,1
0x81f00,-nan,0.0,1
0x81f80,-nan,0.0,1
0x82000,-nan,0.0,1
0x82080,-nan,0.0,1
0x82100,-nan,0.0,1
0x82180,-nan,0.0,1
0x82200,-nan,0.0,1
0x82280,-nan,0.0,1
0x82300,-nan,0.0,1
0x82380,-nan,0.0,1
0x82400,-nan,0.0,1
0x82480,-nan,0.0,1
0x82500,-nan,0.0,1
0x82580,-nan,0.0,1
0x82600,-nan,0.0,1
0x82680,-nan,0.0,1
0x82700,-nan,0.0,1
0x82780,-nan,0.0,1
0x82800,-nan,0.0,1
0x82880,-nan,0.0,1
0x82900,-nan,0.0,1
0x82980,-nan,0.0,1
0x82a00,-nan,0.0,1
0x82a80,-nan,0.0,1
0x82b00,-nan,0.0,1
0x82b80,-nan,0.0,1
0x82c00,-nan,0.0,1
0x82c80,-nan,0.0,1
0x82d00,-nan,0.0,1
0x82d80,-nan,0.0,1
0x82e00,-nan,0.0,1
0x82e80,-nan,0.0,1
0x82f00,-nan,0.0,1
0x82f80,-nan,0.0,1
0x83000,-nan,0.0,1
0x83080,-nan,0.0,1
0x83100,-nan,0.0,1
0x83180,-nan,0.0,1
0x83200,-nan,0.0,1
0x83280,-nan,0.0,1
0x83300,-nan,0.0,1
0x83380,-nan,0.0,1
0x83400,-nan,0.0,1
0x83480,-nan,0.0,1
0x83500,-nan,0.0,1
0x83580,-nan,0.0,1
0x83600,-nan,0.0,1
0x83680,-nan,0.0,1
0x83700,-nan,0.0,1
0x83780,-nan,0.0,1
0x83800,-nan,0.0,1
0x83880,-nan,0.0,1
0x83900,-nan,0.0,1
0x83980,-nan,0.0,1
0x83a00,-nan,0.0,1
0x83a80,-nan,0.0,1
0x83b00,-nan,0.0,1
0x83b80,-nan,0.0,1
0x83c00,-nan,0.0,1
0x83c80,-nan,0.0,1
0x83d00,-nan,0.0,1
0x83d80,-nan,0.0,1
0x83e00,-nan,0.0,1
0x83e80,-nan,0.0,1
0x83f00,-nan,0.0,1
0x83f80,-nan,0.0,1
0x84000,-nan,0.0,1
0x84080,-nan,0.0,1
0x84100,-nan,0.0,1
0x84180,-nan,0.0,1
0x84200,-nan,0.0,1
0x84280,-nan,0.0,1
0x84300,-nan,0.0,1
0x84380,-nan,0.0,1
0x84400,-nan,0.0,1
0x84480,-nan,0.0,1
0x84500,-nan,0.0,1
0x84580,-nan,0.0,1
0x84600,-nan,0.0,1
0x84680,-nan,0.0,1
0x84700,-nan,0.0,1
0x84780,-nan,0.0,1
0x84800,-nan,0.0,1
0x84880,-nan,0.0,1
0x84900,-nan,0.0,1
0x84980,-nan,0.0,1
0x84a00,-nan,0.0,1
0x84a80,-nan,0.0,1
0x84b00,-nan,0.0,1
0x84b80,-nan,0.0,1
0x84c00,-nan,0.0,1
0x84c80,-nan,0.0,1
0x84d00,-nan,0.0,1
0x84d80,-nan,0.0,1
0x84e00,-nan,0.0,1
0x84e80,-nan,0.0,1
0x84f00,-nan,0.0,1
0x84f80,-nan,0.0,1
0x85000,-nan,0.0,1
0x85080,-nan,0.0,1
0x85100,-nan,0.0,1
0x85180,-nan,0.0,1
0x85200,-nan,0.0,1
0x85280,-nan,0.0,1
0x85300,-nan,0.0,1
0x85380,-nan,0.0,1
0x85400,-nan,0.0,1
0x85480,-nan,0.0,1
0x85500,-nan,0.0,1
0x85580,-nan,0.0,1
0x85600,-nan,0.0,1
0x85680,-nan,0.0,1
0x85700,-nan,0.0,1
0x85780,-nan,0.0,1
0x85800,-nan,0.0,1
0x85880,-nan,0.0,1
0x85900,-nan,0.0,1
0x85980,-nan,0.0,1
0x85a00,-nan,0.0,1
0x85a80,-nan,0.0,1
0x85b00,-nan,0.0,1
0x85b80,-nan,0.0,1
0x85c00,-nan,0.0,1
0x85c80,-nan,0.0,1
0x85d00,-nan,0.0,1
0x85d80,-nan,0.0,1
0x85e00,-nan,0.0,1
0x85e80,-nan,0.0,1
0x85f00,-nan,0.0,1
0x85f80,-nan,0.0,1
0x86000,-nan,0.0,1
0x86080,-nan,0.0,1
0x86100,-nan,0.0,1
0x86180,-nan,0.0,1
0x86200,-nan,0.0,1
0x86280,-nan,0.0,1
0x86300,-nan,0.0,1
0x86380,-nan,0.0,1
0x86400,-nan,0.0,1
0x86480,-nan,0.0,1
0x86500,-nan,0.0,1
0x86580,-nan,0.0,1
0x86600,-nan,0.0,1
0x86680,-nan,0.0,1
0x86700,-nan,0.0,1
0x86780,-nan,0.0,1
0x86800,-nan,0.0,1
0x86880,-nan,0.0,1
0x86900,-nan,0.0,1
0x86980,-nan,0.0,1
0x86a00,-nan,0.0,1
0x86a80,-nan,0.0,1
0x86b00,-nan,0.0,1
0x86b80,-nan,0.0,1
0x86c00,-nan,0.0,1
0x86c80,-nan,0.0,1
0x86d00,-nan,0.0,1
0x86d80,-nan,0.0,1
0x86e00,-nan,0.0,1
0x86e80,-nan,0.0,1
0x86f00,-nan,0.0,1
0x86f80,-nan,0.0,1
0x87000,-nan,0.0,1
0x87080,-nan,0.0,1
0x87100,-nan,0.0,1
0x87180,-nan,0.0,1
0x87200,-nan,0.0,1
0x87280,-nan,0.0,1
0x87300,-nan,0.0,1
0x87380,-nan,0.0,1
0x87400,-nan,0.0,1
0x87480,-nan,0.0,1
0x87500,-nan,0.0,1
0x87580,-nan,0.0,1
0x87600,-nan,0.0,1
0x87680,-nan,0.0,1
0x87700,-nan,0.0,1
0x87780,-nan,0.0,1
0x87800,-nan,0.0,1
0x87880,-nan,0.0,1
0x87900,-nan,0.0,1
0x87980,-nan,0.0,1
0x87a00,-nan,0.0,1
0x87a80,-nan,0.0,1
0x87b00,-nan,0.0,1
0x87b80,-nan,0.0,1
0x87c00,-nan,0.0,1
0x87c80,-nan,0.0,1
0x87d00,-nan,0.0,1
0x87d80,-nan,0.0,1
0x87e00,-nan,0.0,1
0x87e80,-nan,0.0,1
0x87f00,-nan,0.0,1
0x87f80,-nan,0.0,1
0x88000,-nan,0.0,1
0x88080,-nan,0.0,1
0x88100,-nan,0.0,1
0x88180,-nan,0.0,1
0x88200,-nan,0.0,1
0x88280,-nan,0.0,1
0x88300,-nan,0.0,1
0x88380,-nan,0.0,1
0x88400,-nan,0.0,1
0x88480,-nan,0.0,1
0x88500,-nan,0.0,1
0x88580,-nan,0.0,1
0x88600,-nan,0.0,1
0x88680,-nan,0.0,1
0x88700,-nan,0.0,1
0x88780,-nan,0.0,1
0x88800,-nan,0.0,1
0x88880,-nan,0.0,1
0x88900,-nan,0.0,1
0x88980,-nan,0.0,1
0x88a00,-nan,0.0,1
0x88a80,-nan,0.0,1
0x88b00,-nan,0.0,1
0x88b80,-nan,0.0,1
0x88c00,-nan,0.0,1
0x88c80,-nan,0.0,1
0x88d00,-nan,0.0,1
0x88d80,-nan,0.0,1
0x88e00,-nan,0.0,1
0x88e80,-nan,0.0,1
0x88f00,-nan,0.0,1
0x88f80,-nan,0.0,1
0x89000,-nan,0.0,1
0x89080,-nan,0.0,1
0x89100,-nan,0.0,1
0x89180,-nan,0.0,1
0x89200,-nan,0.0,1
0x89280,-nan,0.0,1
0x89300,-nan,0.0,1
0x89380,-nan,0.0,1
0x89400,-nan,0.0,1
0x89480,-nan,0.0,1
0x89500,-nan,0.0,1
0x89580,-nan,0.0,1
0x89600,-nan,0.0,1
0x89680,-nan,0.0,1
0x89700,-nan,0.0,1
0x89780,-nan,0.0,1
0x89800,-nan,0.0,1
0x89880,-nan,0.0,1
0x89900,-nan,0.0,1
0x89980,-nan,0.0,1
0x89a00,-nan,0.0,1
0x89a80,-nan,0.0,1
0x89b00,-nan,0.0,1
0x89b80,-nan,0.0,1
0x89c00,-nan,0.0,1
0x89c80,-nan,0.0,1
0x89d00,-nan,0.0,1
0x89d80,-nan,0.0,1
0x89e00,-nan,0.0,1
0x89e80,-nan,0.0,1
0x89f00,-nan,0.0,1
0x89f80,-nan,0.0,1
0x8a000,-nan,0.0,1
0x8a080,-nan,0.0,1
0x8a100,-nan,0.0,1
0x8a180,-nan,0.0,1
0x8a200,-nan,0.0,1
0x8a280,-nan,0.0,1
0x8a300,-nan,0.0,1
0x8a380,-nan,0.0,1
0x8a400,-nan,0.0,1
0x8a480,-nan,0.0,1
0x8a500,-nan,0.0,1
0x8a580,-nan,0.0,1
0x8a600,-nan,0.0,1
0x8a680,-nan,0.0,1
0x8a700,-nan,0.0,1
0x8a780,-nan,0.0,1
0x8a800,-nan,0.0,1
0x8a880,-nan,0.0,1
0x8a900,-nan,0.0,1
0x8a980,-nan,0.0,1
0x8aa00,-nan,0.0,1
0x8aa80,-nan,0.0,1
0x8ab00,-nan,0.0,1
0x8ab80,-nan,0.0,1
0x8ac00,-nan,0.0,1
0x8ac80,-nan,0.0,1
0x8ad00,-nan,0.0,1
0x8ad80,-nan,0.0,1
0x8ae00,-nan,0.0,1
0x8ae80,-nan,0.0,1
0x8af00,-nan,0.0,1
0x8af80,-nan,0.0,1
0x8b000,-nan,0.0,1
0x8b080,-nan,0.0,1
0x8b100,-nan,0.0,1
0x8b180,-nan,0.0,1
0x8b200,-nan,0.0,1
0x8b280,-nan,0.0,1
0x8b300,-nan,0.0,1
0x8b380,-nan,0.0,1
0x8b400,-nan,0.0,1
0x8b480,-nan,0.0,1
0x8b500,-nan,0.0,1
0x8b580,-nan,0.0,1
0x8b600,-nan,0.0,1
0x8b680,-nan,0.0,1
0x8b700,-nan,0.0,1
0x8b780,-nan,0.0,1
0x8b800,-nan,0.0,1
0x8b880,-nan,0.0,1
0x8b900,-nan,0.0,1
0x8b980,-nan,0.0,1
0x8ba00,-nan,0.0,1
0x8ba80,-nan,0.0,1
0x8bb00,-nan,0.0,1
0x8bb80,-nan,0.0,1
0x8bc00,-nan,0.0,1
0x8bc80,-nan,0.0,1
0x8bd00,-nan,0.0,1
0x8bd80,-nan,0.0,1
0x8be00,-nan,0.0,1
0x8be80,-nan,0.0,1
0x8bf00,-nan,0.0,1
0x8bf80,-nan,0.0,1
0x8c000,-nan,0.0,1
0x8c080,-nan,0.0,1
0x8c100,-nan,0.0,1
0x8c180,-nan,0.0,1
0x8c200,-nan,0.0,1
0x8c280,-nan,0.0,1
0x8c300,-nan,0.0,1
0x8c380,-nan,0.0,1
0x8c400,-nan,0.0,1
0x8c480,-nan,0.0,1
0x8c500,-nan,0.0,1
0x8c580,-nan,0.0,1
0x8c600,-nan,0.0,1
0x8c680,-nan,0.0,1
0x8c700,-nan,0.0,1
0x8c780,-nan,0.0,1
0x8c800,-nan,0.0,1
0x8c880,-nan,0.0,1
0x8c900,-nan,0.0,1
0x8c980,-nan,0.0,1
0x8ca00,-nan,0.0,1
0x8ca80,-nan,0.0,1
0x8cb00,-nan,0.0,1
0x8cb80,-nan,0.0,1
0x8cc00,-nan,0.0,1
0x8cc80,-nan,0.0,1
0x8cd00,-nan,0.0,1
0x8cd80,-nan,0.0,1
0x8ce00,-nan,0.0,1
0x8ce80,-nan,0.0,1
0x8cf00,-nan,0.0,1
0x8cf80,-nan,0.0,1
0x8d000,-nan,0.0,1
0x8d080,-nan,0.0,1
0x8d100,-nan,0.0,1
0x8d180,-nan,0.0,1
0x8d200,-nan,0.0,1
0x8d280,-nan,0.0,1
0x8d300,-nan,0.0,1
0x8d380,-nan,0.0,1
0x8d400,-nan,0.0,1
0x8d480,-nan,0.0,1
0x8d500,-nan,0.0,1
0x8d580,-nan,0.0,1
0x8d600,-nan,0.0,1
0x8d680,-nan,0.0,1
0x8d700,-nan,0.0,1
0x8d780,-nan,0.0,1
0x8d800,-nan,0.0,1
0x8d880,-nan,0.0,1
0x8d900,-nan,0.0,1
0x8d980,-nan,0.0,1
0x8da00,-nan,0.0,1
0x8da80,-nan,0.0,1
0x8db00,-nan,0.0,1
0x8db80,-nan,0.0,1
0x8dc00,-nan,0.0,1
0x8dc80,-nan,0.0,1
0x8dd00,-nan,0.0,1
0x8dd80,-nan,0.0,1
0x8de00,-nan,0.0,1
0x8de80,-nan,0.0,1
0x8df00,-nan,0.0,1
0x8df80,-nan,0.0,1
0x8e000,-nan,0.0,1
0x8e080,-nan,0.0,1
0x8e100,-nan,0.0,1
0x8e180,-nan,0.0,1
0x8e200,-nan,0.0,1
0x8e280,-nan,0.0,1
0x8e300,-nan,0.0,1
0x8e380,-nan,0.0,1
0x8e400,-nan,0.0,1
0x8e480,-nan,0.0,1
0x8e500,-nan,0.0,1
0x8e580,-nan,0.0,1
0x8e600,-nan,0.0,1
0x8e680,-nan,0.0,1
0x8e700,-nan,0.0,1
0x8e780,-nan,0.0,1
0x8e800,-nan,0.0,1
0x8e880,-nan,0.0,1
0x8e900,-nan,0.0,1
0x8e980,-nan,0.0,1
0x8ea00,-nan,0.0,1
0x8ea80,-nan,0.0,1
0x8eb00,-nan,0.0,1
0x8eb80,-nan,0.0,1
0x8ec00,-nan,0.0,1
0x8ec80,-nan,0.0,1
0x8ed00,-nan,0.0,1
0x8ed80,-nan,0.0,1
0x8ee00,-nan,0.0,1
0x8ee80,-nan,0.0,1
0x8ef00,-nan,0.0,1
0x8ef80,-nan,0.0,1
0x8f000,-nan,0.0,1
0x8f080,-nan,0.0,1
0x8f100,-nan,0.0,1
0x8f180,-nan,0.0,1
0x8f200,-nan,0.0,1
0x8f280,-nan,0.0,1
0x8f300,-nan,0.0,1
0x8f380,-nan,0.0,1
0x8f400,-nan,0.0,1
0x8f480,-nan,0.0,1
0x8f500,-nan,0.0,1
0x8f580,-nan,0.0,1
0x8f600,-nan,0.0,1
0x8f680,-nan,0.0,1
0x8f700,-nan,0.0,1
0x8f780,-nan,0.0,1
0x8f800,-nan,0.0,1
0x8f880,-nan,0.0,1
0x8f900,-nan,0.0,1
0x8f980,-nan,0.0,1
0x8fa00,-nan,0.0,1
0x8fa80,-nan,0.0,1
0x8fb00,-nan,0.0,1
0x8fb80,-nan,0.0,1
0x8fc00,-nan,0.0,1
0x8fc80,-nan,0.0,1
0x8fd00,-nan,0.0,1
0x8fd80,-nan,0.0,1
0x8fe00,-nan,0.0,1
0x8fe80,-nan,0.0,1
0x8ff00,-nan,0.0,1
0x8ff80,-nan,0.0,1
0x90000,-nan,0.0,1
0x90080,-nan,0.0,1
0x90100,-nan,0.0,1
0x90180,-nan,0.0,1
0x90200,-nan,0.0,1
0x90280,-nan,0.0,1
0x90300,-nan,0.0,1
0x90380,-nan,0.0,1
0x90400,-nan,0.0,1
0x90480,-nan,0.0,1
0x90500,-nan,0.0,1
0x90580,-nan,0.0,1
0x90600,-nan,0.0,1
0x90680,-nan,0.0,1
0x90700,-nan,0.0,1
0x90780,-nan,0.0,1
0x90800,-nan,0.0,1
0x90880,-nan,0.0,1
0x90900,-nan,0.0,1
0x90980,-nan,0.0,1
0x90a00,-nan,0.0,1
0x90a80,-nan,0.0,1
0x90b00,-nan,0.0,1
0x90b80,-nan,0.0,1
0x90c00,-nan,0.0,1
0x90c80,-nan,0.0,1
0x90d00,-nan,0.0,1
0x90d80,-nan,0.0,1
0x90e00,-nan,0.0,1
0x90e80,-nan,0.0,1
0x90f00,-nan,0.0,1
0x90f80,-nan,0.0,1
0x91000,-nan,0.0,1
0x91080,-nan,0.0,1
0x91100,-nan,0.0,1
0x91180,-nan,0.0,1
0x91200,-nan,0.0,1
0x91280,-nan,0.0,1
0x91300,-nan,0.0,1
0x91380,-nan,0.0,1
0x91400,-nan,0.0,1
0x91480,-nan,0.0,1
0x91500,-nan,0.0,1
0x91580,-nan,0.0,1
0x91600,-nan,0.0,1
0x91680,-nan,0.0,1
0x91700,-nan,0.0,1
0x91780,-nan,0.0,1
0x91800,-nan,0.0,1
0x91880,-nan,0.0,1
0x91900,-nan,0.0,1
0x91980,-nan,0.0,1
0x91a00,-nan,0.0,1
0x91a80,-nan,0.0,1
0x91b00,-nan,0.0,1
0x91b80,-nan,0.0,1
0x91c00,-nan,0.0,1
0x91c80,-nan,0.0,1
0x91d00,-nan,0.0,1
0x91d80,-nan,0.0,1
0x91e00,-nan,0.0,1
0x91e80,-nan,0.0,1
0x91f00,-nan,0.0,1
0x91f80,-nan,0.0,1
0x92000,-nan,0.0,1
0x92080,-nan,0.0,1
0x92100,-nan,0.0,1
0x92180,-nan,0.0,1
0x92200,-nan,0.0,1
0x92280,-nan,0.0,1
0x92300,-nan,0.0,1
0x92380,-nan,0.0,1
0x92400,-nan,0.0,1
0x92480,-nan,0.0,1
0x92500,-nan,0.0,1
0x92580,-nan,0.0,1
0x92600,-nan,0.0,1
0x92680,-nan,0.0,1
0x92700,-nan,0.0,1
0x92780,-nan,0.0,1
0x92800,-nan,0.0,1
0x92880,-nan,0.0,1
0x92900,-nan,0.0,1
0x92980,-nan,0.0,1
0x92a00,-nan,0.0,1
0x92a80,-nan,0.0,1
0x92b00,-nan,0.0,1
0x92b80,-nan,0.0,1
0x92c00,-nan,0.0,1
0x92c80,-nan,0.0,1
0x92d00,-nan,0.0,1
0x92d80,-nan,0.0,1
0x92e00,-nan,0.0,1
0x92e80,-nan,0.0,1
0x92f00,-nan,0.0,1
0x92f80,-nan,0.0,1
0x93000,-nan,0.0,1
0x93080,-nan,0.0,1
0x93100,-nan,0.0,1
0x93180,-nan,0.0,1
0x93200,-nan,0.0,1
0x93280,-nan,0.0,1
0x93300,-nan,0.0,1
0x93380,-nan,0.0,1
0x93400,-nan,0.0,1
0x93480,-nan,0.0,1
0x93500,-nan,0.0,1
0x93580,-nan,0.0,1
0x93600,-nan,0.0,1
0x93680,-nan,0.0,1
0x93700,-nan,0.0,1
0x93780,-nan,0.0,1
0x93800,-nan,0.0,1
0x93880,-nan,0.0,1
0x93900,-nan,0.0,1
0x93980,-nan,0.0,1
0x93a00,-nan,0.0,1
0x93a80,-nan,0.0,1
0x93b00,-nan,0.0,1
0x93b80,-nan,0.0,1
0x93c00,-nan,0.0,1
0x93c80,-nan,0.0,1
0x93d00,-nan,0.0,1
0x93d80,-nan,0.0,1
0x93e00,-nan,0.0,1
0x93e80,-nan,0.0,1
0x93f00,-nan,0.0,1
0x93f80,-nan,0.0,1
0x94000,-nan,0.0,1
0x94080,-nan,0.0,1
0x94100,-nan,0.0,1
0x94180,-nan,0.0,1
0x94200,-nan,0.0,1
0x94280,-nan,0.0,1
0x94300,-nan,0.0,1
0x94380,-nan,0.0,1
0x94400,-nan,0.0,1
0x94480,-nan,0.0,1
0x94500,-nan,0.0,1
0x94580,-nan,0.0,1
0x94600,-nan,0.0,1
0x94680,-nan,0.0,1
0x94700,-nan,0.0,1
0x94780,-nan,0.0,1
0x94800,-nan,0.0,1
0x94880,-nan,0.0,1
0x94900,-nan,0.0,1
0x94980,-nan,0.0,1
0x94a00,-nan,0.0,1
0x94a80,-nan,0.0,1
0x94b00,-nan,0.0,1
0x94b80,-nan,0.0,1
0x94c00,-nan,0.0,1
0x94c80,-nan,0.0,1
0x94d00,-nan,0.0,1
0x94d80,-nan,0.0,1
0x94e00,-nan,0.0,1
0x94e80,-nan,0.0,1
0x94f00,-nan,0.0,1
0x94f80,-nan,0.0,1
0x95000,-nan,0.0,1
0x95080,-nan,0.0,1
0x95100,-nan,0.0,1
0x95180,-nan,0.0,1
0x95200,-nan,0.0,1
0x95280,-nan,0.0,1
0x95300,-nan,0.0,1
0x95380,-nan,0.0,1
0x95400,-nan,0.0,1
0x95480,-nan,0.0,1
0x95500,-nan,0.0,1
0x95580,-nan,0.0,1
0x95600,-nan,0.0,1
0x95680,-nan,0.0,1
0x95700,-nan,0.0,1
0x95780,-nan,0.0,1
0x95800,-nan,0.0,1
0x95880,-nan,0.0,1
0x95900,-nan,0.0,1
0x95980,-nan,0.0,1
0x95a00,-nan,0.0,1
0x95a80,-nan,0.0,1
0x95b00,-nan,0.0,1
0x95b80,-nan,0.0,1
0x95c00,-nan,0.0,1
0x95c80,-nan,0.0,1
0x95d00,-nan,0.0,1
0x95d80,-nan,0.0,1
0x95e00,-nan,0.0,1
0x95e80,-nan,0.0,1
0x95f00,-nan,0.0,1
0x95f80,-nan,0.0,1
0x96000,-nan,0.0,1
0x96080,-nan,0.0,1
0x96100,-nan,0.0,1
0x96180,-nan,0.0,1
0x96200,-nan,0.0,1
0x96280,-nan,0.0,1
0x96300,-nan,0.0,1
0x96380,-nan,0.0,1
0x96400,-nan,0.0,1
0x96480,-nan,0.0,1
0x96500,-nan,0.0,1
0x96580,-nan,0.0,1
0x96600,-nan,0.0,1
0x96680,-nan,0.0,1
0x96700,-nan,0.0,1
0x96780,-nan,0.0,1
0x96800,-nan,0.0,1
0x96880,-nan,0.0,1
0x96900,-nan,0.0,1
0x96980,-nan,0.0,1
0x96a00,-nan,0.0,1
0x96a80,-nan,0.0,1
0x96b00,-nan,0.0,1
0x96b80,-nan,0.0,1
0x96c00,-nan,0.0,1
0x96c80,-nan,0.0,1
0x96d00,-nan,0.0,1
0x96d80,-nan,0.0,1
0x96e00,-nan,0.0,1
0x96e80,-nan,0.0,1
0x96f00,-nan,0.0,1
0x96f80,-nan,0.0,1
0x97000,-nan,0.0,1
0x97080,-nan,0.0,1
0x97100,-nan,0.0,1
0x97180,-nan,0.0,1
0x97200,-nan,0.0,1
0x97280,-nan,0.0,1
0x97300,-nan,0.0,1
0x97380,-nan,0.0,1
0x97400,-nan,0.0,1
0x97480,-nan,0.0,1
0x97500,-nan,0.0,1
0x97580,-nan,0.0,1
0x97600,-nan,0.0,1
0x97680,-nan,0.0,1
0x97700,-nan,0.0,1
0x97780,-nan,0.0,1
0x97800,-nan,0.0,1
0x97880,-nan,0.0,1
0x97900,-nan,0.0,1
0x97980,-nan,0.0,1
0x97a00,-nan,0.0,1
0x97a80,-nan,0.0,1
0x97b00,-nan,0.0,1
0x97b80,-nan,0.0,1
0x97c00,-nan,0.0,1
0x97c80,-nan,0.0,1
0x97d00,-nan,0.0,1
0x97d80,-nan,0.0,1
0x97e00,-nan,0.0,1
0x97e80,-nan,0.0,1
0x97f00,-nan,0.0,1
0x97f80,-nan,0.0,1
0x98000,-nan,0.0,1
0x98080,-nan,0.0,1
0x98100,-nan,0.0,1
0x98180,-nan,0.0,1
0x98200,-nan,0.0,1
0x98280,-nan,0.0,1
0x98300,-nan,0.0,1
0x98380,-nan,0.0,1
0x98400,-nan,0.0,1
0x98480,-nan,0.0,1
0x98500,-nan,0.0,1
0x98580,-nan,0.0,1
0x98600,-nan,0.0,1
0x98680,-nan,0.0,1
0x98700,-nan,0.0,1
0x98780,-nan,0.0,1
0x98800,-nan,0.0,1
0x98880,-nan,0.0,1
0x98900,-nan,0.0,1
0x98980,-nan,0.0,1
0x98a00,-nan,0.0,1
0x98a80,-nan,0.0,1
0x98b00,-nan,0.0,1
0x98b80,-nan,0.0,1
0x98c00,-nan,0.0,1
0x98c80,-nan,0.0,1
0x98d00,-nan,0.0,1
0x98d80,-nan,0.0,1
0x98e00,-nan,0.0,1
0x98e80,-nan,0.0,1
0x98f00,-nan,0.0,1
0x98f80,-nan,0.0,1
0x99000,-nan,0.0,1
0x99080,-nan,0.0,1
0x99100,-nan,0.0,1
0x99180,-nan,0.0,1
0x99200,-nan,0.0,1
0x99280,-nan,0.0,1
0x99300,-nan,0.0,1
0x99380,-nan,0.0,1
0x99400,-nan,0.0,1
0x99480,-nan,0.0,1
0x99500,-nan,0.0,1
0x99580,-nan,0.0,1
0x99600,-nan,0.0,1
0x99680,-nan,0.0,1
0x99700,-nan,0.0,1
0x99780,-nan,0.0,1
0x99800,-nan,0.0,1
0x99880,-nan,0.0,1
0x99900,-nan,0.0,1
0x99980,-nan,0.0,1
0x99a00,-nan,0.0,1
0x99a80,-nan,0.0,1
0x99b00,-nan,0.0,1
0x99b80,-nan,0.0,1
0x99c00,-nan,0.0,1
0x99c80,-nan,0.0,1
0x99d00,-nan,0.0,1
0x99d80,-nan,0.0,1
0x99e00,-nan,0.0,1
0x99e80,-nan,0.0,1
0x99f00,-nan,0.0,1
0x99f80,-nan,0.0,1
0x9a000,-nan,0.0,1
0x9a080,-nan,0.0,1
0x9a100,-nan,0.0,1
0x9a180,-nan,0.0,1
0x9a200,-nan,0.0,1
0x9a280,-nan,0.0,1
0x9a300,-nan,0.0,1
0x9a380,-nan,0.0,1
0x9a400,-nan,0.0,1
0x9a480,-nan,0.0,1
0x9a500,-nan,0.0,1
0x9a580,-nan,0.0,1
0x9a600,-nan,0.0,1
0x9a680,-nan,0.0,1
0x9a700,-nan,0.0,1
0x9a780,-nan,0.0,1
0x9a800,-nan,0.0,1
0x9a880,-nan,0.0,1
0x9a900,-nan,0.0,1
0x9a980,-nan,0.0,1
0x9aa00,-nan,0.0,1
0x9aa80,-nan,0.0,1
0x9ab00,-nan,0.0,1
0x9ab80,-nan,0.0,1
0x9ac00,-nan,0.0,1
0x9ac80,-nan,0.0,1
0x9ad00,-nan,0.0,1
0x9ad80,-nan,0.0,1
0x9ae00,-nan,0.0,1
0x9ae80,-nan,0.0,1
0x9af00,-nan,0.0,1
0x9af80,-nan,0.0,1
0x9b000,-nan,0.0,1
0x9b080,-nan,0.0,1
0x9b100,-nan,0.0,1
0x9b180,-nan,0.0,1
0x9b200,-nan,0.0,1
0x9b280,-nan,0.0,1
0x9b300,-nan,0.0,1
0x9b380,-nan,0.0,1
0x9b400,-nan,0.0,1
0x9b480,-nan,0.0,1
0x9b500,-nan,0.0,1
0x9b580,-nan,0.0,1
0x9b600,-nan,0.0,1
0x9b680,-nan,0.0,1
0x9b700,-nan,0.0,1
0x9b780,-nan,0.0,1
0x9b800,-nan,0.0,1
0x9b880,-nan,0.0,1
0x9b900,-nan,0.0,1
0x9b980,-nan,0.0,1
0x9ba00,-nan,0.0,1
0x9ba80,-nan,0.0,1
0x9bb00,-nan,0.0,1
0x9bb80,-nan,0.0,1
0x9bc00,-nan,0.0,1
0x9bc80,-nan,0.0,1
0x9bd00,-nan,0.0,1
0x9bd80,-nan,0.0,1
0x9be00,-nan,0.0,1
0x9be80,-nan,0.0,1
0x9bf00,-nan,0.0,1
0x9bf80,-nan,0.0,1
0x9c000,-nan,0.0,1
0x9c080,-nan,0.0,1
0x9c100,-nan,0.0,1
0x9c180,-nan,0.0,1
0x9c200,-nan,0.0,1
0x9c280,-nan,0.0,1
0x9c300,-nan,0.0,1
0x9c380,-nan,0.0,1
0x9c400,-nan,0.0,1
0x9c480,-nan,0.0,1
0x9c500,-nan,0.0,1
0x9c580,-nan,0.0,1
0x9c600,-nan,0.0,1
0x9c680,-nan,0.0,1
0x9c700,-nan,0.0,1
0x9c780,-nan,0.0,1
0x9c800,-nan,0.0,1
0x9c880,-nan,0.0,1
0x9c900,-nan,0.0,1
0x9c980,-nan,0.0,1
0x9ca00,-nan,0.0,1
0x9ca80,-nan,0.0,1
0x9cb00,-nan,0.0,1
0x9cb80,-nan,0.0,1
0x9cc00,-nan,0.0,1
0x9cc80,-nan,0.0,1
0x9cd00,-nan,0.0,1
0x9cd80,-nan,0.0,1
0x9ce00,-nan,0.0,1
0x9ce80,-nan,0.0,1
0x9cf00,-nan,0.0,1
0x9cf80,-nan,0.0,1
0x9d000,-nan,0.0,1
0x9d080,-nan,0.0,1
0x9d100,-nan,0.0,1
0x9d180,-nan,0.0,1
0x9d200,-nan,0.0,1
0x9d280,-nan,0.0,1
0x9d300,-nan,0.0,1
0x9d380,-nan,0.0,1
0x9d400,-nan,0.0,1
0x9d480,-nan,0.0,1
0x9d500,-nan,0.0,1
0x9d580,-nan,0.0,1
0x9d600,-nan,0.0,1
0x9d680,-nan,0.0,1
0x9d700,-nan,0.0,1
0x9d780,-nan,0.0,1
0x9d800,-nan,0.0,1
0x9d880,-nan,0.0,1
0x9d900,-nan,0.0,1
0x9d980,-nan,0.0,1
0x9da00,-nan,0.0,1
0x9da80,-nan,0.0,1
0x9db00,-nan,0.0,1
0x9db80,-nan,0.0,1
0x9dc00,-nan,0.0,1
0x9dc80,-nan,0.0,1
0x9dd00,-nan,0.0,1
0x9dd80,-nan,0.0,1
0x9de00,-nan,0.0,1
0x9de80,-nan,0.0,1
0x9df00,-nan,0.0,1
0x9df80,-nan,0.0,1
0x9e000,-nan,0.0,1
0x9e080,-nan,0.0,1
0x9e100,-nan,0.0,1
0x9e180,-nan,0.0,1
0x9e200,-nan,0.0,1
0x9e280,-nan,0.0,1
0x9e300,-nan,0.0,1
0x9e380,-nan,0.0,1
0x9e400,-nan,0.0,1
0x9e480,-nan,0.0,1
0x9e500,-nan,0.0,1
0x9e580,-nan,0.0,1
0x9e600,-nan,0.0,1
0x9e680,-nan,0.0,1
0x9e700,-nan,0.0,1
0x9e780,-nan,0.0,1
0x9e800,-nan,0.0,1
0x9e880,-nan,0.0,1
0x9e900,-nan,0.0,1
0x9e980,-nan,0.0,1
0x9ea00,-nan,0.0,1
0x9ea80,-nan,0.0,1
0x9eb00,-nan,0.0,1
0x9eb80,-nan,0.0,1
0x9ec00,-nan,0.0,1
0x9ec80,-nan,0.0,1
0x9ed00,-nan,0.0,1
0x9ed80,-nan,0.0,1
0x9ee00,-nan,0.0,1
0x9ee80,-nan,0.0,1
0x9ef00,-nan,0.0,1
0x9ef80,-nan,0.0,1
0x9f000,-nan,0.0,1
0x9f080,-nan,0.0,1
0x9f100,-nan,0.0,1
0x9f180,-nan,0.0,1
0x9f200,-nan,0.0,1
0x9f280,-nan,0.0,1
0x9f300,-nan,0.0,1
0x9f380,-nan,0.0,1
0x9f400,-nan,0.0,1
0x9f480,-nan,0.0,1
0x9f500,-nan,0.0,1
0x9f580,-nan,0.0,1
0x9f600,-nan,0.0,1
0x9f680,-nan,0.0,1
0x9f700,-nan,0.0,1
0x9f780,-nan,0.0,1
0x9f800,-nan,0.0,1
0x9f880,-nan,0.0,1
0x9f900,-nan,0.0,1
0x9f980,-nan,0.0,1
0x9fa00,-nan,0.0,1
0x9fa80,-nan,0.0,1
0x9fb00,-nan,0.0,1
0x9fb80,-nan,0.0,1
0x9fc00,-nan,0.0,1
0x9fc80,-nan,0.0,1
0x9fd00,-nan,0.0,1
0x9fd80,-nan,0.0,1
0x9fe00,-nan,0.0,1
0x9fe80,-nan,0.0,1
0x9ff00,-nan,0.0,1
0x9ff80,-nan,0.0,1
0xa0000,-nan,0.0,1
0xa0080,-nan,0.0,1
0xa0100,-nan,0.0,1
0xa0180,-nan,0.0,1
0xa0200,-nan,0.0,1
0xa0280,-nan,0.0,1
0xa0300,-nan,0.0,1
0xa0380,-nan,0.0,1
0xa0400,-nan,0.0,1
0xa0480,-nan,0.0,1
0xa0500,-nan,0.0,1
0xa0580,-nan,0.0,1
0xa0600,-nan,0.0,1
0xa0680,-nan,0.0,1
0xa0700,-nan,0.0,1
0xa0780,-nan,0.0,1
0xa0800,-nan,0.0,1
0xa0880,-nan,0.0,1
0xa0900,-nan,0.0,1
0xa0980,-nan,0.0,1
0xa0a00,-nan,0.0,1
0xa0a80,-nan,0.0,1
0xa0b00,-nan,0.0,1
0xa0b80,-nan,0.0,1
0xa0c00,-nan,0.0,1
0xa0c80,-nan,0.0,1
0xa0d00,-nan,0.0,1
0xa0d80,-nan,0.0,1
0xa0e00,-nan,0.0,1
0xa0e80,-nan,0.0,1
0xa0f00,-nan,0.0,1
0xa0f80,-nan,0.0,1
0xa1000,-nan,0.0,1
0xa1080,-nan,0.0,1
0xa1100,-nan,0.0,1
0xa1180,-nan,0.0,1
0xa1200,-nan,0.0,1
0xa1280,-nan,0.0,1
0xa1300,-nan,0.0,1
0xa1380,-nan,0.0,1
0xa1400,-nan,0.0,1
0xa1480,-nan,0.0,1
0xa1500,-nan,0.0,1
0xa1580,-nan,0.0,1
0xa1600,-nan,0.0,1
0xa1680,-nan,0.0,1
0xa1700,-nan,0.0,1
0xa1780,-nan,0.0,1
0xa1800,-nan,0.0,1
0xa1880,-nan,0.0,1
0xa1900,-nan,0.0,1
0xa1980,-nan,0.0,1
0xa1a00,-nan,0.0,1
0xa1a80,-nan,0.0,1
0xa1b00,-nan,0.0,1
0xa1b80,-nan,0.0,1
0xa1c00,-nan,0.0,1
0xa1c80,-nan,0.0,1
0xa1d00,-nan,0.0,1
0xa1d80,-nan,0.0,1
0xa1e00,-nan,0.0,1
0xa1e80,-nan,0.0,1
0xa1f00,-nan,0.0,1
0xa1f80,-nan,0.0,1
0xa2000,-nan,0.0,1
0xa2080,-nan,0.0,1
0xa2100,-nan,0.0,1
0xa2180,-nan,0.0,1
0xa2200,-nan,0.0,1
0xa2280,-nan,0.0,1
0xa2300,-nan,0.0,1
0xa2380,-nan,0.0,1
0xa2400,-nan,0.0,1
0xa2480,-nan,0.0,1
0xa2500,-nan,0.0,1
0xa2580,-nan,0.0,1
0xa2600,-nan,0.0,1
0xa2680,-nan,0.0,1
0xa2700,-nan,0.0,1
0xa2780,-nan,0.0,1
0xa2800,-nan,0.0,1
0xa2880,-nan,0.0,1
0xa2900,-nan,0.0,1
0xa2980,-nan,0.0,1
0xa2a00,-nan,0.0,1
0xa2a80,-nan,0.0,1
0xa2b00,-nan,0.0,1
0xa2b80,-nan,0.0,1
0xa2c00,-nan,0.0,1
0xa2c80,-nan,0.0,1
0xa2d00,-nan,0.0,1
0xa2d80,-nan,0.0,1
0xa2e00,-nan,0.0,1
0xa2e80,-nan,0.0,1
0xa2f00,-nan,0.0,1
0xa2f80,-nan,0.0,1
0xa3000,-nan,0.0,1
0xa3080,-nan,0.0,1
0xa3100,-nan,0.0,1
0xa3180,-nan,0.0,1
0xa3200,-nan,0.0,1
0xa3280,-nan,0.0,1
0xa3300,-nan,0.0,1
0xa3380,-nan,0.0,1
0xa3400,-nan,0.0,1
0xa3480,-nan,0.0,1
0xa3500,-nan,0.0,1
0xa3580,-nan,0.0,1
0xa3600,-nan,0.0,1
0xa3680,-nan,0.0,1
0xa3700,-nan,0.0,1
0xa3780,-nan,0.0,1
0xa3800,-nan,0.0,1
0xa3880,-nan,0.0,1
0xa3900,-nan,0.0,1
0xa3980,-nan,0.0,1
0xa3a00,-nan,0.0,1
0xa3a80,-nan,0.0,1
0xa3b00,-nan,0.0,1
0xa3b80,-nan,0.0,1
0xa3c00,-nan,0.0,1
0xa3c80,-nan,0.0,1
0xa3d00,-nan,0.0,1
0xa3d80,-nan,0.0,1
0xa3e00,-nan,0.0,1
0xa3e80,-nan,0.0,1
0xa3f00,-nan,0.0,1
0xa3f80,-nan,0.0,1
0xa4000,-nan,0.0,1
0xa4080,-nan,0.0,1
0xa4100,-nan,0.0,1
0xa4180,-nan,0.0,1
0xa4200,-nan,0.0,1
0xa4280,-nan,0.0,1
0xa4300,-nan,0.0,1
0xa4380,-nan,0.0,1
0xa4400,-nan,0.0,1
0xa4480,-nan,0.0,1
0xa4500,-nan,0.0,1
0xa4580,-nan,0.0,1
0xa4600,-nan,0.0,1
0xa4680,-nan,0.0,1
0xa4700,-nan,0.0,1
0xa4780,-nan,0.0,1
0xa4800,-nan,0.0,1
0xa4880,-nan,0.0,1
0xa4900,-nan,0.0,1
0xa4980,-nan,0.0,1
0xa4a00,-nan,0.0,1
0xa4a80,-nan,0.0,1
0xa4b00,-nan,0.0,1
0xa4b80,-nan,0.0,1
0xa4c00,-nan,0.0,1
0xa4c80,-nan,0.0,1
0xa4d00,-nan,0.0,1
0xa4d80,-nan,0.0,1
0xa4e00,-nan,0.0,1
0xa4e80,-nan,0.0,1
0xa4f00,-nan,0.0,1
0xa4f80,-nan,0.0,1
0xa5000,-nan,0.0,1
0xa5080,-nan,0.0,1
0xa5100,-nan,0.0,1
0xa5180,-nan,0.0,1
0xa5200,-nan,0.0,1
0xa5280,-nan,0.0,1
0xa5300,-nan,0.0,1
0xa5380,-nan,0.0,1
0xa5400,-nan,0.0,1
0xa5480,-nan,0.0,1
0xa5500,-nan,0.0,1
0xa5580,-nan,0.0,1
0xa5600,-nan,0.0,1
0xa5680,-nan,0.0,1
0xa5700,-nan,0.0,1
0xa5780,-nan,0.0,1
0xa5800,-nan,0.0,1
0xa5880,-nan,0.0,1
0xa5900,-nan,0.0,1
0xa5980,-nan,0.0,1
0xa5a00,-nan,0.0,1
0xa5a80,-nan,0.0,1
0xa5b00,-nan,0.0,1
0xa5b80,-nan,0.0,1
0xa5c00,-nan,0.0,1
0xa5c80,-nan,0.0,1
0xa5d00,-nan,0.0,1
0xa5d80,-nan,0.0,1
0xa5e00,-nan,0.0,1
0xa5e80,-nan,0.0,1
0xa5f00,-nan,0.0,1
0xa5f80,-nan,0.0,1
0xa6000,-nan,0.0,1
0xa6080,-nan,0.0,1
0xa6100,-nan,0.0,1
0xa6180,-nan,0.0,1
0xa6200,-nan,0.0,1
0xa6280,-nan,0.0,1
0xa6300,-nan,0.0,1
0xa6380,-nan,0.0,1
0xa6400,-nan,0.0,1
0xa6480,-nan,0.0,1
0xa6500,-nan,0.0,1
0xa6580,-nan,0.0,1
0xa6600,-nan,0.0,1
0xa6680,-nan,0.0,1
0xa6700,-nan,0.0,1
0xa6780,-nan,0.0,1
0xa6800,-nan,0.0,1
0xa6880,-nan,0.0,1
0xa6900,-nan,0.0,1
0xa6980,-nan,0.0,1
0xa6a00,-nan,0.0,1
0xa6a80,-nan,0.0,1
0xa6b00,-nan,0.0,1
0xa6b80,-nan,0.0,1
0xa6c00,-nan,0.0,1
0xa6c80,-nan,0.0,1
0xa6d00,-nan,0.0,1
0xa6d80,-nan,0.0,1
0xa6e00,-nan,0.0,1
0xa6e80,-nan,0.0,1
0xa6f00,-nan,0.0,1
0xa6f80,-nan,0.0,1
0xa7000,-nan,0.0,1
0xa7080,-nan,0.0,1
0xa7100,-nan,0.0,1
0xa7180,-nan,0.0,1
0xa7200,-nan,0.0,1
0xa7280,-nan,0.0,1
0xa7300,-nan,0.0,1
0xa7380,-nan,0.0,1
0xa7400,-nan,0.0,1
0xa7480,-nan,0.0,1
0xa7500,-nan,0.0,1
0xa7580,-nan,0.0,1
0xa7600,-nan,0.0,1
0xa7680,-nan,0.0,1
0xa7700,-nan,0.0,1
0xa7780,-nan,0.0,1
0xa7800,-nan,0.0,1
0xa7880,-nan,0.0,1
0xa7900,-nan,0.0,1
0xa7980,-nan,0.0,1
0xa7a00,-nan,0.0,1
0xa7a80,-nan,0.0,1
0xa7b00,-nan,0.0,1
0xa7b80,-nan,0.0,1
0xa7c00,-nan,0.0,1
0xa7c80,-nan,0.0,1
0xa7d00,-nan,0.0,1
0xa7d80,-nan,0.0,1
0xa7e00,-nan,0.0,1
0xa7e80,-nan,0.0,1
0xa7f00,-nan,0.0,1
0xa7f80,-nan,0.0,1
0xa8000,-nan,0.0,1
0xa8080,-nan,0.0,1
0xa8100,-nan,0.0,1
0xa8180,-nan,0.0,1
0xa8200,-nan,0.0,1
0xa8280,-nan,0.0,1
0xa8300,-nan,0.0,1
0xa8380,-nan,0.0,1
0xa8400,-nan,0.0,1
0xa8480,-nan,0.0,1
0xa8500,-nan,0.0,1
0xa8580,-nan,0.0,1
0xa8600,-nan,0.0,1
0xa8680,-nan,0.0,1
0xa8700,-nan,0.0,1
0xa8780,-nan,0.0,1
0xa8800,-nan,0.0,1
0xa8880,-nan,0.0,1
0xa8900,-nan,0.0,1
0xa8980,-nan,0.0,1
0xa8a00,-nan,0.0,1
0xa8a80,-nan,0.0,1
0xa8b00,-nan,0.0,1
0xa8b80,-nan,0.0,1
0xa8c00,-nan,0.0,1
0xa8c80,-nan,0.0,1
0xa8d00,-nan,0.0,1
0xa8d80,-nan,0.0,1
0xa8e00,-nan,0.0,1
0xa8e80,-nan,0.0,1
0xa8f00,-nan,0.0,1
0xa8f80,-nan,0.0,1
0xa9000,-nan,0.0,1
0xa9080,-nan,0.0,1
0xa9100,-nan,0.0,1
0xa9180,-nan,0.0,1
0xa9200,-nan,0.0,1
0xa9280,-nan,0.0,1
0xa9300,-nan,0.0,1
0xa9380,-nan,0.0,1
0xa9400,-nan,0.0,1
0xa9480,-nan,0.0,1
0xa9500,-nan,0.0,1
0xa9580,-nan,0.0,1
0xa9600,-nan,0.0,1
0xa9680,-nan,0.0,1
0xa9700,-nan,0.0,1
0xa9780,-nan,0.0,1
0xa9800,-nan,0.0,1
0xa9880,-nan,0.0,1
0xa9900,-nan,0.0,1
0xa9980,-nan,0.0,1
0xa9a00,-nan,0.0,1
0xa9a80,-nan,0.0,1
0xa9b00,-nan,0.0,1
0xa9b80,-nan,0.0,1
0xa9c00,-nan,0.0,1
0xa9c80,-nan,0.0,1
0xa9d00,-nan,0.0,1
0xa9d80,-nan,0.0,1
0xa9e00,-nan,0.0,1
0xa9e80,-nan,0.0,1
0xa9f00,-nan,0.0,1
0xa9f80,-nan,0.0,1
0xaa000,-nan,0.0,1
0xaa080,-nan,0.0,1
0xaa100,-nan,0.0,1
0xaa180,-nan,0.0,1
0xaa200,-nan,0.0,1
0xaa280,-nan,0.0,1
0xaa300,-nan,0.0,1
0xaa380,-nan,0.0,1
0xaa400,-nan,0.0,1
0xaa480,-nan,0.0,1
0xaa500,-nan,0.0,1
0xaa580,-nan,0.0,1
0xaa600,-nan,0.0,1
0xaa680,-nan,0.0,1
0xaa700,-nan,0.0,1
0xaa780,-nan,0.0,1
0xaa800,-nan,0.0,1
0xaa880,-nan,0.0,1
0xaa900,-nan,0.0,1
0xaa980,-nan,0.0,1
0xaaa00,-nan,0.0,1
0xaaa80,-nan,0.0,1
0xaab00,-nan,0.0,1
0xaab80,-nan,0.0,1
0xaac00,-nan,0.0,1
0xaac80,-nan,0.0,1
0xaad00,-nan,0.0,1
0xaad80,-nan,0.0,1
0xaae00,-nan,0.0,1
0xaae80,-nan,0.0,1
0xaaf00,-nan,0.0,1
0xaaf80,-nan,0.0,1
0xab000,-nan,0.0,1
0xab080,-nan,0.0,1
0xab100,-nan,0.0,1
0xab180,-nan,0.0,1
0xab200,-nan,0.0,1
0xab280,-nan,0.0,1
0xab300,-nan,0.0,1
0xab380,-nan,0.0,1
0xab400,-nan,0.0,1
0xab480,-nan,0.0,1
0xab500,-nan,0.0,1
0xab580,-nan,0.0,1
0xab600,-nan,0.0,1
0xab680,-nan,0.0,1
0xab700,-nan,0.0,1
0xab780,-nan,0.0,1
0xab800,-nan,0.0,1
0xab880,-nan,0.0,1
0xab900,-nan,0.0,1
0xab980,-nan,0.0,1
0xaba00,-nan,0.0,1
0xaba80,-nan,0.0,1
0xabb00,-nan,0.0,1
0xabb80,-nan,0.0,1
0xabc00,-nan,0.0,1
0xabc80,-nan,0.0,1
0xabd00,-nan,0.0,1
0xabd80,-nan,0.0,1
0xabe00,-nan,0.0,1
0xabe80,-nan,0.0,1
0xabf00,-nan,0.0,1
0xabf80,-nan,0.0,1
0xac000,-nan,0.0,1
0xac080,-nan,0.0,1
0xac100,-nan,0.0,1
0xac180,-nan,0.0,1
0xac200,-nan,0.0,1
0xac280,-nan,0.0,1
0xac300,-nan,0.0,1
0xac380,-nan,0.0,1
0xac400,-nan,0.0,1
0xac480,-nan,0.0,1
0xac500,-nan,0.0,1
0xac580,-nan,0.0,1
0xac600,-nan,0.0,1
0xac680,-nan,0.0,1
0xac700,-nan,0.0,1
0xac780,-nan,0.0,1
0xac800,-nan,0.0,1
0xac880,-nan,0.0,1
0xac900,-nan,0.0,1
0xac980,-nan,0.0,1
0xaca00,-nan,0.0,1
0xaca80,-nan,0.0,1
0xacb00,-nan,0.0,1
0xacb80,-nan,0.0,1
0xacc00,-nan,0.0,1
0xacc80,-nan,0.0,1
0xacd00,-nan,0.0,1
0xacd80,-nan,0.0,1
0xace00,-nan,0.0,1
0xace80,-nan,0.0,1
0xacf00,-nan,0.0,1
0xacf80,-nan,0.0,1
0xad000,-nan,0.0,1
0xad080,-nan,0.0,1
0xad100,-nan,0.0,1
0xad180,-nan,0.0,1
0xad200,-nan,0.0,1
0xad280,-nan,0.0,1
0xad300,-nan,0.0,1
0xad380,-nan,0.0,1
0xad400,-nan,0.0,1
0xad480,-nan,0.0,1
0xad500,-nan,0.0,1
0xad580,-nan,0.0,1
0xad600,-nan,0.0,1
0xad680,-nan,0.0,1
0xad700,-nan,0.0,1
0xad780,-nan,0.0,1
0xad800,-nan,0.0,1
0xad880,-nan,0.0,1
0xad900,-nan,0.0,1
0xad980,-nan,0.0,1
0xada00,-nan,0.0,1
0xada80,-nan,0.0,1
0xadb00,-nan,0.0,1
0xadb80,-nan,0.0,1
0xadc00,-nan,0.0,1
0xadc80,-nan,0.0,1
0xadd00,-nan,0.0,1
0xadd80,-nan,0.0,1
0xade00,-nan,0.0,1
0xade80,-nan,0.0,1
0xadf00,-nan,0.0,1
0xadf80,-nan,0.0,1
0xae000,-nan,0.0,1
0xae080,-nan,0.0,1
0xae100,-nan,0.0,1
0xae180,-nan,0.0,1
0xae200,-nan,0.0,1
0xae280,-nan,0.0,1
0xae300,-nan,0.0,1
0xae380,-nan,0.0,1
0xae400,-nan,0.0,1
0xae480,-nan,0.0,1
0xae500,-nan,0.0,1
0xae580,-nan,0.0,1
0xae600,-nan,0.0,1
0xae680,-nan,0.0,1
0xae700,-nan,0.0,1
0xae780,-nan,0.0,1
0xae800,-nan,0.0,1
0xae880,-nan,0.0,1
0xae900,-nan,0.0,1
0xae980,-nan,0.0,1
0xaea00,-nan,0.0,1
0xaea80,-nan,0.0,1
0xaeb00,-nan,0.0,1
0xaeb80,-nan,0.0,1
0xaec00,-nan,0.0,1
0xaec80,-nan,0.0,1
0xaed00,-nan,0.0,1
0xaed80,-nan,0.0,1
0xaee00,-nan,0.0,1
0xaee80,-nan,0.0,1
0xaef00,-nan,0.0,1
0xaef80,-nan,0.0,1
0xaf000,-nan,0.0,1
0xaf080,-nan,0.0,1
0xaf100,-nan,0.0,1
0xaf180,-nan,0.0,1
0xaf200,-nan,0.0,1
0xaf280,-nan,0.0,1
0xaf300,-nan,0.0,1
0xaf380,-nan,0.0,1
0xaf400,-nan,0.0,1
0xaf480,-nan,0.0,1
0xaf500,-nan,0.0,1
0xaf580,-nan,0.0,1
0xaf600,-nan,0.0,1
0xaf680,-nan,0.0,1
0xaf700,-nan,0.0,1
0xaf780,-nan,0.0,1
0xaf800,-nan,0.0,1
0xaf880,-nan,0.0,1
0xaf900,-nan,0.0,1
0xaf980,-nan,0.0,1
0xafa00,-nan,0.0,1
0xafa80,-nan,0.0,1
0xafb00,-nan,0.0,1
0xafb80,-nan,0.0,1
0xafc00,-nan,0.0,1
0xafc80,-nan,0.0,1
0xafd00,-nan,0.0,1
0xafd80,-nan,0.0,1
0xafe00,-nan,0.0,1
0xafe80,-nan,0.0,1
0xaff00,-nan,0.0,1
0xaff80,-nan,0.0,1
0xb0000,-nan,0.0,1
0xb0080,-nan,0.0,1
0xb0100,-nan,0.0,1
0xb0180,-nan,0.0,1
0xb0200,-nan,0.0,1
0xb0280,-nan,0.0,1
0xb0300,-nan,0.0,1
0xb0380,-nan,0.0,1
0xb0400,-nan,0.0,1
0xb0480,-nan,0.0,1
0xb0500,-nan,0.0,1
0xb0580,-nan,0.0,1
0xb0600,-nan,0.0,1
0xb0680,-nan,0.0,1
0xb0700,-nan,0.0,1
0xb0780,-nan,0.0,1
0xb0800,-nan,0.0,1
0xb0880,-nan,0.0,1
0xb0900,-nan,0.0,1
0xb0980,-nan,0.0,1
0xb0a00,-nan,0.0,1
0xb0a80,-nan,0.0,1
0xb0b00,-nan,0.0,1
0xb0b80,-nan,0.0,1
0xb0c00,-nan,0.0,1
0xb0c80,-nan,0.0,1
0xb0d00,-nan,0.0,1
0xb0d80,-nan,0.0,1
0xb0e00,-nan,0.0,1
0xb0e80,-nan,0.0,1
0xb0f00,-nan,0.0,1
0xb0f80,-nan,0.0,1
0xb1000,-nan,0.0,1
0xb1080,-nan,0.0,1
0xb1100,-nan,0.0,1
0xb1180,-nan,0.0,1
0xb1200,-nan,0.0,1
0xb1280,-nan,0.0,1
0xb1300,-nan,0.0,1
0xb1380,-nan,0.0,1
0xb1400,-nan,0.0,1
0xb1480,-nan,0.0,1
0xb1500,-nan,0.0,1
0xb1580,-nan,0.0,1
0xb1600,-nan,0.0,1
0xb1680,-nan,0.0,1
0xb1700,-nan,0.0,1
0xb1780,-nan,0.0,1
0xb1800,-nan,0.0,1
0xb1880,-nan,0.0,1
0xb1900,-nan,0.0,1
0xb1980,-nan,0.0,1
0xb1a00,-nan,0.0,1
0xb1a80,-nan,0.0,1
0xb1b00,-nan,0.0,1
0xb1b80,-nan,0.0,1
0xb1c00,-nan,0.0,1
0xb1c80,-nan,0.0,1
0xb1d00,-nan,0.0,1
0xb1d80,-nan,0.0,1
0xb1e00,-nan,0.0,1
0xb1e80,-nan,0.0,1
0xb1f00,-nan,0.0,1
0xb1f80,-nan,0.0,1
0xb2000,-nan,0.0,1
0xb2080,-nan,0.0,1
0xb2100,-nan,0.0,1
0xb2180,-nan,0.0,1
0xb2200,-nan,0.0,1
0xb2280,-nan,0.0,1
0xb2300,-nan,0.0,1
0xb2380,-nan,0.0,1
0xb2400,-nan,0.0,1
0xb2480,-nan,0.0,1
0xb2500,-nan,0.0,1
0xb2580,-nan,0.0,1
0xb2600,-nan,0.0,1
0xb2680,-nan,0.0,1
0xb2700,-nan,0.0,1
0xb2780,-nan,0.0,1
0xb2800,-nan,0.0,1
0xb2880,-nan,0.0,1
0xb2900,-nan,0.0,1
0xb2980,-nan,0.0,1
0xb2a00,-nan,0.0,1
0xb2a80,-nan,0.0,1
0xb2b00,-nan,0.0,1
0xb2b80,-nan,0.0,1
0xb2c00,-nan,0.0,1
0xb2c80,-nan,0.0,1
0xb2d00,-nan,0.0,1
0xb2d80,-nan,0.0,1
0xb2e00,-nan,0.0,1
0xb2e80,-nan,0.0,1
0xb2f00,-nan,0.0,1
0xb2f80,-nan,0.0,1
0xb3000,-nan,0.0,1
0xb3080,-nan,0.0,1
0xb3100,-nan,0.0,1
0xb3180,-nan,0.0,1
0xb3200,-nan,0.0,1
0xb3280,-nan,0.0,1
0xb3300,-nan,0.0,1
0xb3380,-nan,0.0,1
0xb3400,-nan,0.0,1
0xb3480,-nan,0.0,1
0xb3500,-nan,0.0,1
0xb3580,-nan,0.0,1
0xb3600,-nan,0.0,1
0xb3680,-nan,0.0,1
0xb3700,-nan,0.0,1
0xb3780,-nan,0.0,1
0xb3800,-nan,0.0,1
0xb3880,-nan,0.0,1
0xb3900,-nan,0.0,1
0xb3980,-nan,0.0,1
0xb3a00,-nan,0.0,1
0xb3a80,-nan,0.0,1
0xb3b00,-nan,0.0,1
0xb3b80,-nan,0.0,1
0xb3c00,-nan,0.0,1
0xb3c80,-nan,0.0,1
0xb3d00,-nan,0.0,1
0xb3d80,-nan,0.0,1
0xb3e00,-nan,0.0,1
0xb3e80,-nan,0.0,1
0xb3f00,-nan,0.0,1
0xb3f80,-nan,0.0,1
0xb4000,-nan,0.0,1
0xb4080,-nan,0.0,1
0xb4100,-nan,0.0,1
0xb4180,-nan,0.0,1
0xb4200,-nan,0.0,1
0xb4280,-nan,0.0,1
0xb4300,-nan,0.0,1
0xb4380,-nan,0.0,1
0xb4400,-nan,0.0,1
0xb4480,-nan,0.0,1
0xb4500,-nan,0.0,1
0xb4580,-nan,0.0,1
0xb4600,-nan,0.0,1
0xb4680,-nan,0.0,1
0xb4700,-nan,0.0,1
0xb4780,-nan,0.0,1
0xb4800,-nan,0.0,1
0xb4880,-nan,0.0,1
0xb4900,-nan,0.0,1
0xb4980,-nan,0.0,1
0xb4a00,-nan,0.0,1
0xb4a80,-nan,0.0,1
0xb4b00,-nan,0.0,1
0xb4b80,-nan,0.0,1
0xb4c00,-nan,0.0,1
0xb4c80,-nan,0.0,1
0xb4d00,-nan,0.0,1
0xb4d80,-nan,0.0,1
0xb4e00,-nan,0.0,1
0xb4e80,-nan,0.0,1
0xb4f00,-nan,0.0,1
0xb4f80,-nan,0.0,1
0xb5000,-nan,0.0,1
0xb5080,-nan,0.0,1
0xb5100,-nan,0.0,1
0xb5180,-nan,0.0,1
0xb5200,-nan,0.0,1
0xb5280,-nan,0.0,1
0xb5300,-nan,0.0,1
0xb5380,-nan,0.0,1
0xb5400,-nan,0.0,1
0xb5480,-nan,0.0,1
0xb5500,-nan,0.0,1
0xb5580,-nan,0.0,1
0xb5600,-nan,0.0,1
0xb5680,-nan,0.0,1
0xb5700,-nan,0.0,1
0xb5780,-nan,0.0,1
0xb5800,-nan,0.0,1
0xb5880,-nan,0.0,1
0xb5900,-nan,0.0,1
0xb5980,-nan,0.0,1
0xb5a00,-nan,0.0,1
0xb5a80,-nan,0.0,1
0xb5b00,-nan,0.0,1
0xb5b80,-nan,0.0,1
0xb5c00,-nan,0.0,1
0xb5c80,-nan,0.0,1
0xb5d00,-nan,0.0,1
0xb5d80,-nan,0.0,1
0xb5e00,-nan,0.0,1
0xb5e80,-nan,0.0,1
0xb5f00,-nan,0.0,1
0xb5f80,-nan,0.0,1
0xb6000,-nan,0.0,1
0xb6080,-nan,0.0,1
0xb6100,-nan,0.0,1
0xb6180,-nan,0.0,1
0xb6200,-nan,0.0,1
0xb6280,-nan,0.0,1
0xb6300,-nan,0.0,1
0xb6380,-nan,0.0,1
0xb6400,-nan,0.0,1
0xb6480,-nan,0.0,1
0xb6500,-nan,0.0,1
0xb6580,-nan,0.0,1
0xb6600,-nan,0.0,1
0xb6680,-nan,0.0,1
0xb6700,-nan,0.0,1
0xb6780,-nan,0.0,1
0xb6800,-nan,0.0,1
0xb6880,-nan,0.0,1
0xb6900,-nan,0.0,1
0xb6980,-nan,0.0,1
0xb6a00,-nan,0.0,1
0xb6a80,-nan,0.0,1
0xb6b00,-nan,0.0,1
0xb6b80,-nan,0.0,1
0xb6c00,-nan,0.0,1
0xb6c80,-nan,0.0,1
0xb6d00,-nan,0.0,1
0xb6d80,-nan,0.0,1
0xb6e00,-nan,0.0,1
0xb6e80,-nan,0.0,1
0xb6f00,-nan,0.0,1
0xb6f80,-nan,0.0,1
0xb7000,-nan,0.0,1
0xb7080,-nan,0.0,1
0xb7100,-nan,0.0,1
0xb7180,-nan,0.0,1
0xb7200,-nan,0.0,1
0xb7280,-nan,0.0,1
0xb7300,-nan,0.0,1
0xb7380,-nan,0.0,1
0xb7400,-nan,0.0,1
0xb7480,-nan,0.0,1
0xb7500,-nan,0.0,1
0xb7580,-nan,0.0,1
0xb7600,-nan,0.0,1
0xb7680,-nan,0.0,1
0xb7700,-nan,0.0,1
0xb7780,-nan,0.0,1
0xb7800,-nan,0.0,1
0xb7880,-nan,0.0,1
0xb7900,-nan,0.0,1
0xb7980,-nan,0.0,1
0xb7a00,-nan,0.0,1
0xb7a80,-nan,0.0,1
0xb7b00,-nan,0.0,1
0xb7b80,-nan,0.0,1
0xb7c00,-nan,0.0,1
0xb7c80,-nan,0.0,1
0xb7d00,-nan,0.0,1
0xb7d80,-nan,0.0,1
0xb7e00,-nan,0.0,1
0xb7e80,-nan,0.0,1
0xb7f00,-nan,0.0,1
0xb7f80,-nan,0.0,1
0xb8000,-nan,0.0,1
0xb8080,-nan,0.0,1
0xb8100,-nan,0.0,1
0xb8180,-nan,0.0,1
0xb8200,-nan,0.0,1
0xb8280,-nan,0.0,1
0xb8300,-nan,0.0,1
0xb8380,-nan,0.0,1
0xb8400,-nan,0.0,1
0xb8480,-nan,0.0,1
0xb8500,-nan,0.0,1
0xb8580,-nan,0.0,1
0xb8600,-nan,0.0,1
0xb8680,-nan,0.0,1
0xb8700,-nan,0.0,1
0xb8780,-nan,0.0,1
0xb8800,-nan,0.0,1
0xb8880,-nan,0.0,1
0xb8900,-nan,0.0,1
0xb8980,-nan,0.0,1
0xb8a00,-nan,0.0,1
0xb8a80,-nan,0.0,1
0xb8b00,-nan,0.0,1
0xb8b80,-nan,0.0,1
0xb8c00,-nan,0.0,1
0xb8c80,-nan,0.0,1
0xb8d00,-nan,0.0,1
0xb8d80,-nan,0.0,1
0xb8e00,-nan,0.0,1
0xb8e80,-nan,0.0,1
0xb8f00,-nan,0.0,1
0xb8f80,-nan,0.0,1
0xb9000,-nan,0.0,1
0xb9080,-nan,0.0,1
0xb9100,-nan,0.0,1
0xb9180,-nan,0.0,1
0xb9200,-nan,0.0,1
0xb9280,-nan,0.0,1
0xb9300,-nan,0.0,1
0xb9380,-nan,0.0,1
0xb9400,-nan,0.0,1
0xb9480,-nan,0.0,1
0xb9500,-nan,0.0,1
0xb9580,-nan,0.0,1
0xb9600,-nan,0.0,1
0xb9680,-nan,0.0,1
0xb9700,-nan,0.0,1
0xb9780,-nan,0.0,1
0xb9800,-nan,0.0,1
0xb9880,-nan,0.0,1
0xb9900,-nan,0.0,1
0xb9980,-nan,0.0,1
0xb9a00,-nan,0.0,1
0xb9a80,-nan,0.0,1
0xb9b00,-nan,0.0,1
0xb9b80,-nan,0.0,1
0xb9c00,-nan,0.0,1
0xb9c80,-nan,0.0,1
0xb9d00,-nan,0.0,1
0xb9d80,-nan,0.0,1
0xb9e00,-nan,0.0,1
0xb9e80,-nan,0.0,1
0xb9f00,-nan,0.0,1
0xb9f80,-nan,0.0,1
0xba000,-nan,0.0,1
0xba080,-nan,0.0,1
0xba100,-nan,0.0,1
0xba180,-nan,0.0,1
0xba200,-nan,0.0,1
0xba280,-nan,0.0,1
0xba300,-nan,0.0,1
0xba380,-nan,0.0,1
0xba400,-nan,0.0,1
0xba480,-nan,0.0,1
0xba500,-nan,0.0,1
0xba580,-nan,0.0,1
0xba600,-nan,0.0,1
0xba680,-nan,0.0,1
0xba700,-nan,0.0,1
0xba780,-nan,0.0,1
0xba800,-nan,0.0,1
0xba880,-nan,0.0,1
0xba900,-nan,0.0,1
0xba980,-nan,0.0,1
0xbaa00,-nan,0.0,1
0xbaa80,-nan,0.0,1
0xbab00,-nan,0.0,1
0xbab80,-nan,0.0,1
0xbac00,-nan,0.0,1
0xbac80,-nan,0.0,1
0xbad00,-nan,0.0,1
0xbad80,-nan,0.0,1
0xbae00,-nan,0.0,1
0xbae80,-nan,0.0,1
0xbaf00,-nan,0.0,1
0xbaf80,-nan,0.0,1
0xbb000,-nan,0.0,1
0xbb080,-nan,0.0,1
0xbb100,-nan,0.0,1
0xbb180,-nan,0.0,1
0xbb200,-nan,0.0,1
0xbb280,-nan,0.0,1
0xbb300,-nan,0.0,1
0xbb380,-nan,0.0,1
0xbb400,-nan,0.0,1
0xbb480,-nan,0.0,1
0xbb500,-nan,0.0,1
0xbb580,-nan,0.0,1
0xbb600,-nan,0.0,1
0xbb680,-nan,0.0,1
0xbb700,-nan,0.0,1
0xbb780,-nan,0.0,1
0xbb800,-nan,0.0,1
0xbb880,-nan,0.0,1
0xbb900,-nan,0.0,1
0xbb980,-nan,0.0,1
0xbba00,-nan,0.0,1
0xbba80,-nan,0.0,1
0xbbb00,-nan,0.0,1
0xbbb80,-nan,0.0,1
0xbbc00,-nan,0.0,1
0xbbc80,-nan,0.0,1
0xbbd00,-nan,0.0,1
0xbbd80,-nan,0.0,1
0xbbe00,-nan,0.0,1
0xbbe80,-nan,0.0,1
0xbbf00,-nan,0.0,1
0xbbf80,-nan,0.0,1
0xbc000,-nan,0.0,1
0xbc080,-nan,0.0,1
0xbc100,-nan,0.0,1
0xbc180,-nan,0.0,1
0xbc200,-nan,0.0,1
0xbc280,-nan,0.0,1
0xbc300,-nan,0.0,1
0xbc380,-nan,0.0,1
0xbc400,-nan,0.0,1
0xbc480,-nan,0.0,1
0xbc500,-nan,0.0,1
0xbc580,-nan,0.0,1
0xbc600,-nan,0.0,1
0xbc680,-nan,0.0,1
0xbc700,-nan,0.0,1
0xbc780,-nan,0.0,1
0xbc800,-nan,0.0,1
0xbc880,-nan,0.0,1
0xbc900,-nan,0.0,1
0xbc980,-nan,0.0,1
0xbca00,-nan,0.0,1
0xbca80,-nan,0.0,1
0xbcb00,-nan,0.0,1
0xbcb80,-nan,0.0,1
0xbcc00,-nan,0.0,1
0xbcc80,-nan,0.0,1
0xbcd00,-nan,0.0,1
0xbcd80,-nan,0.0,1
0xbce00,-nan,0.0,1
0xbce80,-nan,0.0,1
0xbcf00,-nan,0.0,1
0xbcf80,-nan,0.0,1
0xbd000,-nan,0.0,1
0xbd080,-nan,0.0,1
0xbd100,-nan,0.0,1
0xbd180,-nan,0.0,1
0xbd200,-nan,0.0,1
0xbd280,-nan,0.0,1
0xbd300,-nan,0.0,1
0xbd380,-nan,0.0,1
0xbd400,-nan,0.0,1
0xbd480,-nan,0.0,1
0xbd500,-nan,0.0,1
0xbd580,-nan,0.0,1
0xbd600,-nan,0.0,1
0xbd680,-nan,0.0,1
0xbd700,-nan,0.0,1
0xbd780,-nan,0.0,1
0xbd800,-nan,0.0,1
0xbd880,-nan,0.0,1
0xbd900,-nan,0.0,1
0xbd980,-nan,0.0,1
0xbda00,-nan,0.0,1
0xbda80,-nan,0.0,1
0xbdb00,-nan,0.0,1
0xbdb80,-nan,0.0,1
0xbdc00,-nan,0.0,1
0xbdc80,-nan,0.0,1
0xbdd00,-nan,0.0,1
0xbdd80,-nan,0.0,1
0xbde00,-nan,0.0,1
0xbde80,-nan,0.0,1
0xbdf00,-nan,0.0,1
0xbdf80,-nan,0.0,1
0xbe000,-nan,0.0,1
0xbe080,-nan,0.0,1
0xbe100,-nan,0.0,1
0xbe180,-nan,0.0,1
0xbe200,-nan,0.0,1
0xbe280,-nan,0.0,1
0xbe300,-nan,0.0,1
0xbe380,-nan,0.0,1
0xbe400,-nan,0.0,1
0xbe480,-nan,0.0,1
0xbe500,-nan,0.0,1
0xbe580,-nan,0.0,1
0xbe600,-nan,0.0,1
0xbe680,-nan,0.0,1
0xbe700,-nan,0.0,1
0xbe780,-nan,0.0,1
0xbe800,-nan,0.0,1
0xbe880,-nan,0.0,1
0xbe900,-nan,0.0,1
0xbe980,-nan,0.0,1
0xbea00,-nan,0.0,1
0xbea80,-nan,0.0,1
0xbeb00,-nan,0.0,1
0xbeb80,-nan,0.0,1
0xbec00,-nan,0.0,1
0xbec80,-nan,0.0,1
0xbed00,-nan,0.0,1
0xbed80,-nan,0.0,1
0xbee00,-nan,0.0,1
0xbee80,-nan,0.0,1
0xbef00,-nan,0.0,1
0xbef80,-nan,0.0,1
0xbf000,-nan,0.0,1
0xbf080,-nan,0.0,1
0xbf100,-nan,0.0,1
0xbf180,-nan,0.0,1
0xbf200,-nan,0.0,1
0xbf280,-nan,0.0,1
0xbf300,-nan,0.0,1
0xbf380,-nan,0.0,1
0xbf400,-nan,0.0,1
0xbf480,-nan,0.0,1
0xbf500,-nan,0.0,1
0xbf580,-nan,0.0,1
0xbf600,-nan,0.0,1
0xbf680,-nan,0.0,1
0xbf700,-nan,0.0,1
0xbf780,-nan,0.0,1
0xbf800,-nan,0.0,1
0xbf880,-nan,0.0,1
0xbf900,-nan,0.0,1
0xbf980,-nan,0.0,1
0xbfa00,-nan,0.0,1
0xbfa80,-nan,0.0,1
0xbfb00,-nan,0.0,1
0xbfb80,-nan,0.0,1
0xbfc00,-nan,0.0,1
0xbfc80,-nan,0.0,1
0xbfd00,-nan,0.0,1
0xbfd80,-nan,0.0,1
0xbfe00,-nan,0.0,1
0xbfe80,-nan,0.0,1
0xbff00,-nan,0.0,1
0xbff80,-nan,0.0,1
0xc0000,-nan,0.0,1
0xc0080,-nan,0.0,1
0xc0100,-nan,0.0,1
0xc0180,-nan,0.0,1
0xc0200,-nan,0.0,1
0xc0280,-nan,0.0,1
0xc0300,-nan,0.0,1
0xc0380,-nan,0.0,1
0xc0400,-nan,0.0,1
0xc0480,-nan,0.0,1
0xc0500,-nan,0.0,1
0xc0580,-nan,0.0,1
0xc0600,-nan,0.0,1
0xc0680,-nan,0.0,1
0xc0700,-nan,0.0,1
0xc0780,-nan,0.0,1
0xc0800,-nan,0.0,1
0xc0880,-nan,0.0,1
0xc0900,-nan,0.0,1
0xc0980,-nan,0.0,1
0xc0a00,-nan,0.0,1
0xc0a80,-nan,0.0,1
0xc0b00,-nan,0.0,1
0xc0b80,-nan,0.0,1
0xc0c00,-nan,0.0,1
0xc0c80,-nan,0.0,1
0xc0d00,-nan,0.0,1
0xc0d80,-nan,0.0,1
0xc0e00,-nan,0.0,1
0xc0e80,-nan,0.0,1
0xc0f00,-nan,0.0,1
0xc0f80,-nan,0.0,1
0xc1000,-nan,0.0,1
0xc1080,-nan,0.0,1
0xc1100,-nan,0.0,1
0xc1180,-nan,0.0,1
0xc1200,-nan,0.0,1
0xc1280,-nan,0.0,1
0xc1300,-nan,0.0,1
0xc1380,-nan,0.0,1
0xc1400,-nan,0.0,1
0xc1480,-nan,0.0,1
0xc1500,-nan,0.0,1
0xc1580,-nan,0.0,1
0xc1600,-nan,0.0,1
0xc1680,-nan,0.0,1
0xc1700,-nan,0.0,1
0xc1780,-nan,0.0,1
0xc1800,-nan,0.0,1
0xc1880,-nan,0.0,1
0xc1900,-nan,0.0,1
0xc1980,-nan,0.0,1
0xc1a00,-nan,0.0,1
0xc1a80,-nan,0.0,1
0xc1b00,-nan,0.0,1
0xc1b80,-nan,0.0,1
0xc1c00,-nan,0.0,1
0xc1c80,-nan,0.0,1
0xc1d00,-nan,0.0,1
0xc1d80,-nan,0.0,1
0xc1e00,-nan,0.0,1
0xc1e80,-nan,0.0,1
0xc1f00,-nan,0.0,1
0xc1f80,-nan,0.0,1
0xc2000,-nan,0.0,1
0xc2080,-nan,0.0,1
0xc2100,-nan,0.0,1
0xc2180,-nan,0.0,1
0xc2200,-nan,0.0,1
0xc2280,-nan,0.0,1
0xc2300,-nan,0.0,1
0xc2380,-nan,0.0,1
0xc2400,-nan,0.0,1
0xc2480,-nan,0.0,1
0xc2500,-nan,0.0,1
0xc2580,-nan,0.0,1
0xc2600,-nan,0.0,1
0xc2680,-nan,0.0,1
0xc2700,-nan,0.0,1
0xc2780,-nan,0.0,1
0xc2800,-nan,0.0,1
0xc2880,-nan,0.0,1
0xc2900,-nan,0.0,1
0xc2980,-nan,0.0,1
0xc2a00,-nan,0.0,1
0xc2a80,-nan,0.0,1
0xc2b00,-nan,0.0,1
0xc2b80,-nan,0.0,1
0xc2c00,-nan,0.0,1
0xc2c80,-nan,0.0,1
0xc2d00,-nan,0.0,1
0xc2d80,-nan,0.0,1
0xc2e00,-nan,0.0,1
0xc2e80,-nan,0.0,1
0xc2f00,-nan,0.0,1
0xc2f80,-nan,0.0,1
0xc3000,-nan,0.0,1
0xc3080,-nan,0.0,1
0xc3100,-nan,0.0,1
0xc3180,-nan,0.0,1
0xc3200,-nan,0.0,1
0xc3280,-nan,0.0,1
0xc3300,-nan,0.0,1
0xc3380,-nan,0.0,1
0xc3400,-nan,0.0,1
0xc3480,-nan,0.0,1
0xc3500,-nan,0.0,1
0xc3580,-nan,0.0,1
0xc3600,-nan,0.0,1
0xc3680,-nan,0.0,1
0xc3700,-nan,0.0,1
0xc3780,-nan,0.0,1
0xc3800,-nan,0.0,1
0xc3880,-nan,0.0,1
0xc3900,-nan,0.0,1
0xc3980,-nan,0.0,1
0xc3a00,-nan,0.0,1
0xc3a80,-nan,0.0,1
0xc3b00,-nan,0.0,1
0xc3b80,-nan,0.0,1
0xc3c00,-nan,0.0,1
0xc3c80,-nan,0.0,1
0xc3d00,-nan,0.0,1
0xc3d80,-nan,0.0,1
0xc3e00,-nan,0.0,1
0xc3e80,-nan,0.0,1
0xc3f00,-nan,0.0,1
0xc3f80,-nan,0.0,1
0xc4000,-nan,0.0,1
0xc4080,-nan,0.0,1
0xc4100,-nan,0.0,1
0xc4180,-nan,0.0,1
0xc4200,-nan,0.0,1
0xc4280,-nan,0.0,1
0xc4300,-nan,0.0,1
0xc4380,-nan,0.0,1
0xc4400,-nan,0.0,1
0xc4480,-nan,0.0,1
0xc4500,-nan,0.0,1
0xc4580,-nan,0.0,1
0xc4600,-nan,0.0,1
0xc4680,-nan,0.0,1
0xc4700,-nan,0.0,1
0xc4780,-nan,0.0,1
0xc4800,-nan,0.0,1
0xc4880,-nan,0.0,1
0xc4900,-nan,0.0,1
0xc4980,-nan,0.0,1
0xc4a00,-nan,0.0,1
0xc4a80,-nan,0.0,1
0xc4b00,-nan,0.0,1
0xc4b80,-nan,0.0,1
0xc4c00,-nan,0.0,1
0xc4c80,-nan,0.0,1
0xc4d00,-nan,0.0,1
0xc4d80,-nan,0.0,1
0xc4e00,-nan,0.0,1
0xc4e80,-nan,0.0,1
0xc4f00,-nan,0.0,1
0xc4f80,-nan,0.0,1
0xc5000,-nan,0.0,1
0xc5080,-nan,0.0,1
0xc5100,-nan,0.0,1
0xc5180,-nan,0.0,1
0xc5200,-nan,0.0,1
0xc5280,-nan,0.0,1
0xc5300,-nan,0.0,1
0xc5380,-nan,0.0,1
0xc5400,-nan,0.0,1
0xc5480,-nan,0.0,1
0xc5500,-nan,0.0,1
0xc5580,-nan,0.0,1
0xc5600,-nan,0.0,1
0xc5680,-nan,0.0,1
0xc5700,-nan,0.0,1
0xc5780,-nan,0.0,1
0xc5800,-nan,0.0,1
0xc5880,-nan,0.0,1
0xc5900,-nan,0.0,1
0xc5980,-nan,0.0,1
0xc5a00,-nan,0.0,1
0xc5a80,-nan,0.0,1
0xc5b00,-nan,0.0,1
0xc5b80,-nan,0.0,1
0xc5c00,-nan,0.0,1
0xc5c80,-nan,0.0,1
0xc5d00,-nan,0.0,1
0xc5d80,-nan,0.0,1
0xc5e00,-nan,0.0,1
0xc5e80,-nan,0.0,1
0xc5f00,-nan,0.0,1
0xc5f80,-nan,0.0,1
0xc6000,-nan,0.0,1
0xc6080,-nan,0.0,1
0xc6100,-nan,0.0,1
0xc6180,-nan,0.0,1
0xc6200,-nan,0.0,1
0xc6280,-nan,0.0,1
0xc6300,-nan,0.0,1
0xc6380,-nan,0.0,1
0xc6400,-nan,0.0,1
0xc6480,-nan,0.0,1
0xc6500,-nan,0.0,1
0xc6580,-nan,0.0,1
0xc6600,-nan,0.0,1
0xc6680,-nan,0.0,1
0xc6700,-nan,0.0,1
0xc6780,-nan,0.0,1
0xc6800,-nan,0.0,1
0xc6880,-nan,0.0,1
0xc6900,-nan,0.0,1
0xc6980,-nan,0.0,1
0xc6a00,-nan,0.0,1
0xc6a80,-nan,0.0,1
0xc6b00,-nan,0.0,1
0xc6b80,-nan,0.0,1
0xc6c00,-nan,0.0,1
0xc6c80,-nan,0.0,1
0xc6d00,-nan,0.0,1
0xc6d80,-nan,0.0,1
0xc6e00,-nan,0.0,1
0xc6e80,-nan,0.0,1
0xc6f00,-nan,0.0,1
0xc6f80,-nan,0.0,1
0xc7000,-nan,0.0,1
0xc7080,-nan,0.0,1
0xc7100,-nan,0.0,1
0xc7180,-nan,0.0,1
0xc7200,-nan,0.0,1
0xc7280,-nan,0.0,1
0xc7300,-nan,0.0,1
0xc7380,-nan,0.0,1
0xc7400,-nan,0.0,1
0xc7480,-nan,0.0,1
0xc7500,-nan,0.0,1
0xc7580,-nan,0.0,1
0xc7600,-nan,0.0,1
0xc7680,-nan,0.0,1
0xc7700,-nan,0.0,1
0xc7780,-nan,0.0,1
0xc7800,-nan,0.0,1
0xc7880,-nan,0.0,1
0xc7900,-nan,0.0,1
0xc7980,-nan,0.0,1
0xc7a00,-nan,0.0,1
0xc7a80,-nan,0.0,1
0xc7b00,-nan,0.0,1
0xc7b80,-nan,0.0,1
0xc7c00,-nan,0.0,1
0xc7c80,-nan,0.0,1
0xc7d00,-nan,0.0,1
0xc7d80,-nan,0.0,1
0xc7e00,-nan,0.0,1
0xc7e80,-nan,0.0,1
0xc7f00,-nan,0.0,1
0xc7f80,-nan,0.0,1
0xc8000,-nan,0.0,1
0xc8080,-nan,0.0,1
0xc8100,-nan,0.0,1
0xc8180,-nan,0.0,1
0xc8200,-nan,0.0,1
0xc8280,-nan,0.0,1
0xc8300,-nan,0.0,1
0xc8380,-nan,0.0,1
0xc8400,-nan,0.0,1
0xc8480,-nan,0.0,1
0xc8500,-nan,0.0,1
0xc8580,-nan,0.0,1
0xc8600,-nan,0.0,1
0xc8680,-nan,0.0,1
0xc8700,-nan,0.0,1
0xc8780,-nan,0.0,1
0xc8800,-nan,0.0,1
0xc8880,-nan,0.0,1
0xc8900,-nan,0.0,1
0xc8980,-nan,0.0,1
0xc8a00,-nan,0.0,1
0xc8a80,-nan,0.0,1
0xc8b00,-nan,0.0,1
0xc8b80,-nan,0.0,1
0xc8c00,-nan,0.0,1
0xc8c80,-nan,0.0,1
0xc8d00,-nan,0.0,1
0xc8d80,-nan,0.0,1
0xc8e00,-nan,0.0,1
0xc8e80,-nan,0.0,1
0xc8f00,-nan,0.0,1
0xc8f80,-nan,0.0,1
0xc9000,-nan,0.0,1
0xc9080,-nan,0.0,1
0xc9100,-nan,0.0,1
0xc9180,-nan,0.0,1
0xc9200,-nan,0.0,1
0xc9280,-nan,0.0,1
0xc9300,-nan,0.0,1
0xc9380,-nan,0.0,1
0xc9400,-nan,0.0,1
0xc9480,-nan,0.0,1
0xc9500,-nan,0.0,1
0xc9580,-nan,0.0,1
0xc9600,-nan,0.0,1
0xc9680,-nan,0.0,1
0xc9700,-nan,0.0,1
0xc9780,-nan,0.0,1
0xc9800,-nan,0.0,1
0xc9880,-nan,0.0,1
0xc9900,-nan,0.0,1
0xc9980,-nan,0.0,1
0xc9a00,-nan,0.0,1
0xc9a80,-nan,0.0,1
0xc9b00,-nan,0.0,1
0xc9b80,-nan,0.0,1
0xc9c00,-nan,0.0,1
0xc9c80,-nan,0.0,1
0xc9d00,-nan,0.0,1
0xc9d80,-nan,0.0,1
0xc9e00,-nan,0.0,1
0xc9e80,-nan,0.0,1
0xc9f00,-nan,0.0,1
0xc9f80,-nan,0.0,1
0xca000,-nan,0.0,1
0xca080,-nan,0.0,1
0xca100,-nan,0.0,1
0xca180,-nan,0.0,1
0xca200,-nan,0.0,1
0xca280,-nan,0.0,1
0xca300,-nan,0.0,1
0xca380,-nan,0.0,1
0xca400,-nan,0.0,1
0xca480,-nan,0.0,1
0xca500,-nan,0.0,1
0xca580,-nan,0.0,1
0xca600,-nan,0.0,1
0xca680,-nan,0.0,1
0xca700,-nan,0.0,1
0xca780,-nan,0.0,1
0xca800,-nan,0.0,1
0xca880,-nan,0.0,1
0xca900,-nan,0.0,1
0xca980,-nan,0.0,1
0xcaa00,-nan,0.0,1
0xcaa80,-nan,0.0,1
0xcab00,-nan,0.0,1
0xcab80,-nan,0.0,1
0xcac00,-nan,0.0,1
0xcac80,-nan,0.0,1
0xcad00,-nan,0.0,1
0xcad80,-nan,0.0,1
0xcae00,-nan,0.0,1
0xcae80,-nan,0.0,1
0xcaf00,-nan,0.0,1
0xcaf80,-nan,0.0,1
0xcb000,-nan,0.0,1
0xcb080,-nan,0.0,1
0xcb100,-nan,0.0,1
0xcb180,-nan,0.0,1
0xcb200,-nan,0.0,1
0xcb280,-nan,0.0,1
0xcb300,-nan,0.0,1
0xcb380,-nan,0.0,1
0xcb400,-nan,0.0,1
0xcb480,-nan,0.0,1
0xcb500,-nan,0.0,1
0xcb580,-nan,0.0,1
0xcb600,-nan,0.0,1
0xcb680,-nan,0.0,1
0xcb700,-nan,0.0,1
0xcb780,-nan,0.0,1
0xcb800,-nan,0.0,1
0xcb880,-nan,0.0,1
0xcb900,-nan,0.0,1
0xcb980,-nan,0.0,1
0xcba00,-nan,0.0,1
0xcba80,-nan,0.0,1
0xcbb00,-nan,0.0,1
0xcbb80,-nan,0.0,1
0xcbc00,-nan,0.0,1
0xcbc80,-nan,0.0,1
0xcbd00,-nan,0.0,1
0xcbd80,-nan,0.0,1
0xcbe00,-nan,0.0,1
0xcbe80,-nan,0.0,1
0xcbf00,-nan,0.0,1
0xcbf80,-nan,0.0,1
0xcc000,-nan,0.0,1
0xcc080,-nan,0.0,1
0xcc100,-nan,0.0,1
0xcc180,-nan,0.0,1
0xcc200,-nan,0.0,1
0xcc280,-nan,0.0,1
0xcc300,-nan,0.0,1
0xcc380,-nan,0.0,1
0xcc400,-nan,0.0,1
0xcc480,-nan,0.0,1
0xcc500,-nan,0.0,1
0xcc580,-nan,0.0,1
0xcc600,-nan,0.0,1
0xcc680,-nan,0.0,1
0xcc700,-nan,0.0,1
0xcc780,-nan,0.0,1
0xcc800,-nan,0.0,1
0xcc880,-nan,0.0,1
0xcc900,-nan,0.0,1
0xcc980,-nan,0.0,1
0xcca00,-nan,0.0,1
0xcca80,-nan,0.0,1
0xccb00,-nan,0.0,1
0xccb80,-nan,0.0,1
0xccc00,-nan,0.0,1
0xccc80,-nan,0.0,1
0xccd00,-nan,0.0,1
0xccd80,-nan,0.0,1
0xcce00,-nan,0.0,1
0xcce80,-nan,0.0,1
0xccf00,-nan,0.0,1
0xccf80,-nan,0.0,1
0xcd000,-nan,0.0,1
0xcd080,-nan,0.0,1
0xcd100,-nan,0.0,1
0xcd180,-nan,0.0,1
0xcd200,-nan,0.0,1
0xcd280,-nan,0.0,1
0xcd300,-nan,0.0,1
0xcd380,-nan,0.0,1
0xcd400,-nan,0.0,1
0xcd480,-nan,0.0,1
0xcd500,-nan,0.0,1
0xcd580,-nan,0.0,1
0xcd600,-nan,0.0,1
0xcd680,-nan,0.0,1
0xcd700,-nan,0.0,1
0xcd780,-nan,0.0,1
0xcd800,-nan,0.0,1
0xcd880,-nan,0.0,1
0xcd900,-nan,0.0,1
0xcd980,-nan,0.0,1
0xcda00,-nan,0.0,1
0xcda80,-nan,0.0,1
0xcdb00,-nan,0.0,1
0xcdb80,-nan,0.0,1
0xcdc00,-nan,0.0,1
0xcdc80,-nan,0.0,1
0xcdd00,-nan,0.0,1
0xcdd80,-nan,0.0,1
0xcde00,-nan,0.0,1
0xcde80,-nan,0.0,1
0xcdf00,-nan,0.0,1
0xcdf80,-nan,0.0,1
0xce000,-nan,0.0,1
0xce080,-nan,0.0,1
0xce100,-nan,0.0,1
0xce180,-nan,0.0,1
0xce200,-nan,0.0,1
0xce280,-nan,0.0,1
0xce300,-nan,0.0,1
0xce380,-nan,0.0,1
0xce400,-nan,0.0,1
0xce480,-nan,0.0,1
0xce500,-nan,0.0,1
0xce580,-nan,0.0,1
0xce600,-nan,0.0,1
0xce680,-nan,0.0,1
0xce700,-nan,0.0,1
0xce780,-nan,0.0,1
0xce800,-nan,0.0,1
0xce880,-nan,0.0,1
0xce900,-nan,0.0,1
0xce980,-nan,0.0,1
0xcea00,-nan,0.0,1
0xcea80,-nan,0.0,1
0xceb00,-nan,0.0,1
0xceb80,-nan,0.0,1
0xcec00,-nan,0.0,1
0xcec80,-nan,0.0,1
0xced00,-nan,0.0,1
0xced80,-nan,0.0,1
0xcee00,-nan,0.0,1
0xcee80,-nan,0.0,1
0xcef00,-nan,0.0,1
0xcef80,-nan,0.0,1
0xcf000,-nan,0.0,1
0xcf080,-nan,0.0,1
0xcf100,-nan,0.0,1
0xcf180,-nan,0.0,1
0xcf200,-nan,0.0,1
0xcf280,-nan,0.0,1
0xcf300,-nan,0.0,1
0xcf380,-nan,0.0,1
0xcf400,-nan,0.0,1
0xcf480,-nan,0.0,1
0xcf500,-nan,0.0,1
0xcf580,-nan,0.0,1
0xcf600,-nan,0.0,1
0xcf680,-nan,0.0,1
0xcf700,-nan,0.0,1
0xcf780,-nan,0.0,1
0xcf800,-nan,0.0,1
0xcf880,-nan,0.0,1
0xcf900,-nan,0.0,1
0xcf980,-nan,0.0,1
0xcfa00,-nan,0.0,1
0xcfa80,-nan,0.0,1
0xcfb00,-nan,0.0,1
0xcfb80,-nan,0.0,1
0xcfc00,-nan,0.0,1
0xcfc80,-nan,0.0,1
0xcfd00,-nan,0.0,1
0xcfd80,-nan,0.0,1
0xcfe00,-nan,0.0,1
0xcfe80,-nan,0.0,1
0xcff00,-nan,0.0,1
0xcff80,-nan,0.0,1
0xd0000,-nan,0.0,1
0xd0080,-nan,0.0,1
0xd0100,-nan,0.0,1
0xd0180,-nan,0.0,1
0xd0200,-nan,0.0,1
0xd0280,-nan,0.0,1
0xd0300,-nan,0.0,1
0xd0380,-nan,0.0,1
0xd0400,-nan,0.0,1
0xd0480,-nan,0.0,1
0xd0500,-nan,0.0,1
0xd0580,-nan,0.0,1
0xd0600,-nan,0.0,1
0xd0680,-nan,0.0,1
0xd0700,-nan,0.0,1
0xd0780,-nan,0.0,1
0xd0800,-nan,0.0,1
0xd0880,-nan,0.0,1
0xd0900,-nan,0.0,1
0xd0980,-nan,0.0,1
0xd0a00,-nan,0.0,1
0xd0a80,-nan,0.0,1
0xd0b00,-nan,0.0,1
0xd0b80,-nan,0.0,1
0xd0c00,-nan,0.0,1
0xd0c80,-nan,0.0,1
0xd0d00,-nan,0.0,1
0xd0d80,-nan,0.0,1
0xd0e00,-nan,0.0,1
0xd0e80,-nan,0.0,1
0xd0f00,-nan,0.0,1
0xd0f80,-nan,0.0,1
0xd1000,-nan,0.0,1
0xd1080,-nan,0.0,1
0xd1100,-nan,0.0,1
0xd1180,-nan,0.0,1
0xd1200,-nan,0.0,1
0xd1280,-nan,0.0,1
0xd1300,-nan,0.0,1
0xd1380,-nan,0.0,1
0xd1400,-nan,0.0,1
0xd1480,-nan,0.0,1
0xd1500,-nan,0.0,1
0xd1580,-nan,0.0,1
0xd1600,-nan,0.0,1
0xd1680,-nan,0.0,1
0xd1700,-nan,0.0,1
0xd1780,-nan,0.0,1
0xd1800,-nan,0.0,1
0xd1880,-nan,0.0,1
0xd1900,-nan,0.0,1
0xd1980,-nan,0.0,1
0xd1a00,-nan,0.0,1
0xd1a80,-nan,0.0,1
0xd1b00,-nan,0.0,1
0xd1b80,-nan,0.0,1
0xd1c00,-nan,0.0,1
0xd1c80,-nan,0.0,1
0xd1d00,-nan,0.0,1
0xd1d80,-nan,0.0,1
0xd1e00,-nan,0.0,1
0xd1e80,-nan,0.0,1
0xd1f00,-nan,0.0,1
0xd1f80,-nan,0.0,1
0xd2000,-nan,0.0,1
0xd2080,-nan,0.0,1
0xd2100,-nan,0.0,1
0xd2180,-nan,0.0,1
0xd2200,-nan,0.0,1
0xd2280,-nan,0.0,1
0xd2300,-nan,0.0,1
0xd2380,-nan,0.0,1
0xd2400,-nan,0.0,1
0xd2480,-nan,0.0,1
0xd2500,-nan,0.0,1
0xd2580,-nan,0.0,1
0xd2600,-nan,0.0,1
0xd2680,-nan,0.0,1
0xd2700,-nan,0.0,1
0xd2780,-nan,0.0,1
0xd2800,-nan,0.0,1
0xd2880,-nan,0.0,1
0xd2900,-nan,0.0,1
0xd2980,-nan,0.0,1
0xd2a00,-nan,0.0,1
0xd2a80,-nan,0.0,1
0xd2b00,-nan,0.0,1
0xd2b80,-nan,0.0,1
0xd2c00,-nan,0.0,1
0xd2c80,-nan,0.0,1
0xd2d00,-nan,0.0,1
0xd2d80,-nan,0.0,1
0xd2e00,-nan,0.0,1
0xd2e80,-nan,0.0,1
0xd2f00,-nan,0.0,1
0xd2f80,-nan,0.0,1
0xd3000,-nan,0.0,1
0xd3080,-nan,0.0,1
0xd3100,-nan,0.0,1
0xd3180,-nan,0.0,1
0xd3200,-nan,0.0,1
0xd3280,-nan,0.0,1
0xd3300,-nan,0.0,1
0xd3380,-nan,0.0,1
0xd3400,-nan,0.0,1
0xd3480,-nan,0.0,1
0xd3500,-nan,0.0,1
0xd3580,-nan,0.0,1
0xd3600,-nan,0.0,1
0xd3680,-nan,0.0,1
0xd3700,-nan,0.0,1
0xd3780,-nan,0.0,1
0xd3800,-nan,0.0,1
0xd3880,-nan,0.0,1
0xd3900,-nan,0.0,1
0xd3980,-nan,0.0,1
0xd3a00,-nan,0.0,1
0xd3a80,-nan,0.0,1
0xd3b00,-nan,0.0,1
0xd3b80,-nan,0.0,1
0xd3c00,-nan,0.0,1
0xd3c80,-nan,0.0,1
0xd3d00,-nan,0.0,1
0xd3d80,-nan,0.0,1
0xd3e00,-nan,0.0,1
0xd3e80,-nan,0.0,1
0xd3f00,-nan,0.0,1
0xd3f80,-nan,0.0,1
0xd4000,-nan,0.0,1
0xd4080,-nan,0.0,1
0xd4100,-nan,0.0,1
0xd4180,-nan,0.0,1
0xd4200,-nan,0.0,1
0xd4280,-nan,0.0,1
0xd4300,-nan,0.0,1
0xd4380,-nan,0.0,1
0xd4400,-nan,0.0,1
0xd4480,-nan,0.0,1
0xd4500,-nan,0.0,1
0xd4580,-nan,0.0,1
0xd4600,-nan,0.0,1
0xd4680,-nan,0.0,1
0xd4700,-nan,0.0,1
0xd4780,-nan,0.0,1
0xd4800,-nan,0.0,1
0xd4880,-nan,0.0,1
0xd4900,-nan,0.0,1
0xd4980,-nan,0.0,1
0xd4a00,-nan,0.0,1
0xd4a80,-nan,0.0,1
0xd4b00,-nan,0.0,1
0xd4b80,-nan,0.0,1
0xd4c00,-nan,0.0,1
0xd4c80,-nan,0.0,1
0xd4d00,-nan,0.0,1
0xd4d80,-nan,0.0,1
0xd4e00,-nan,0.0,1
0xd4e80,-nan,0.0,1
0xd4f00,-nan,0.0,1
0xd4f80,-nan,0.0,1
0xd5000,-nan,0.0,1
0xd5080,-nan,0.0,1
0xd5100,-nan,0.0,1
0xd5180,-nan,0.0,1
0xd5200,-nan,0.0,1
0xd5280,-nan,0.0,1
0xd5300,-nan,0.0,1
0xd5380,-nan,0.0,1
0xd5400,-nan,0.0,1
0xd5480,-nan,0.0,1
0xd5500,-nan,0.0,1
0xd5580,-nan,0.0,1
0xd5600,-nan,0.0,1
0xd5680,-nan,0.0,1
0xd5700,-nan,0.0,1
0xd5780,-nan,0.0,1
0xd5800,-nan,0.0,1
0xd5880,-nan,0.0,1
0xd5900,-nan,0.0,1
0xd5980,-nan,0.0,1
0xd5a00,-nan,0.0,1
0xd5a80,-nan,0.0,1
0xd5b00,-nan,0.0,1
0xd5b80,-nan,0.0,1
0xd5c00,-nan,0.0,1
0xd5c80,-nan,0.0,1
0xd5d00,-nan,0.0,1
0xd5d80,-nan,0.0,1
0xd5e00,-nan,0.0,1
0xd5e80,-nan,0.0,1
0xd5f00,-nan,0.0,1
0xd5f80,-nan,0.0,1
0xd6000,-nan,0.0,1
0xd6080,-nan,0.0,1
0xd6100,-nan,0.0,1
0xd6180,-nan,0.0,1
0xd6200,-nan,0.0,1
0xd6280,-nan,0.0,1
0xd6300,-nan,0.0,1
0xd6380,-nan,0.0,1
0xd6400,-nan,0.0,1
0xd6480,-nan,0.0,1
0xd6500,-nan,0.0,1
0xd6580,-nan,0.0,1
0xd6600,-nan,0.0,1
0xd6680,-nan,0.0,1
0xd6700,-nan,0.0,1
0xd6780,-nan,0.0,1
0xd6800,-nan,0.0,1
0xd6880,-nan,0.0,1
0xd6900,-nan,0.0,1
0xd6980,-nan,0.0,1
0xd6a00,-nan,0.0,1
0xd6a80,-nan,0.0,1
0xd6b00,-nan,0.0,1
0xd6b80,-nan,0.0,1
0xd6c00,-nan,0.0,1
0xd6c80,-nan,0.0,1
0xd6d00,-nan,0.0,1
0xd6d80,-nan,0.0,1
0xd6e00,-nan,0.0,1
0xd6e80,-nan,0.0,1
0xd6f00,-nan,0.0,1
0xd6f80,-nan,0.0,1
0xd7000,-nan,0.0,1
0xd7080,-nan,0.0,1
0xd7100,-nan,0.0,1
0xd7180,-nan,0.0,1
0xd7200,-nan,0.0,1
0xd7280,-nan,0.0,1
0xd7300,-nan,0.0,1
0xd7380,-nan,0.0,1
0xd7400,-nan,0.0,1
0xd7480,-nan,0.0,1
0xd7500,-nan,0.0,1
0xd7580,-nan,0.0,1
0xd7600,-nan,0.0,1
0xd7680,-nan,0.0,1
0xd7700,-nan,0.0,1
0xd7780,-nan,0.0,1
0xd7800,-nan,0.0,1
0xd7880,-nan,0.0,1
0xd7900,-nan,0.0,1
0xd7980,-nan,0.0,1
0xd7a00,-nan,0.0,1
0xd7a80,-nan,0.0,1
0xd7b00,-nan,0.0,1
0xd7b80,-nan,0.0,1
0xd7c00,-nan,0.0,1
0xd7c80,-nan,0.0,1
0xd7d00,-nan,0.0,1
0xd7d80,-nan,0.0,1
0xd7e00,-nan,0.0,1
0xd7e80,-nan,0.0,1
0xd7f00,-nan,0.0,1
0xd7f80,-nan,0.0,1
0xd8000,-nan,0.0,1
0xd8080,-nan,0.0,1
0xd8100,-nan,0.0,1
0xd8180,-nan,0.0,1
0xd8200,-nan,0.0,1
0xd8280,-nan,0.0,1
0xd8300,-nan,0.0,1
0xd8380,-nan,0.0,1
0xd8400,-nan,0.0,1
0xd8480,-nan,0.0,1
0xd8500,-nan,0.0,1
0xd8580,-nan,0.0,1
0xd8600,-nan,0.0,1
0xd8680,-nan,0.0,1
0xd8700,-nan,0.0,1
0xd8780,-nan,0.0,1
0xd8800,-nan,0.0,1
0xd8880,-nan,0.0,1
0xd8900,-nan,0.0,1
0xd8980,-nan,0.0,1
0xd8a00,-nan,0.0,1
0xd8a80,-nan,0.0,1
0xd8b00,-nan,0.0,1
0xd8b80,-nan,0.0,1
0xd8c00,-nan,0.0,1
0xd8c80,-nan,0.0,1
0xd8d00,-nan,0.0,1
0xd8d80,-nan,0.0,1
0xd8e00,-nan,0.0,1
0xd8e80,-nan,0.0,1
0xd8f00,-nan,0.0,1
0xd8f80,-nan,0.0,1
0xd9000,-nan,0.0,1
0xd9080,-nan,0.0,1
0xd9100,-nan,0.0,1
0xd9180,-nan,0.0,1
0xd9200,-nan,0.0,1
0xd9280,-nan,0.0,1
0xd9300,-nan,0.0,1
0xd9380,-nan,0.0,1
0xd9400,-nan,0.0,1
0xd9480,-nan,0.0,1
0xd9500,-nan,0.0,1
0xd9580,-nan,0.0,1
0xd9600,-nan,0.0,1
0xd9680,-nan,0.0,1
0xd9700,-nan,0.0,1
0xd9780,-nan,0.0,1
0xd9800,-nan,0.0,1
0xd9880,-nan,0.0,1
0xd9900,-nan,0.0,1
0xd9980,-nan,0.0,1
0xd9a00,-nan,0.0,1
0xd9a80,-nan,0.0,1
0xd9b00,-nan,0.0,1
0xd9b80,-nan,0.0,1
0xd9c00,-nan,0.0,1
0xd9c80,-nan,0.0,1
0xd9d00,-nan,0.0,1
0xd9d80,-nan,0.0,1
0xd9e00,-nan,0.0,1
0xd9e80,-nan,0.0,1
0xd9f00,-nan,0.0,1
0xd9f80,-nan,0.0,1
0xda000,-nan,0.0,1
0xda080,-nan,0.0,1
0xda100,-nan,0.0,1
0xda180,-nan,0.0,1
0xda200,-nan,0.0,1
0xda280,-nan,0.0,1
0xda300,-nan,0.0,1
0xda380,-nan,0.0,1
0xda400,-nan,0.0,1
0xda480,-nan,0.0,1
0xda500,-nan,0.0,1
0xda580,-nan,0.0,1
0xda600,-nan,0.0,1
0xda680,-nan,0.0,1
0xda700,-nan,0.0,1
0xda780,-nan,0.0,1
0xda800,-nan,0.0,1
0xda880,-nan,0.0,1
0xda900,-nan,0.0,1
0xda980,-nan,0.0,1
0xdaa00,-nan,0.0,1
0xdaa80,-nan,0.0,1
0xdab00,-nan,0.0,1
0xdab80,-nan,0.0,1
0xdac00,-nan,0.0,1
0xdac80,-nan,0.0,1
0xdad00,-nan,0.0,1
0xdad80,-nan,0.0,1
0xdae00,-nan,0.0,1
0xdae80,-nan,0.0,1
0xdaf00,-nan,0.0,1
0xdaf80,-nan,0.0,1
0xdb000,-nan,0.0,1
0xdb080,-nan,0.0,1
0xdb100,-nan,0.0,1
0xdb180,-nan,0.0,1
0xdb200,-nan,0.0,1
0xdb280,-nan,0.0,1
0xdb300,-nan,0.0,1
0xdb380,-nan,0.0,1
0xdb400,-nan,0.0,1
0xdb480,-nan,0.0,1
0xdb500,-nan,0.0,1
0xdb580,-nan,0.0,1
0xdb600,-nan,0.0,1
0xdb680,-nan,0.0,1
0xdb700,-nan,0.0,1
0xdb780,-nan,0.0,1
0xdb800,-nan,0.0,1
0xdb880,-nan,0.0,1
0xdb900,-nan,0.0,1
0xdb980,-nan,0.0,1
0xdba00,-nan,0.0,1
0xdba80,-nan,0.0,1
0xdbb00,-nan,0.0,1
0xdbb80,-nan,0.0,1
0xdbc00,-nan,0.0,1
0xdbc80,-nan,0.0,1
0xdbd00,-nan,0.0,1
0xdbd80,-nan,0.0,1
0xdbe00,-nan,0.0,1
0xdbe80,-nan,0.0,1
0xdbf00,-nan,0.0,1
0xdbf80,-nan,0.0,1
0xdc000,-nan,0.0,1
0xdc080,-nan,0.0,1
0xdc100,-nan,0.0,1
0xdc180,-nan,0.0,1
0xdc200,-nan,0.0,1
0xdc280,-nan,0.0,1
0xdc300,-nan,0.0,1
0xdc380,-nan,0.0,1
0xdc400,-nan,0.0,1
0xdc480,-nan,0.0,1
0xdc500,-nan,0.0,1
0xdc580,-nan,0.0,1
0xdc600,-nan,0.0,1
0xdc680,-nan,0.0,1
0xdc700,-nan,0.0,1
0xdc780,-nan,0.0,1
0xdc800,-nan,0.0,1
0xdc880,-nan,0.0,1
0xdc900,-nan,0.0,1
0xdc980,-nan,0.0,1
0xdca00,-nan,0.0,1
0xdca80,-nan,0.0,1
0xdcb00,-nan,0.0,1
0xdcb80,-nan,0.0,1
0xdcc00,-nan,0.0,1
0xdcc80,-nan,0.0,1
0xdcd00,-nan,0.0,1
0xdcd80,-nan,0.0,1
0xdce00,-nan,0.0,1
0xdce80,-nan,0.0,1
0xdcf00,-nan,0.0,1
0xdcf80,-nan,0.0,1
0xdd000,-nan,0.0,1
0xdd080,-nan,0.0,1
0xdd100,-nan,0.0,1
0xdd180,-nan,0.0,1
0xdd200,-nan,0.0,1
0xdd280,-nan,0.0,1
0xdd300,-nan,0.0,1
0xdd380,-nan,0.0,1
0xdd400,-nan,0.0,1
0xdd480,-nan,0.0,1
0xdd500,-nan,0.0,1
0xdd580,-nan,0.0,1
0xdd600,-nan,0.0,1
0xdd680,-nan,0.0,1
0xdd700,-nan,0.0,1
0xdd780,-nan,0.0,1
0xdd800,-nan,0.0,1
0xdd880,-nan,0.0,1
0xdd900,-nan,0.0,1
0xdd980,-nan,0.0,1
0xdda00,-nan,0.0,1
0xdda80,-nan,0.0,1
0xddb00,-nan,0.0,1
0xddb80,-nan,0.0,1
0xddc00,-nan,0.0,1
0xddc80,-nan,0.0,1
0xddd00,-nan,0.0,1
0xddd80,-nan,0.0,1
0xdde00,-nan,0.0,1
0xdde80,-nan,0.0,1
0xddf00,-nan,0.0,1
0xddf80,-nan,0.0,1
0xde000,-nan,0.0,1
0xde080,-nan,0.0,1
0xde100,-nan,0.0,1
0xde180,-nan,0.0,1
0xde200,-nan,0.0,1
0xde280,-nan,0.0,1
0xde300,-nan,0.0,1
0xde380,-nan,0.0,1
0xde400,-nan,0.0,1
0xde480,-nan,0.0,1
0xde500,-nan,0.0,1
0xde580,-nan,0.0,1
0xde600,-nan,0.0,1
0xde680,-nan,0.0,1
0xde700,-nan,0.0,1
0xde780,-nan,0.0,1
0xde800,-nan,0.0,1
0xde880,-nan,0.0,1
0xde900,-nan,0.0,1
0xde980,-nan,0.0,1
0xdea00,-nan,0.0,1
0xdea80,-nan,0.0,1
0xdeb00,-nan,0.0,1
0xdeb80,-nan,0.0,1
0xdec00,-nan,0.0,1
0xdec80,-nan,0.0,1
0xded00,-nan,0.0,1
0xded80,-nan,0.0,1
0xdee00,-nan,0.0,1
0xdee80,-nan,0.0,1
0xdef00,-nan,0.0,1
0xdef80,-nan,0.0,1
0xdf000,-nan,0.0,1
0xdf080,-nan,0.0,1
0xdf100,-nan,0.0,1
0xdf180,-nan,0.0,1
0xdf200,-nan,0.0,1
0xdf280,-nan,0.0,1
0xdf300,-nan,0.0,1
0xdf380,-nan,0.0,1
0xdf400,-nan,0.0,1
0xdf480,-nan,0.0,1
0xdf500,-nan,0.0,1
0xdf580,-nan,0.0,1
0xdf600,-nan,0.0,1
0xdf680,-nan,0.0,1
0xdf700,-nan,0.0,1
0xdf780,-nan,0.0,1
0xdf800,-nan,0.0,1
0xdf880,-nan,0.0,1
0xdf900,-nan,0.0,1
0xdf980,-nan,0.0,1
0xdfa00,-nan,0.0,1
0xdfa80,-nan,0.0,1
0xdfb00,-nan,0.0,1
0xdfb80,-nan,0.0,1
0xdfc00,-nan,0.0,1
0xdfc80,-nan,0.0,1
0xdfd00,-nan,0.0,1
0xdfd80,-nan,0.0,1
0xdfe00,-nan,0.0,1
0xdfe80,-nan,0.0,1
0xdff00,-nan,0.0,1
0xdff80,-nan,0.0,1
0xe0000,-nan,0.0,1
0xe0080,-nan,0.0,1
0xe0100,-nan,0.0,1
0xe0180,-nan,0.0,1
0xe0200,-nan,0.0,1
0xe0280,-nan,0.0,1
0xe0300,-nan,0.0,1
0xe0380,-nan,0.0,1
0xe0400,-nan,0.0,1
0xe0480,-nan,0.0,1
0xe0500,-nan,0.0,1
0xe0580,-nan,0.0,1
0xe0600,-nan,0.0,1
0xe0680,-nan,0.0,1
0xe0700,-nan,0.0,1
0xe0780,-nan,0.0,1
0xe0800,-nan,0.0,1
0xe0880,-nan,0.0,1
0xe0900,-nan,0.0,1
0xe0980,-nan,0.0,1
0xe0a00,-nan,0.0,1
0xe0a80,-nan,0.0,1
0xe0b00,-nan,0.0,1
0xe0b80,-nan,0.0,1
0xe0c00,-nan,0.0,1
0xe0c80,-nan,0.0,1
0xe0d00,-nan,0.0,1
0xe0d80,-nan,0.0,1
0xe0e00,-nan,0.0,1
0xe0e80,-nan,0.0,1
0xe0f00,-nan,0.0,1
0xe0f80,-nan,0.0,1
0xe1000,-nan,0.0,1
0xe1080,-nan,0.0,1
0xe1100,-nan,0.0,1
0xe1180,-nan,0.0,1
0xe1200,-nan,0.0,1
0xe1280,-nan,0.0,1
0xe1300,-nan,0.0,1
0xe1380,-nan,0.0,1
0xe1400,-nan,0.0,1
0xe1480,-nan,0.0,1
0xe1500,-nan,0.0,1
0xe1580,-nan,0.0,1
0xe1600,-nan,0.0,1
0xe1680,-nan,0.0,1
0xe1700,-nan,0.0,1
0xe1780,-nan,0.0,1
0xe1800,-nan,0.0,1
0xe1880,-nan,0.0,1
0xe1900,-nan,0.0,1
0xe1980,-nan,0.0,1
0xe1a00,-nan,0.0,1
0xe1a80,-nan,0.0,1
0xe1b00,-nan,0.0,1
0xe1b80,-nan,0.0,1
0xe1c00,-nan,0.0,1
0xe1c80,-nan,0.0,1
0xe1d00,-nan,0.0,1
0xe1d80,-nan,0.0,1
0xe1e00,-nan,0.0,1
0xe1e80,-nan,0.0,1
0xe1f00,-nan,0.0,1
0xe1f80,-nan,0.0,1
0xe2000,-nan,0.0,1
0xe2080,-nan,0.0,1
0xe2100,-nan,0.0,1
0xe2180,-nan,0.0,1
0xe2200,-nan,0.0,1
0xe2280,-nan,0.0,1
0xe2300,-nan,0.0,1
0xe2380,-nan,0.0,1
0xe2400,-nan,0.0,1
0xe2480,-nan,0.0,1
0xe2500,-nan,0.0,1
0xe2580,-nan,0.0,1
0xe2600,-nan,0.0,1
0xe2680,-nan,0.0,1
0xe2700,-nan,0.0,1
0xe2780,-nan,0.0,1
0xe2800,-nan,0.0,1
0xe2880,-nan,0.0,1
0xe2900,-nan,0.0,1
0xe2980,-nan,0.0,1
0xe2a00,-nan,0.0,1
0xe2a80,-nan,0.0,1
0xe2b00,-nan,0.0,1
0xe2b80,-nan,0.0,1
0xe2c00,-nan,0.0,1
0xe2c80,-nan,0.0,1
0xe2d00,-nan,0.0,1
0xe2d80,-nan,0.0,1
0xe2e00,-nan,0.0,1
0xe2e80,-nan,0.0,1
0xe2f00,-nan,0.0,1
0xe2f80,-nan,0.0,1
0xe3000,-nan,0.0,1
0xe3080,-nan,0.0,1
0xe3100,-nan,0.0,1
0xe3180,-nan,0.0,1
0xe3200,-nan,0.0,1
0xe3280,-nan,0.0,1
0xe3300,-nan,0.0,1
0xe3380,-nan,0.0,1
0xe3400,-nan,0.0,1
0xe3480,-nan,0.0,1
0xe3500,-nan,0.0,1
0xe3580,-nan,0.0,1
0xe3600,-nan,0.0,1
0xe3680,-nan,0.0,1
0xe3700,-nan,0.0,1
0xe3780,-nan,0.0,1
0xe3800,-nan,0.0,1
0xe3880,-nan,0.0,1
0xe3900,-nan,0.0,1
0xe3980,-nan,0.0,1
0xe3a00,-nan,0.0,1
0xe3a80,-nan,0.0,1
0xe3b00,-nan,0.0,1
0xe3b80,-nan,0.0,1
0xe3c00,-nan,0.0,1
0xe3c80,-nan,0.0,1
0xe3d00,-nan,0.0,1
0xe3d80,-nan,0.0,1
0xe3e00,-nan,0.0,1
0xe3e80,-nan,0.0,1
0xe3f00,-nan,0.0,1
0xe3f80,-nan,0.0,1
0xe4000,-nan,0.0,1
0xe4080,-nan,0.0,1
0xe4100,-nan,0.0,1
0xe4180,-nan,0.0,1
0xe4200,-nan,0.0,1
0xe4280,-nan,0.0,1
0xe4300,-nan,0.0,1
0xe4380,-nan,0.0,1
0xe4400,-nan,0.0,1
0xe4480,-nan,0.0,1
0xe4500,-nan,0.0,1
0xe4580,-nan,0.0,1
0xe4600,-nan,0.0,1
0xe4680,-nan,0.0,1
0xe4700,-nan,0.0,1
0xe4780,-nan,0.0,1
0xe4800,-nan,0.0,1
0xe4880,-nan,0.0,1
0xe4900,-nan,0.0,1
0xe4980,-nan,0.0,1
0xe4a00,-nan,0.0,1
0xe4a80,-nan,0.0,1
0xe4b00,-nan,0.0,1
0xe4b80,-nan,0.0,1
0xe4c00,-nan,0.0,1
0xe4c80,-nan,0.0,1
0xe4d00,-nan,0.0,1
0xe4d80,-nan,0.0,1
0xe4e00,-nan,0.0,1
0xe4e80,-nan,0.0,1
0xe4f00,-nan,0.0,1
0xe4f80,-nan,0.0,1
0xe5000,-nan,0.0,1
0xe5080,-nan,0.0,1
0xe5100,-nan,0.0,1
0xe5180,-nan,0.0,1
0xe5200,-nan,0.0,1
0xe5280,-nan,0.0,1
0xe5300,-nan,0.0,1
0xe5380,-nan,0.0,1
0xe5400,-nan,0.0,1
0xe5480,-nan,0.0,1
0xe5500,-nan,0.0,1
0xe5580,-nan,0.0,1
0xe5600,-nan,0.0,1
0xe5680,-nan,0.0,1
0xe5700,-nan,0.0,1
0xe5780,-nan,0.0,1
0xe5800,-nan,0.0,1
0xe5880,-nan,0.0,1
0xe5900,-nan,0.0,1
0xe5980,-nan,0.0,1
0xe5a00,-nan,0.0,1
0xe5a80,-nan,0.0,1
0xe5b00,-nan,0.0,1
0xe5b80,-nan,0.0,1
0xe5c00,-nan,0.0,1
0xe5c80,-nan,0.0,1
0xe5d00,-nan,0.0,1
0xe5d80,-nan,0.0,1
0xe5e00,-nan,0.0,1
0xe5e80,-nan,0.0,1
0xe5f00,-nan,0.0,1
0xe5f80,-nan,0.0,1
0xe6000,-nan,0.0,1
0xe6080,-nan,0.0,1
0xe6100,-nan,0.0,1
0xe6180,-nan,0.0,1
0xe6200,-nan,0.0,1
0xe6280,-nan,0.0,1
0xe6300,-nan,0.0,1
0xe6380,-nan,0.0,1
0xe6400,-nan,0.0,1
0xe6480,-nan,0.0,1
0xe6500,-nan,0.0,1
0xe6580,-nan,0.0,1
0xe6600,-nan,0.0,1
0xe6680,-nan,0.0,1
0xe6700,-nan,0.0,1
0xe6780,-nan,0.0,1
0xe6800,-nan,0.0,1
0xe6880,-nan,0.0,1
0xe6900,-nan,0.0,1
0xe6980,-nan,0.0,1
0xe6a00,-nan,0.0,1
0xe6a80,-nan,0.0,1
0xe6b00,-nan,0.0,1
0xe6b80,-nan,0.0,1
0xe6c00,-nan,0.0,1
0xe6c80,-nan,0.0,1
0xe6d00,-nan,0.0,1
0xe6d80,-nan,0.0,1
0xe6e00,-nan,0.0,1
0xe6e80,-nan,0.0,1
0xe6f00,-nan,0.0,1
0xe6f80,-nan,0.0,1
0xe7000,-nan,0.0,1
0xe7080,-nan,0.0,1
0xe7100,-nan,0.0,1
0xe7180,-nan,0.0,1
0xe7200,-nan,0.0,1
0xe7280,-nan,0.0,1
0xe7300,-nan,0.0,1
0xe7380,-nan,0.0,1
0xe7400,-nan,0.0,1
0xe7480,-nan,0.0,1
0xe7500,-nan,0.0,1
0xe7580,-nan,0.0,1
0xe7600,-nan,0.0,1
0xe7680,-nan,0.0,1
0xe7700,-nan,0.0,1
0xe7780,-nan,0.0,1
0xe7800,-nan,0.0,1
0xe7880,-nan,0.0,1
0xe7900,-nan,0.0,1
0xe7980,-nan,0.0,1
0xe7a00,-nan,0.0,1
0xe7a80,-nan,0.0,1
0xe7b00,-nan,0.0,1
0xe7b80,-nan,0.0,1
0xe7c00,-nan,0.0,1
0xe7c80,-nan,0.0,1
0xe7d00,-nan,0.0,1
0xe7d80,-nan,0.0,1
0xe7e00,-nan,0.0,1
0xe7e80,-nan,0.0,1
0xe7f00,-nan,0.0,1
0xe7f80,-nan,0.0,1
0xe8000,-nan,0.0,1
0xe8080,-nan,0.0,1
0xe8100,-nan,0.0,1
0xe8180,-nan,0.0,1
0xe8200,-nan,0.0,1
0xe8280,-nan,0.0,1
0xe8300,-nan,0.0,1
0xe8380,-nan,0.0,1
0xe8400,-nan,0.0,1
0xe8480,-nan,0.0,1
0xe8500,-nan,0.0,1
0xe8580,-nan,0.0,1
0xe8600,-nan,0.0,1
0xe8680,-nan,0.0,1
0xe8700,-nan,0.0,1
0xe8780,-nan,0.0,1
0xe8800,-nan,0.0,1
0xe8880,-nan,0.0,1
0xe8900,-nan,0.0,1
0xe8980,-nan,0.0,1
0xe8a00,-nan,0.0,1
0xe8a80,-nan,0.0,1
0xe8b00,-nan,0.0,1
0xe8b80,-nan,0.0,1
0xe8c00,-nan,0.0,1
0xe8c80,-nan,0.0,1
0xe8d00,-nan,0.0,1
0xe8d80,-nan,0.0,1
0xe8e00,-nan,0.0,1
0xe8e80,-nan,0.0,1
0xe8f00,-nan,0.0,1
0xe8f80,-nan,0.0,1
0xe9000,-nan,0.0,1
0xe9080,-nan,0.0,1
0xe9100,-nan,0.0,1
0xe9180,-nan,0.0,1
0xe9200,-nan,0.0,1
0xe9280,-nan,0.0,1
0xe9300,-nan,0.0,1
0xe9380,-nan,0.0,1
0xe9400,-nan,0.0,1
0xe9480,-nan,0.0,1
0xe9500,-nan,0.0,1
0xe9580,-nan,0.0,1
0xe9600,-nan,0.0,1
0xe9680,-nan,0.0,1
0xe9700,-nan,0.0,1
0xe9780,-nan,0.0,1
0xe9800,-nan,0.0,1
0xe9880,-nan,0.0,1
0xe9900,-nan,0.0,1
0xe9980,-nan,0.0,1
0xe9a00,-nan,0.0,1
0xe9a80,-nan,0.0,1
0xe9b00,-nan,0.0,1
0xe9b80,-nan,0.0,1
0xe9c00,-nan,0.0,1
0xe9c80,-nan,0.0,1
0xe9d00,-nan,0.0,1
0xe9d80,-nan,0.0,1
0xe9e00,-nan,0.0,1
0xe9e80,-nan,0.0,1
0xe9f00,-nan,0.0,1
0xe9f80,-nan,0.0,1
0xea000,-nan,0.0,1
0xea080,-nan,0.0,1
0xea100,-nan,0.0,1
0xea180,-nan,0.0,1
0xea200,-nan,0.0,1
0xea280,-nan,0.0,1
0xea300,-nan,0.0,1
0xea380,-nan,0.0,1
0xea400,-nan,0.0,1
0xea480,-nan,0.0,1
0xea500,-nan,0.0,1
0xea580,-nan,0.0,1
0xea600,-nan,0.0,1
0xea680,-nan,0.0,1
0xea700,-nan,0.0,1
0xea780,-nan,0.0,1
0xea800,-nan,0.0,1
0xea880,-nan,0.0,1
0xea900,-nan,0.0,1
0xea980,-nan,0.0,1
0xeaa00,-nan,0.0,1
0xeaa80,-nan,0.0,1
0xeab00,-nan,0.0,1
0xeab80,-nan,0.0,1
0xeac00,-nan,0.0,1
0xeac80,-nan,0.0,1
0xead00,-nan,0.0,1
0xead80,-nan,0.0,1
0xeae00,-nan,0.0,1
0xeae80,-nan,0.0,1
0xeaf00,-nan,0.0,1
0xeaf80,-nan,0.0,1
0xeb000,-nan,0.0,1
0xeb080,-nan,0.0,1
0xeb100,-nan,0.0,1
0xeb180,-nan,0.0,1
0xeb200,-nan,0.0,1
0xeb280,-nan,0.0,1
0xeb300,-nan,0.0,1
0xeb380,-nan,0.0,1
0xeb400,-nan,0.0,1
0xeb480,-nan,0.0,1
0xeb500,-nan,0.0,1
0xeb580,-nan,0.0,1
0xeb600,-nan,0.0,1
0xeb680,-nan,0.0,1
0xeb700,-nan,0.0,1
0xeb780,-nan,0.0,1
0xeb800,-nan,0.0,1
0xeb880,-nan,0.0,1
0xeb900,-nan,0.0,1
0xeb980,-nan,0.0,1
0xeba00,-nan,0.0,1
0xeba80,-nan,0.0,1
0xebb00,-nan,0.0,1
0xebb80,-nan,0.0,1
0xebc00,-nan,0.0,1
0xebc80,-nan,0.0,1
0xebd00,-nan,0.0,1
0xebd80,-nan,0.0,1
0xebe00,-nan,0.0,1
0xebe80,-nan,0.0,1
0xebf00,-nan,0.0,1
0xebf80,-nan,0.0,1
0xec000,-nan,0.0,1
0xec080,-nan,0.0,1
0xec100,-nan,0.0,1
0xec180,-nan,0.0,1
0xec200,-nan,0.0,1
0xec280,-nan,0.0,1
0xec300,-nan,0.0,1
0xec380,-nan,0.0,1
0xec400,-nan,0.0,1
0xec480,-nan,0.0,1
0xec500,-nan,0.0,1
0xec580,-nan,0.0,1
0xec600,-nan,0.0,1
0xec680,-nan,0.0,1
0xec700,-nan,0.0,1
0xec780,-nan,0.0,1
0xec800,-nan,0.0,1
0xec880,-nan,0.0,1
0xec900,-nan,0.0,1
0xec980,-nan,0.0,1
0xeca00,-nan,0.0,1
0xeca80,-nan,0.0,1
0xecb00,-nan,0.0,1
0xecb80,-nan,0.0,1
0xecc00,-nan,0.0,1
0xecc80,-nan,0.0,1
0xecd00,-nan,0.0,1
0xecd80,-nan,0.0,1
0xece00,-nan,0.0,1
0xece80,-nan,0.0,1
0xecf00,-nan,0.0,1
0xecf80,-nan,0.0,1
0xed000,-nan,0.0,1
0xed080,-nan,0.0,1
0xed100,-nan,0.0,1
0xed180,-nan,0.0,1
0xed200,-nan,0.0,1
0xed280,-nan,0.0,1
0xed300,-nan,0.0,1
0xed380,-nan,0.0,1
0xed400,-nan,0.0,1
0xed480,-nan,0.0,1
0xed500,-nan,0.0,1
0xed580,-nan,0.0,1
0xed600,-nan,0.0,1
0xed680,-nan,0.0,1
0xed700,-nan,0.0,1
0xed780,-nan,0.0,1
0xed800,-nan,0.0,1
0xed880,-nan,0.0,1
0xed900,-nan,0.0,1
0xed980,-nan,0.0,1
0xeda00,-nan,0.0,1
0xeda80,-nan,0.0,1
0xedb00,-nan,0.0,1
0xedb80,-nan,0.0,1
0xedc00,-nan,0.0,1
0xedc80,-nan,0.0,1
0xedd00,-nan,0.0,1
0xedd80,-nan,0.0,1
0xede00,-nan,0.0,1
0xede80,-nan,0.0,1
0xedf00,-nan,0.0,1
0xedf80,-nan,0.0,1
0xee000,-nan,0.0,1
0xee080,-nan,0.0,1
0xee100,-nan,0.0,1
0xee180,-nan,0.0,1
0xee200,-nan,0.0,1
0xee280,-nan,0.0,1
0xee300,-nan,0.0,1
0xee380,-nan,0.0,1
0xee400,-nan,0.0,1
0xee480,-nan,0.0,1
0xee500,-nan,0.0,1
0xee580,-nan,0.0,1
0xee600,-nan,0.0,1
0xee680,-nan,0.0,1
0xee700,-nan,0.0,1
0xee780,-nan,0.0,1
0xee800,-nan,0.0,1
0xee880,-nan,0.0,1
0xee900,-nan,0.0,1
0xee980,-nan,0.0,1
0xeea00,-nan,0.0,1
0xeea80,-nan,0.0,1
0xeeb00,-nan,0.0,1
0xeeb80,-nan,0.0,1
0xeec00,-nan,0.0,1
0xeec80,-nan,0.0,1
0xeed00,-nan,0.0,1
0xeed80,-nan,0.0,1
0xeee00,-nan,0.0,1
0xeee80,-nan,0.0,1
0xeef00,-nan,0.0,1
0xeef80,-nan,0.0,1
0xef000,-nan,0.0,1
0xef080,-nan,0.0,1
0xef100,-nan,0.0,1
0xef180,-nan,0.0,1
0xef200,-nan,0.0,1
0xef280,-nan,0.0,1
0xef300,-nan,0.0,1
0xef380,-nan,0.0,1
0xef400,-nan,0.0,1
0xef480,-nan,0.0,1
0xef500,-nan,0.0,1
0xef580,-nan,0.0,1
0xef600,-nan,0.0,1
0xef680,-nan,0.0,1
0xef700,-nan,0.0,1
0xef780,-nan,0.0,1
0xef800,-nan,0.0,1
0xef880,-nan,0.0,1
0xef900,-nan,0.0,1
0xef980,-nan,0.0,1
0xefa00,-nan,0.0,1
0xefa80,-nan,0.0,1
0xefb00,-nan,0.0,1
0xefb80,-nan,0.0,1
0xefc00,-nan,0.0,1
0xefc80,-nan,0.0,1
0xefd00,-nan,0.0,1
0xefd80,-nan,0.0,1
0xefe00,-nan,0.0,1
0xefe80,-nan,0.0,1
0xeff00,-nan,0.0,1
0xeff80,-nan,0.0,1
0xf0000,-nan,0.0,1
0xf0080,-nan,0.0,1
0xf0100,-nan,0.0,1
0xf0180,-nan,0.0,1
0xf0200,-nan,0.0,1
0xf0280,-nan,0.0,1
0xf0300,-nan,0.0,1
0xf0380,-nan,0.0,1
0xf0400,-nan,0.0,1
0xf0480,-nan,0.0,1
0xf0500,-nan,0.0,1
0xf0580,-nan,0.0,1
0xf0600,-nan,0.0,1
0xf0680,-nan,0.0,1
0xf0700,-nan,0.0,1
0xf0780,-nan,0.0,1
0xf0800,-nan,0.0,1
0xf0880,-nan,0.0,1
0xf0900,-nan,0.0,1
0xf0980,-nan,0.0,1
0xf0a00,-nan,0.0,1
0xf0a80,-nan,0.0,1
0xf0b00,-nan,0.0,1
0xf0b80,-nan,0.0,1
0xf0c00,-nan,0.0,1
0xf0c80,-nan,0.0,1
0xf0d00,-nan,0.0,1
0xf0d80,-nan,0.0,1
0xf0e00,-nan,0.0,1
0xf0e80,-nan,0.0,1
0xf0f00,-nan,0.0,1
0xf0f80,-nan,0.0,1
0xf1000,-nan,0.0,1
0xf1080,-nan,0.0,1
0xf1100,-nan,0.0,1
0xf1180,-nan,0.0,1
0xf1200,-nan,0.0,1
0xf1280,-nan,0.0,1
0xf1300,-nan,0.0,1
0xf1380,-nan,0.0,1
0xf1400,-nan,0.0,1
0xf1480,-nan,0.0,1
0xf1500,-nan,0.0,1
0xf1580,-nan,0.0,1
0xf1600,-nan,0.0,1
0xf1680,-nan,0.0,1
0xf1700,-nan,0.0,1
0xf1780,-nan,0.0,1
0xf1800,-nan,0.0,1
0xf1880,-nan,0.0,1
0xf1900,-nan,0.0,1
0xf1980,-nan,0.0,1
0xf1a00,-nan,0.0,1
0xf1a80,-nan,0.0,1
0xf1b00,-nan,0.0,1
0xf1b80,-nan,0.0,1
0xf1c00,-nan,0.0,1
0xf1c80,-nan,0.0,1
0xf1d00,-nan,0.0,1
0xf1d80,-nan,0.0,1
0xf1e00,-nan,0.0,1
0xf1e80,-nan,0.0,1
0xf1f00,-nan,0.0,1
0xf1f80,-nan,0.0,1
0xf2000,-nan,0.0,1
0xf2080,-nan,0.0,1
0xf2100,-nan,0.0,1
0xf2180,-nan,0.0,1
0xf2200,-nan,0.0,1
0xf2280,-nan,0.0,1
0xf2300,-nan,0.0,1
0xf2380,-nan,0.0,1
0xf2400,-nan,0.0,1
0xf2480,-nan,0.0,1
0xf2500,-nan,0.0,1
0xf2580,-nan,0.0,1
0xf2600,-nan,0.0,1
0xf2680,-nan,0.0,1
0xf2700,-nan,0.0,1
0xf2780,-nan,0.0,1
0xf2800,-nan,0.0,1
0xf2880,-nan,0.0,1
0xf2900,-nan,0.0,1
0xf2980,-nan,0.0,1
0xf2a00,-nan,0.0,1
0xf2a80,-nan,0.0,1
0xf2b00,-nan,0.0,1
0xf2b80,-nan,0.0,1
0xf2c00,-nan,0.0,1
0xf2c80,-nan,0.0,1
0xf2d00,-nan,0.0,1
0xf2d80,-nan,0.0,1
0xf2e00,-nan,0.0,1
0xf2e80,-nan,0.0,1
0xf2f00,-nan,0.0,1
0xf2f80,-nan,0.0,1
0xf3000,-nan,0.0,1
0xf3080,-nan,0.0,1
0xf3100,-nan,0.0,1
0xf3180,-nan,0.0,1
0xf3200,-nan,0.0,1
0xf3280,-nan,0.0,1
0xf3300,-nan,0.0,1
0xf3380,-nan,0.0,1
0xf3400,-nan,0.0,1
0xf3480,-nan,0.0,1
0xf3500,-nan,0.0,1
0xf3580,-nan,0.0,1
0xf3600,-nan,0.0,1
0xf3680,-nan,0.0,1
0xf3700,-nan,0.0,1
0xf3780,-nan,0.0,1
0xf3800,-nan,0.0,1
0xf3880,-nan,0.0,1
0xf3900,-nan,0.0,1
0xf3980,-nan,0.0,1
0xf3a00,-nan,0.0,1
0xf3a80,-nan,0.0,1
0xf3b00,-nan,0.0,1
0xf3b80,-nan,0.0,1
0xf3c00,-nan,0.0,1
0xf3c80,-nan,0.0,1
0xf3d00,-nan,0.0,1
0xf3d80,-nan,0.0,1
0xf3e00,-nan,0.0,1
0xf3e80,-nan,0.0,1
0xf3f00,-nan,0.0,1
0xf3f80,-nan,0.0,1
0xf4000,-nan,0.0,1
0xf4080,-nan,0.0,1
0xf4100,-nan,0.0,1
0xf4180,-nan,0.0,1
0xf4200,-nan,0.0,1
0xf4280,-nan,0.0,1
0xf4300,-nan,0.0,1
0xf4380,-nan,0.0,1
0xf4400,-nan,0.0,1
0xf4480,-nan,0.0,1
0xf4500,-nan,0.0,1
0xf4580,-nan,0.0,1
0xf4600,-nan,0.0,1
0xf4680,-nan,0.0,1
0xf4700,-nan,0.0,1
0xf4780,-nan,0.0,1
0xf4800,-nan,0.0,1
0xf4880,-nan,0.0,1
0xf4900,-nan,0.0,1
0xf4980,-nan,0.0,1
0xf4a00,-nan,0.0,1
0xf4a80,-nan,0.0,1
0xf4b00,-nan,0.0,1
0xf4b80,-nan,0.0,1
0xf4c00,-nan,0.0,1
0xf4c80,-nan,0.0,1
0xf4d00,-nan,0.0,1
0xf4d80,-nan,0.0,1
0xf4e00,-nan,0.0,1
0xf4e80,-nan,0.0,1
0xf4f00,-nan,0.0,1
0xf4f80,-nan,0.0,1
0xf5000,-nan,0.0,1
0xf5080,-nan,0.0,1
0xf5100,-nan,0.0,1
0xf5180,-nan,0.0,1
0xf5200,-nan,0.0,1
0xf5280,-nan,0.0,1
0xf5300,-nan,0.0,1
0xf5380,-nan,0.0,1
0xf5400,-nan,0.0,1
0xf5480,-nan,0.0,1
0xf5500,-nan,0.0,1
0xf5580,-nan,0.0,1
0xf5600,-nan,0.0,1
0xf5680,-nan,0.0,1
0xf5700,-nan,0.0,1
0xf5780,-nan,0.0,1
0xf5800,-nan,0.0,1
0xf5880,-nan,0.0,1
0xf5900,-nan,0.0,1
0xf5980,-nan,0.0,1
0xf5a00,-nan,0.0,1
0xf5a80,-nan,0.0,1
0xf5b00,-nan,0.0,1
0xf5b80,-nan,0.0,1
0xf5c00,-nan,0.0,1
0xf5c80,-nan,0.0,1
0xf5d00,-nan,0.0,1
0xf5d80,-nan,0.0,1
0xf5e00,-nan,0.0,1
0xf5e80,-nan,0.0,1
0xf5f00,-nan,0.0,1
0xf5f80,-nan,0.0,1
0xf6000,-nan,0.0,1
0xf6080,-nan,0.0,1
0xf6100,-nan,0.0,1
0xf6180,-nan,0.0,1
0xf6200,-nan,0.0,1
0xf6280,-nan,0.0,1
0xf6300,-nan,0.0,1
0xf6380,-nan,0.0,1
0xf6400,-nan,0.0,1
0xf6480,-nan,0.0,1
0xf6500,-nan,0.0,1
0xf6580,-nan,0.0,1
0xf6600,-nan,0.0,1
0xf6680,-nan,0.0,1
0xf6700,-nan,0.0,1
0xf6780,-nan,0.0,1
0xf6800,-nan,0.0,1
0xf6880,-nan,0.0,1
0xf6900,-nan,0.0,1
0xf6980,-nan,0.0,1
0xf6a00,-nan,0.0,1
0xf6a80,-nan,0.0,1
0xf6b00,-nan,0.0,1
0xf6b80,-nan,0.0,1
0xf6c00,-nan,0.0,1
0xf6c80,-nan,0.0,1
0xf6d00,-nan,0.0,1
0xf6d80,-nan,0.0,1
0xf6e00,-nan,0.0,1
0xf6e80,-nan,0.0,1
0xf6f00,-nan,0.0,1
0xf6f80,-nan,0.0,1
0xf7000,-nan,0.0,1
0xf7080,-nan,0.0,1
0xf7100,-nan,0.0,1
0xf7180,-nan,0.0,1
0xf7200,-nan,0.0,1
0xf7280,-nan,0.0,1
0xf7300,-nan,0.0,1
0xf7380,-nan,0.0,1
0xf7400,-nan,0.0,1
0xf7480,-nan,0.0,1
0xf7500,-nan,0.0,1
0xf7580,-nan,0.0,1
0xf7600,-nan,0.0,1
0xf7680,-nan,0.0,1
0xf7700,-nan,0.0,1
0xf7780,-nan,0.0,1
0xf7800,-nan,0.0,1
0xf7880,-nan,0.0,1
0xf7900,-nan,0.0,1
0xf7980,-nan,0.0,1
0xf7a00,-nan,0.0,1
0xf7a80,-nan,0.0,1
0xf7b00,-nan,0.0,1
0xf7b80,-nan,0.0,1
0xf7c00,-nan,0.0,1
0xf7c80,-nan,0.0,1
0xf7d00,-nan,0.0,1
0xf7d80,-nan,0.0,1
0xf7e00,-nan,0.0,1
0xf7e80,-nan,0.0,1
0xf7f00,-nan,0.0,1
0xf7f80,-nan,0.0,1
0xf8000,-nan,0.0,1
0xf8080,-nan,0.0,1
0xf8100,-nan,0.0,1
0xf8180,-nan,0.0,1
0xf8200,-nan,0.0,1
0xf8280,-nan,0.0,1
0xf8300,-nan,0.0,1
0xf8380,-nan,0.0,1
0xf8400,-nan,0.0,1
0xf8480,-nan,0.0,1
0xf8500,-nan,0.0,1
0xf8580,-nan,0.0,1
0xf8600,-nan,0.0,1
0xf8680,-nan,0.0,1
0xf8700,-nan,0.0,1
0xf8780,-nan,0.0,1
0xf8800,-nan,0.0,1
0xf8880,-nan,0.0,1
0xf8900,-nan,0.0,1
0xf8980,-nan,0.0,1
0xf8a00,-nan,0.0,1
0xf8a80,-nan,0.0,1
0xf8b00,-nan,0.0,1
0xf8b80,-nan,0.0,1
0xf8c00,-nan,0.0,1
0xf8c80,-nan,0.0,1
0xf8d00,-nan,0.0,1
0xf8d80,-nan,0.0,1
0xf8e00,-nan,0.0,1
0xf8e80,-nan,0.0,1
0xf8f00,-nan,0.0,1
0xf8f80,-nan,0.0,1
0xf9000,-nan,0.0,1
0xf9080,-nan,0.0,1
0xf9100,-nan,0.0,1
0xf9180,-nan,0.0,1
0xf9200,-nan,0.0,1
0xf9280,-nan,0.0,1
0xf9300,-nan,0.0,1
0xf9380,-nan,0.0,1
0xf9400,-nan,0.0,1
0xf9480,-nan,0.0,1
0xf9500,-nan,0.0,1
0xf9580,-nan,0.0,1
0xf9600,-nan,0.0,1
0xf9680,-nan,0.0,1
0xf9700,-nan,0.0,1
0xf9780,-nan,0.0,1
0xf9800,-nan,0.0,1
0xf9880,-nan,0.0,1
0xf9900,-nan,0.0,1
0xf9980,-nan,0.0,1
0xf9a00,-nan,0.0,1
0xf9a80,-nan,0.0,1
0xf9b00,-nan,0.0,1
0xf9b80,-nan,0.0,1
0xf9c00,-nan,0.0,1
0xf9c80,-nan,0.0,1
0xf9d00,-nan,0.0,1
0xf9d80,-nan,0.0,1
0xf9e00,-nan,0.0,1
0xf9e80,-nan,0.0,1
0xf9f00,-nan,0.0,1
0xf9f80,-nan,0.0,1
0xfa000,-nan,0.0,1
0xfa080,-nan,0.0,1
0xfa100,-nan,0.0,1
0xfa180,-nan,0.0,1
0xfa200,-nan,0.0,1
0xfa280,-nan,0.0,1
0xfa300,-nan,0.0,1
0xfa380,-nan,0.0,1
0xfa400,-nan,0.0,1
0xfa480,-nan,0.0,1
0xfa500,-nan,0.0,1
0xfa580,-nan,0.0,1
0xfa600,-nan,0.0,1
0xfa680,-nan,0.0,1
0xfa700,-nan,0.0,1
0xfa780,-nan,0.0,1
0xfa800,-nan,0.0,1
0xfa880,-nan,0.0,1
0xfa900,-nan,0.0,1
0xfa980,-nan,0.0,1
0xfaa00,-nan,0.0,1
0xfaa80,-nan,0.0,1
0xfab00,-nan,0.0,1
0xfab80,-nan,0.0,1
0xfac00,-nan,0.0,1
0xfac80,-nan,0.0,1
0xfad00,-nan,0.0,1
0xfad80,-nan,0.0,1
0xfae00,-nan,0.0,1
0xfae80,-nan,0.0,1
0xfaf00,-nan,0.0,1
0xfaf80,-nan,0.0,1
0xfb000,-nan,0.0,1
0xfb080,-nan,0.0,1
0xfb100,-nan,0.0,1
0xfb180,-nan,0.0,1
0xfb200,-nan,0.0,1
0xfb280,-nan,0.0,1
0xfb300,-nan,0.0,1
0xfb380,-nan,0.0,1
0xfb400,-nan,0.0,1
0xfb480,-nan,0.0,1
0xfb500,-nan,0.0,1
0xfb580,-nan,0.0,1
0xfb600,-nan,0.0,1
0xfb680,-nan,0.0,1
0xfb700,-nan,0.0,1
0xfb780,-nan,0.0,1
0xfb800,-nan,0.0,1
0xfb880,-nan,0.0,1
0xfb900,-nan,0.0,1
0xfb980,-nan,0.0,1
0xfba00,-nan,0.0,1
0xfba80,-nan,0.0,1
0xfbb00,-nan,0.0,1
0xfbb80,-nan,0.0,1
0xfbc00,-nan,0.0,1
0xfbc80,-nan,0.0,1
0xfbd00,-nan,0.0,1
0xfbd80,-nan,0.0,1
0xfbe00,-nan,0.0,1
0xfbe80,-nan,0.0,1
0xfbf00,-nan,0.0,1
0xfbf80,-nan,0.0,1
0xfc000,-nan,0.0,1
0xfc080,-nan,0.0,1
0xfc100,-nan,0.0,1
0xfc180,-nan,0.0,1
0xfc200,-nan,0.0,1
0xfc280,-nan,0.0,1
0xfc300,-nan,0.0,1
0xfc380,-nan,0.0,1
0xfc400,-nan,0.0,1
0xfc480,-nan,0.0,1
0xfc500,-nan,0.0,1
0xfc580,-nan,0.0,1
0xfc600,-nan,0.0,1
0xfc680,-nan,0.0,1
0xfc700,-nan,0.0,1
0xfc780,-nan,0.0,1
0xfc800,-nan,0.0,1
0xfc880,-nan,0.0,1
0xfc900,-nan,0.0,1
0xfc980,-nan,0.0,1
0xfca00,-nan,0.0,1
0xfca80,-nan,0.0,1
0xfcb00,-nan,0.0,1
0xfcb80,-nan,0.0,1
0xfcc00,-nan,0.0,1
0xfcc80,-nan,0.0,1
0xfcd00,-nan,0.0,1
0xfcd80,-nan,0.0,1
0xfce00,-nan,0.0,1
0xfce80,-nan,0.0,1
0xfcf00,-nan,0.0,1
0xfcf80,-nan,0.0,1
0xfd000,-nan,0.0,1
0xfd080,-nan,0.0,1
0xfd100,-nan,0.0,1
0xfd180,-nan,0.0,1
0xfd200,-nan,0.0,1
0xfd280,-nan,0.0,1
0xfd300,-nan,0.0,1
0xfd380,-nan,0.0,1
0xfd400,-nan,0.0,1
0xfd480,-nan,0.0,1
0xfd500,-nan,0.0,1
0xfd580,-nan,0.0,1
0xfd600,-nan,0.0,1
0xfd680,-nan,0.0,1
0xfd700,-nan,0.0,1
0xfd780,-nan,0.0,1
0xfd800,-nan,0.0,1
0xfd880,-nan,0.0,1
0xfd900,-nan,0.0,1
0xfd980,-nan,0.0,1
0xfda00,-nan,0.0,1
0xfda80,-nan,0.0,1
0xfdb00,-nan,0.0,1
0xfdb80,-nan,0.0,1
0xfdc00,-nan,0.0,1
0xfdc80,-nan,0.0,1
0xfdd00,-nan,0.0,1
0xfdd80,-nan,0.0,1
0xfde00,-nan,0.0,1
0xfde80,-nan,0.0,1
0xfdf00,-nan,0.0,1
0xfdf80,-nan,0.0,1
0xfe000,-nan,0.0,1
0xfe080,-nan,0.0,1
0xfe100,-nan,0.0,1
0xfe180,-nan,0.0,1
0xfe200,-nan,0.0,1
0xfe280,-nan,0.0,1
0xfe300,-nan,0.0,1
0xfe380,-nan,0.0,1
0xfe400,-nan,0.0,1
0xfe480,-nan,0.0,1
0xfe500,-nan,0.0,1
0xfe580,-nan,0.0,1
0xfe600,-nan,0.0,1
0xfe680,-nan,0.0,1
0xfe700,-nan,0.0,1
0xfe780,-nan,0.0,1
0xfe800,-nan,0.0,1
0xfe880,-nan,0.0,1
0xfe900,-nan,0.0,1
0xfe980,-nan,0.0,1
0xfea00,-nan,0.0,1
0xfea80,-nan,0.0,1
0xfeb00,-nan,0.0,1
0xfeb80,-nan,0.0,1
0xfec00,-nan,0.0,1
0xfec80,-nan,0.0,1
0xfed00,-nan,0.0,1
0xfed80,-nan,0.0,1
0xfee00,-nan,0.0,1
0xfee80,-nan,0.0,1
0xfef00,-nan,0.0,1
0xfef80,-nan,0.0,1
0xff000,-nan,0.0,1
0xff080,-nan,0.0,1
0xff100,-nan,0.0,1
0xff180,-nan,0.0,1
0xff200,-nan,0.0,1
0xff280,-nan,0.0,1
0xff300,-nan,0.0,1
0xff380,-nan,0.0,1
0xff400,-nan,0.0,1
0xff480,-nan,0.0,1
0xff500,-nan,0.0,1
0xff580,-nan,0.0,1
0xff600,-nan,0.0,1
0xff680,-nan,0.0,1
0xff700,-nan,0.0,1
0xff780,-nan,0.0,1
0xff800,-nan,0.0,1
0xff880,-nan,0.0,1
0xff900,-nan,0.0,1
0xff980,-nan,0.0,1
0xffa00,-nan,0.0,1
0xffa80,-nan,0.0,1
0xffb00,-nan,0.0,1
0xffb80,-nan,0.0,1
0xffc00,-nan,0.0,1
0xffc80,-nan,0.0,1
0xffd00,-nan,0.0,1
0xffd80,-nan,0.0,1
0xffe00,-nan,0.0,1
0xffe80,-nan,0.0,1
0xfff00,-nan,0.0,1
0xfff80,-nan,0.0,1
0x100000,-nan,0.0,1
0x100080,-nan,0.0,1
0x100100,-nan,0.0,1
0x100180,-nan,0.0,1
0x100200,-nan,0.0,1
0x100280,-nan,0.0,1
0x100300,-nan,0.0,1
0x100380,-nan,0.0,1
0x100400,-nan,0.0,1
0x100480,-nan,0.0,1
0x100500,-nan,0.0,1
0x100580,-nan,0.0,1
0x100600,-nan,0.0,1
0x100680,-nan,0.0,1
0x100700,-nan,0.0,1
0x100780,-nan,0.0,1
0x100800,-nan,0.0,1
0x100880,-nan,0.0,1
0x100900,-nan,0.0,1
0x100980,-nan,0.0,1
0x100a00,-nan,0.0,1
0x100a80,-nan,0.0,1
0x100b00,-nan,0.0,1
0x100b80,-nan,0.0,1
0x100c00,-nan,0.0,1
0x100c80,-nan,0.0,1
0x100d00,-nan,0.0,1
0x100d80,-nan,0.0,1
0x100e00,-nan,0.0,1
0x100e80,-nan,0.0,1
0x100f00,-nan,0.0,1
0x100f80,-nan,0.0,1
0x101000,-nan,0.0,1
0x101080,-nan,0.0,1
0x101100,-nan,0.0,1
0x101180,-nan,0.0,1
0x101200,-nan,0.0,1
0x101280,-nan,0.0,1
0x101300,-nan,0.0,1
0x101380,-nan,0.0,1
0x101400,-nan,0.0,1
0x101480,-nan,0.0,1
0x101500,-nan,0.0,1
0x101580,-nan,0.0,1
0x101600,-nan,0.0,1
0x101680,-nan,0.0,1
0x101700,-nan,0.0,1
0x101780,-nan,0.0,1
0x101800,-nan,0.0,1
0x101880,-nan,0.0,1
0x101900,-nan,0.0,1
0x101980,-nan,0.0,1
0x101a00,-nan,0.0,1
0x101a80,-nan,0.0,1
0x101b00,-nan,0.0,1
0x101b80,-nan,0.0,1
0x101c00,-nan,0.0,1
0x101c80,-nan,0.0,1
0x101d00,-nan,0.0,1
0x101d80,-nan,0.0,1
0x101e00,-nan,0.0,1
0x101e80,-nan,0.0,1
0x101f00,-nan,0.0,1
0x101f80,-nan,0.0,1
0x102000,-nan,0.0,1
0x102080,-nan,0.0,1
0x102100,-nan,0.0,1
0x102180,-nan,0.0,1
0x102200,-nan,0.0,1
0x102280,-nan,0.0,1
0x102300,-nan,0.0,1
0x102380,-nan,0.0,1
0x102400,-nan,0.0,1
0x102480,-nan,0.0,1
0x102500,-nan,0.0,1
0x102580,-nan,0.0,1
0x102600,-nan,0.0,1
0x102680,-nan,0.0,1
0x102700,-nan,0.0,1
0x102780,-nan,0.0,1
0x102800,-nan,0.0,1
0x102880,-nan,0.0,1
0x102900,-nan,0.0,1
0x102980,-nan,0.0,1
0x102a00,-nan,0.0,1
0x102a80,-nan,0.0,1
0x102b00,-nan,0.0,1
0x102b80,-nan,0.0,1
0x102c00,-nan,0.0,1
0x102c80,-nan,0.0,1
0x102d00,-nan,0.0,1
0x102d80,-nan,0.0,1
0x102e00,-nan,0.0,1
0x102e80,-nan,0.0,1
0x102f00,-nan,0.0,1
0x102f80,-nan,0.0,1
0x103000,-nan,0.0,1
0x103080,-nan,0.0,1
0x103100,-nan,0.0,1
0x103180,-nan,0.0,1
0x103200,-nan,0.0,1
0x103280,-nan,0.0,1
0x103300,-nan,0.0,1
0x103380,-nan,0.0,1
0x103400,-nan,0.0,1
0x103480,-nan,0.0,1
0x103500,-nan,0.0,1
0x103580,-nan,0.0,1
0x103600,-nan,0.0,1
0x103680,-nan,0.0,1
0x103700,-nan,0.0,1
0x103780,-nan,0.0,1
0x103800,-nan,0.0,1
0x103880,-nan,0.0,1
0x103900,-nan,0.0,1
0x103980,-nan,0.0,1
0x103a00,-nan,0.0,1
0x103a80,-nan,0.0,1
0x103b00,-nan,0.0,1
0x103b80,-nan,0.0,1
0x103c00,-nan,0.0,1
0x103c80,-nan,0.0,1
0x103d00,-nan,0.0,1
0x103d80,-nan,0.0,1
0x103e00,-nan,0.0,1
0x103e80,-nan,0.0,1
0x103f00,-nan,0.0,1
0x103f80,-nan,0.0,1
0x104000,-nan,0.0,1
0x104080,-nan,0.0,1
0x104100,-nan,0.0,1
0x104180,-nan,0.0,1
0x104200,-nan,0.0,1
0x104280,-nan,0.0,1
0x104300,-nan,0.0,1
0x104380,-nan,0.0,1
0x104400,-nan,0.0,1
0x104480,-nan,0.0,1
0x104500,-nan,0.0,1
0x104580,-nan,0.0,1
0x104600,-nan,0.0,1
0x104680,-nan,0.0,1
0x104700,-nan,0.0,1
0x104780,-nan,0.0,1
0x104800,-nan,0.0,1
0x104880,-nan,0.0,1
0x104900,-nan,0.0,1
0x104980,-nan,0.0,1
0x104a00,-nan,0.0,1
0x104a80,-nan,0.0,1
0x104b00,-nan,0.0,1
0x104b80,-nan,0.0,1
0x104c00,-nan,0.0,1
0x104c80,-nan,0.0,1
0x104d00,-nan,0.0,1
0x104d80,-nan,0.0,1
0x104e00,-nan,0.0,1
0x104e80,-nan,0.0,1
0x104f00,-nan,0.0,1
0x104f80,-nan,0.0,1
0x105000,-nan,0.0,1
0x105080,-nan,0.0,1
0x105100,-nan,0.0,1
0x105180,-nan,0.0,1
0x105200,-nan,0.0,1
0x105280,-nan,0.0,1
0x105300,-nan,0.0,1
0x105380,-nan,0.0,1
0x105400,-nan,0.0,1
0x105480,-nan,0.0,1
0x105500,-nan,0.0,1
0x105580,-nan,0.0,1
0x105600,-nan,0.0,1
0x105680,-nan,0.0,1
0x105700,-nan,0.0,1
0x105780,-nan,0.0,1
0x105800,-nan,0.0,1
0x105880,-nan,0.0,1
0x105900,-nan,0.0,1
0x105980,-nan,0.0,1
0x105a00,-nan,0.0,1
0x105a80,-nan,0.0,1
0x105b00,-nan,0.0,1
0x105b80,-nan,0.0,1
0x105c00,-nan,0.0,1
0x105c80,-nan,0.0,1
0x105d00,-nan,0.0,1
0x105d80,-nan,0.0,1
0x105e00,-nan,0.0,1
0x105e80,-nan,0.0,1
0x105f00,-nan,0.0,1
0x105f80,-nan,0.0,1
0x106000,-nan,0.0,1
0x106080,-nan,0.0,1
0x106100,-nan,0.0,1
0x106180,-nan,0.0,1
0x106200,-nan,0.0,1
0x106280,-nan,0.0,1
0x106300,-nan,0.0,1
0x106380,-nan,0.0,1
0x106400,-nan,0.0,1
0x106480,-nan,0.0,1
0x106500,-nan,0.0,1
0x106580,-nan,0.0,1
0x106600,-nan,0.0,1
0x106680,-nan,0.0,1
0x106700,-nan,0.0,1
0x106780,-nan,0.0,1
0x106800,-nan,0.0,1
0x106880,-nan,0.0,1
0x106900,-nan,0.0,1
0x106980,-nan,0.0,1
0x106a00,-nan,0.0,1
0x106a80,-nan,0.0,1
0x106b00,-nan,0.0,1
0x106b80,-nan,0.0,1
0x106c00,-nan,0.0,1
0x106c80,-nan,0.0,1
0x106d00,-nan,0.0,1
0x106d80,-nan,0.0,1
0x106e00,-nan,0.0,1
0x106e80,-nan,0.0,1
0x106f00,-nan,0.0,1
0x106f80,-nan,0.0,1
0x107000,-nan,0.0,1
0x107080,-nan,0.0,1
0x107100,-nan,0.0,1
0x107180,-nan,0.0,1
0x107200,-nan,0.0,1
0x107280,-nan,0.0,1
0x107300,-nan,0.0,1
0x107380,-nan,0.0,1
0x107400,-nan,0.0,1
0x107480,-nan,0.0,1
0x107500,-nan,0.0,1
0x107580,-nan,0.0,1
0x107600,-nan,0.0,1
0x107680,-nan,0.0,1
0x107700,-nan,0.0,1
0x107780,-nan,0.0,1
0x107800,-nan,0.0,1
0x107880,-nan,0.0,1
0x107900,-nan,0.0,1
0x107980,-nan,0.0,1
0x107a00,-nan,0.0,1
0x107a80,-nan,0.0,1
0x107b00,-nan,0.0,1
0x107b80,-nan,0.0,1
0x107c00,-nan,0.0,1
0x107c80,-nan,0.0,1
0x107d00,-nan,0.0,1
0x107d80,-nan,0.0,1
0x107e00,-nan,0.0,1
0x107e80,-nan,0.0,1
0x107f00,-nan,0.0,1
0x107f80,-nan,0.0,1
0x108000,-nan,0.0,1
0x108080,-nan,0.0,1
0x108100,-nan,0.0,1
0x108180,-nan,0.0,1
0x108200,-nan,0.0,1
0x108280,-nan,0.0,1
0x108300,-nan,0.0,1
0x108380,-nan,0.0,1
0x108400,-nan,0.0,1
0x108480,-nan,0.0,1
0x108500,-nan,0.0,1
0x108580,-nan,0.0,1
0x108600,-nan,0.0,1
0x108680,-nan,0.0,1
0x108700,-nan,0.0,1
0x108780,-nan,0.0,1
0x108800,-nan,0.0,1
0x108880,-nan,0.0,1
0x108900,-nan,0.0,1
0x108980,-nan,0.0,1
0x108a00,-nan,0.0,1
0x108a80,-nan,0.0,1
0x108b00,-nan,0.0,1
0x108b80,-nan,0.0,1
0x108c00,-nan,0.0,1
0x108c80,-nan,0.0,1
0x108d00,-nan,0.0,1
0x108d80,-nan,0.0,1
0x108e00,-nan,0.0,1
0x108e80,-nan,0.0,1
0x108f00,-nan,0.0,1
0x108f80,-nan,0.0,1
0x109000,-nan,0.0,1
0x109080,-nan,0.0,1
0x109100,-nan,0.0,1
0x109180,-nan,0.0,1
0x109200,-nan,0.0,1
0x109280,-nan,0.0,1
0x109300,-nan,0.0,1
0x109380,-nan,0.0,1
0x109400,-nan,0.0,1
0x109480,-nan,0.0,1
0x109500,-nan,0.0,1
0x109580,-nan,0.0,1
0x109600,-nan,0.0,1
0x109680,-nan,0.0,1
0x109700,-nan,0.0,1
0x109780,-nan,0.0,1
0x109800,-nan,0.0,1
0x109880,-nan,0.0,1
0x109900,-nan,0.0,1
0x109980,-nan,0.0,1
0x109a00,-nan,0.0,1
0x109a80,-nan,0.0,1
0x109b00,-nan,0.0,1
0x109b80,-nan,0.0,1
0x109c00,-nan,0.0,1
0x109c80,-nan,0.0,1
0x109d00,-nan,0.0,1
0x109d80,-nan,0.0,1
0x109e00,-nan,0.0,1
0x109e80,-nan,0.0,1
0x109f00,-nan,0.0,1
0x109f80,-nan,0.0,1
0x10a000,-nan,0.0,1
0x10a080,-nan,0.0,1
0x10a100,-nan,0.0,1
0x10a180,-nan,0.0,1
0x10a200,-nan,0.0,1
0x10a280,-nan,0.0,1
0x10a300,-nan,0.0,1
0x10a380,-nan,0.0,1
0x10a400,-nan,0.0,1
0x10a480,-nan,0.0,1
0x10a500,-nan,0.0,1
0x10a580,-nan,0.0,1
0x10a600,-nan,0.0,1
0x10a680,-nan,0.0,1
0x10a700,-nan,0.0,1
0x10a780,-nan,0.0,1
0x10a800,-nan,0.0,1
0x10a880,-nan,0.0,1
0x10a900,-nan,0.0,1
0x10a980,-nan,0.0,1
0x10aa00,-nan,0.0,1
0x10aa80,-nan,0.0,1
0x10ab00,-nan,0.0,1
0x10ab80,-nan,0.0,1
0x10ac00,-nan,0.0,1
0x10ac80,-nan,0.0,1
0x10ad00,-nan,0.0,1
0x10ad80,-nan,0.0,1
0x10ae00,-nan,0.0,1
0x10ae80,-nan,0.0,1
0x10af00,-nan,0.0,1
0x10af80,-nan,0.0,1
0x10b000,-nan,0.0,1
0x10b080,-nan,0.0,1
0x10b100,-nan,0.0,1
0x10b180,-nan,0.0,1
0x10b200,-nan,0.0,1
0x10b280,-nan,0.0,1
0x10b300,-nan,0.0,1
0x10b380,-nan,0.0,1
0x10b400,-nan,0.0,1
0x10b480,-nan,0.0,1
0x10b500,-nan,0.0,1
0x10b580,-nan,0.0,1
0x10b600,-nan,0.0,1
0x10b680,-nan,0.0,1
0x10b700,-nan,0.0,1
0x10b780,-nan,0.0,1
0x10b800,-nan,0.0,1
0x10b880,-nan,0.0,1
0x10b900,-nan,0.0,1
0x10b980,-nan,0.0,1
0x10ba00,-nan,0.0,1
0x10ba80,-nan,0.0,1
0x10bb00,-nan,0.0,1
0x10bb80,-nan,0.0,1
0x10bc00,-nan,0.0,1
0x10bc80,-nan,0.0,1
0x10bd00,-nan,0.0,1
0x10bd80,-nan,0.0,1
0x10be00,-nan,0.0,1
0x10be80,-nan,0.0,1
0x10bf00,-nan,0.0,1
0x10bf80,-nan,0.0,1
0x10c000,-nan,0.0,1
0x10c080,-nan,0.0,1
0x10c100,-nan,0.0,1
0x10c180,-nan,0.0,1
0x10c200,-nan,0.0,1
0x10c280,-nan,0.0,1
0x10c300,-nan,0.0,1
0x10c380,-nan,0.0,1
0x10c400,-nan,0.0,1
0x10c480,-nan,0.0,1
0x10c500,-nan,0.0,1
0x10c580,-nan,0.0,1
0x10c600,-nan,0.0,1
0x10c680,-nan,0.0,1
0x10c700,-nan,0.0,1
0x10c780,-nan,0.0,1
0x10c800,-nan,0.0,1
0x10c880,-nan,0.0,1
0x10c900,-nan,0.0,1
0x10c980,-nan,0.0,1
0x10ca00,-nan,0.0,1
0x10ca80,-nan,0.0,1
0x10cb00,-nan,0.0,1
0x10cb80,-nan,0.0,1
0x10cc00,-nan,0.0,1
0x10cc80,-nan,0.0,1
0x10cd00,-nan,0.0,1
0x10cd80,-nan,0.0,1
0x10ce00,-nan,0.0,1
0x10ce80,-nan,0.0,1
0x10cf00,-nan,0.0,1
0x10cf80,-nan,0.0,1
0x10d000,-nan,0.0,1
0x10d080,-nan,0.0,1
0x10d100,-nan,0.0,1
0x10d180,-nan,0.0,1
0x10d200,-nan,0.0,1
0x10d280,-nan,0.0,1
0x10d300,-nan,0.0,1
0x10d380,-nan,0.0,1
0x10d400,-nan,0.0,1
0x10d480,-nan,0.0,1
0x10d500,-nan,0.0,1
0x10d580,-nan,0.0,1
0x10d600,-nan,0.0,1
0x10d680,-nan,0.0,1
0x10d700,-nan,0.0,1
0x10d780,-nan,0.0,1
0x10d800,-nan,0.0,1
0x10d880,-nan,0.0,1
0x10d900,-nan,0.0,1
0x10d980,-nan,0.0,1
0x10da00,-nan,0.0,1
0x10da80,-nan,0.0,1
0x10db00,-nan,0.0,1
0x10db80,-nan,0.0,1
0x10dc00,-nan,0.0,1
0x10dc80,-nan,0.0,1
0x10dd00,-nan,0.0,1
0x10dd80,-nan,0.0,1
0x10de00,-nan,0.0,1
0x10de80,-nan,0.0,1
0x10df00,-nan,0.0,1
0x10df80,-nan,0.0,1
0x10e000,-nan,0.0,1
0x10e080,-nan,0.0,1
0x10e100,-nan,0.0,1
0x10e180,-nan,0.0,1
0x10e200,-nan,0.0,1
0x10e280,-nan,0.0,1
0x10e300,-nan,0.0,1
0x10e380,-nan,0.0,1
0x10e400,-nan,0.0,1
0x10e480,-nan,0.0,1
0x10e500,-nan,0.0,1
0x10e580,-nan,0.0,1
0x10e600,-nan,0.0,1
0x10e680,-nan,0.0,1
0x10e700,-nan,0.0,1
0x10e780,-nan,0.0,1
0x10e800,-nan,0.0,1
0x10e880,-nan,0.0,1
0x10e900,-nan,0.0,1
0x10e980,-nan,0.0,1
0x10ea00,-nan,0.0,1
0x10ea80,-nan,0.0,1
0x10eb00,-nan,0.0,1
0x10eb80,-nan,0.0,1
0x10ec00,-nan,0.0,1
0x10ec80,-nan,0.0,1
0x10ed00,-nan,0.0,1
0x10ed80,-nan,0.0,1
0x10ee00,-nan,0.0,1
0x10ee80,-nan,0.0,1
0x10ef00,-nan,0.0,1
0x10ef80,-nan,0.0,1
0x10f000,-nan,0.0,1
0x10f080,-nan,0.0,1
0x10f100,-nan,0.0,1
0x10f180,-nan,0.0,1
0x10f200,-nan,0.0,1
0x10f280,-nan,0.0,1
0x10f300,-nan,0.0,1
0x10f380,-nan,0.0,1
0x10f400,-nan,0.0,1
0x10f480,-nan,0.0,1
0x10f500,-nan,0.0,1
0x10f580,-nan,0.0,1
0x10f600,-nan,0.0,1
0x10f680,-nan,0.0,1
0x10f700,-nan,0.0,1
0x10f780,-nan,0.0,1
0x10f800,-nan,0.0,1
0x10f880,-nan,0.0,1
0x10f900,-nan,0.0,1
0x10f980,-nan,0.0,1
0x10fa00,-nan,0.0,1
0x10fa80,-nan,0.0,1
0x10fb00,-nan,0.0,1
0x10fb80,-nan,0.0,1
0x10fc00,-nan,0.0,1
0x10fc80,-nan,0.0,1
0x10fd00,-nan,0.0,1
0x10fd80,-nan,0.0,1
0x10fe00,-nan,0.0,1
0x10fe80,-nan,0.0,1
0x10ff00,-nan,0.0,1
0x10ff80,-nan,0.0,1
0x110000,-nan,0.0,1
0x110080,-nan,0.0,1
0x110100,-nan,0.0,1
0x110180,-nan,0.0,1
0x110200,-nan,0.0,1
0x110280,-nan,0.0,1
0x110300,-nan,0.0,1
0x110380,-nan,0.0,1
0x110400,-nan,0.0,1
0x110480,-nan,0.0,1
0x110500,-nan,0.0,1
0x110580,-nan,0.0,1
0x110600,-nan,0.0,1
0x110680,-nan,0.0,1
0x110700,-nan,0.0,1
0x110780,-nan,0.0,1
0x110800,-nan,0.0,1
0x110880,-nan,0.0,1
0x110900,-nan,0.0,1
0x110980,-nan,0.0,1
0x110a00,-nan,0.0,1
0x110a80,-nan,0.0,1
0x110b00,-nan,0.0,1
0x110b80,-nan,0.0,1
0x110c00,-nan,0.0,1
0x110c80,-nan,0.0,1
0x110d00,-nan,0.0,1
0x110d80,-nan,0.0,1
0x110e00,-nan,0.0,1
0x110e80,-nan,0.0,1
0x110f00,-nan,0.0,1
0x110f80,-nan,0.0,1
0x111000,-nan,0.0,1
0x111080,-nan,0.0,1
0x111100,-nan,0.0,1
0x111180,-nan,0.0,1
0x111200,-nan,0.0,1
0x111280,-nan,0.0,1
0x111300,-nan,0.0,1
0x111380,-nan,0.0,1
0x111400,-nan,0.0,1
0x111480,-nan,0.0,1
0x111500,-nan,0.0,1
0x111580,-nan,0.0,1
0x111600,-nan,0.0,1
0x111680,-nan,0.0,1
0x111700,-nan,0.0,1
0x111780,-nan,0.0,1
0x111800,-nan,0.0,1
0x111880,-nan,0.0,1
0x111900,-nan,0.0,1
0x111980,-nan,0.0,1
0x111a00,-nan,0.0,1
0x111a80,-nan,0.0,1
0x111b00,-nan,0.0,1
0x111b80,-nan,0.0,1
0x111c00,-nan,0.0,1
0x111c80,-nan,0.0,1
0x111d00,-nan,0.0,1
0x111d80,-nan,0.0,1
0x111e00,-nan,0.0,1
0x111e80,-nan,0.0,1
0x111f00,-nan,0.0,1
0x111f80,-nan,0.0,1
0x112000,-nan,0.0,1
0x112080,-nan,0.0,1
0x112100,-nan,0.0,1
0x112180,-nan,0.0,1
0x112200,-nan,0.0,1
0x112280,-nan,0.0,1
0x112300,-nan,0.0,1
0x112380,-nan,0.0,1
0x112400,-nan,0.0,1
0x112480,-nan,0.0,1
0x112500,-nan,0.0,1
0x112580,-nan,0.0,1
0x112600,-nan,0.0,1
0x112680,-nan,0.0,1
0x112700,-nan,0.0,1
0x112780,-nan,0.0,1
0x112800,-nan,0.0,1
0x112880,-nan,0.0,1
0x112900,-nan,0.0,1
0x112980,-nan,0.0,1
0x112a00,-nan,0.0,1
0x112a80,-nan,0.0,1
0x112b00,-nan,0.0,1
0x112b80,-nan,0.0,1
0x112c00,-nan,0.0,1
0x112c80,-nan,0.0,1
0x112d00,-nan,0.0,1
0x112d80,-nan,0.0,1
0x112e00,-nan,0.0,1
0x112e80,-nan,0.0,1
0x112f00,-nan,0.0,1
0x112f80,-nan,0.0,1
0x113000,-nan,0.0,1
0x113080,-nan,0.0,1
0x113100,-nan,0.0,1
0x113180,-nan,0.0,1
0x113200,-nan,0.0,1
0x113280,-nan,0.0,1
0x113300,-nan,0.0,1
0x113380,-nan,0.0,1
0x113400,-nan,0.0,1
0x113480,-nan,0.0,1
0x113500,-nan,0.0,1
0x113580,-nan,0.0,1
0x113600,-nan,0.0,1
0x113680,-nan,0.0,1
0x113700,-nan,0.0,1
0x113780,-nan,0.0,1
0x113800,-nan,0.0,1
0x113880,-nan,0.0,1
0x113900,-nan,0.0,1
0x113980,-nan,0.0,1
0x113a00,-nan,0.0,1
0x113a80,-nan,0.0,1
0x113b00,-nan,0.0,1
0x113b80,-nan,0.0,1
0x113c00,-nan,0.0,1
0x113c80,-nan,0.0,1
0x113d00,-nan,0.0,1
0x113d80,-nan,0.0,1
0x113e00,-nan,0.0,1
0x113e80,-nan,0.0,1
0x113f00,-nan,0.0,1
0x113f80,-nan,0.0,1
0x114000,-nan,0.0,1
0x114080,-nan,0.0,1
0x114100,-nan,0.0,1
0x114180,-nan,0.0,1
0x114200,-nan,0.0,1
0x114280,-nan,0.0,1
0x114300,-nan,0.0,1
0x114380,-nan,0.0,1
0x114400,-nan,0.0,1
0x114480,-nan,0.0,1
0x114500,-nan,0.0,1
0x114580,-nan,0.0,1
0x114600,-nan,0.0,1
0x114680,-nan,0.0,1
0x114700,-nan,0.0,1
0x114780,-nan,0.0,1
0x114800,-nan,0.0,1
0x114880,-nan,0.0,1
0x114900,-nan,0.0,1
0x114980,-nan,0.0,1
0x114a00,-nan,0.0,1
0x114a80,-nan,0.0,1
0x114b00,-nan,0.0,1
0x114b80,-nan,0.0,1
0x114c00,-nan,0.0,1
0x114c80,-nan,0.0,1
0x114d00,-nan,0.0,1
0x114d80,-nan,0.0,1
0x114e00,-nan,0.0,1
0x114e80,-nan,0.0,1
0x114f00,-nan,0.0,1
0x114f80,-nan,0.0,1
0x115000,-nan,0.0,1
0x115080,-nan,0.0,1
0x115100,-nan,0.0,1
0x115180,-nan,0.0,1
0x115200,-nan,0.0,1
0x115280,-nan,0.0,1
0x115300,-nan,0.0,1
0x115380,-nan,0.0,1
0x115400,-nan,0.0,1
0x115480,-nan,0.0,1
0x115500,-nan,0.0,1
0x115580,-nan,0.0,1
0x115600,-nan,0.0,1
0x115680,-nan,0.0,1
0x115700,-nan,0.0,1
0x115780,-nan,0.0,1
0x115800,-nan,0.0,1
0x115880,-nan,0.0,1
0x115900,-nan,0.0,1
0x115980,-nan,0.0,1
0x115a00,-nan,0.0,1
0x115a80,-nan,0.0,1
0x115b00,-nan,0.0,1
0x115b80,-nan,0.0,1
0x115c00,-nan,0.0,1
0x115c80,-nan,0.0,1
0x115d00,-nan,0.0,1
0x115d80,-nan,0.0,1
0x115e00,-nan,0.0,1
0x115e80,-nan,0.0,1
0x115f00,-nan,0.0,1
0x115f80,-nan,0.0,1
0x116000,-nan,0.0,1
0x116080,-nan,0.0,1
0x116100,-nan,0.0,1
0x116180,-nan,0.0,1
0x116200,-nan,0.0,1
0x116280,-nan,0.0,1
0x116300,-nan,0.0,1
0x116380,-nan,0.0,1
0x116400,-nan,0.0,1
0x116480,-nan,0.0,1
0x116500,-nan,0.0,1
0x116580,-nan,0.0,1
0x116600,-nan,0.0,1
0x116680,-nan,0.0,1
0x116700,-nan,0.0,1
0x116780,-nan,0.0,1
0x116800,-nan,0.0,1
0x116880,-nan,0.0,1
0x116900,-nan,0.0,1
0x116980,-nan,0.0,1
0x116a00,-nan,0.0,1
0x116a80,-nan,0.0,1
0x116b00,-nan,0.0,1
0x116b80,-nan,0.0,1
0x116c00,-nan,0.0,1
0x116c80,-nan,0.0,1
0x116d00,-nan,0.0,1
0x116d80,-nan,0.0,1
0x116e00,-nan,0.0,1
0x116e80,-nan,0.0,1
0x116f00,-nan,0.0,1
0x116f80,-nan,0.0,1
0x117000,-nan,0.0,1
0x117080,-nan,0.0,1
0x117100,-nan,0.0,1
0x117180,-nan,0.0,1
0x117200,-nan,0.0,1
0x117280,-nan,0.0,1
0x117300,-nan,0.0,1
0x117380,-nan,0.0,1
0x117400,-nan,0.0,1
0x117480,-nan,0.0,1
0x117500,-nan,0.0,1
0x117580,-nan,0.0,1
0x117600,-nan,0.0,1
0x117680,-nan,0.0,1
0x117700,-nan,0.0,1
0x117780,-nan,0.0,1
0x117800,-nan,0.0,1
0x117880,-nan,0.0,1
0x117900,-nan,0.0,1
0x117980,-nan,0.0,1
0x117a00,-nan,0.0,1
0x117a80,-nan,0.0,1
0x117b00,-nan,0.0,1
0x117b80,-nan,0.0,1
0x117c00,-nan,0.0,1
0x117c80,-nan,0.0,1
0x117d00,-nan,0.0,1
0x117d80,-nan,0.0,1
0x117e00,-nan,0.0,1
0x117e80,-nan,0.0,1
0x117f00,-nan,0.0,1
0x117f80,-nan,0.0,1
0x118000,-nan,0.0,1
0x118080,-nan,0.0,1
0x118100,-nan,0.0,1
0x118180,-nan,0.0,1
0x118200,-nan,0.0,1
0x118280,-nan,0.0,1
0x118300,-nan,0.0,1
0x118380,-nan,0.0,1
0x118400,-nan,0.0,1
0x118480,-nan,0.0,1
0x118500,-nan,0.0,1
0x118580,-nan,0.0,1
0x118600,-nan,0.0,1
0x118680,-nan,0.0,1
0x118700,-nan,0.0,1
0x118780,-nan,0.0,1
0x118800,-nan,0.0,1
0x118880,-nan,0.0,1
0x118900,-nan,0.0,1
0x118980,-nan,0.0,1
0x118a00,-nan,0.0,1
0x118a80,-nan,0.0,1
0x118b00,-nan,0.0,1
0x118b80,-nan,0.0,1
0x118c00,-nan,0.0,1
0x118c80,-nan,0.0,1
0x118d00,-nan,0.0,1
0x118d80,-nan,0.0,1
0x118e00,-nan,0.0,1
0x118e80,-nan,0.0,1
0x118f00,-nan,0.0,1
0x118f80,-nan,0.0,1
0x119000,-nan,0.0,1
0x119080,-nan,0.0,1
0x119100,-nan,0.0,1
0x119180,-nan,0.0,1
0x119200,-nan,0.0,1
0x119280,-nan,0.0,1
0x119300,-nan,0.0,1
0x119380,-nan,0.0,1
0x119400,-nan,0.0,1
0x119480,-nan,0.0,1
0x119500,-nan,0.0,1
0x119580,-nan,0.0,1
0x119600,-nan,0.0,1
0x119680,-nan,0.0,1
0x119700,-nan,0.0,1
0x119780,-nan,0.0,1
0x119800,-nan,0.0,1
0x119880,-nan,0.0,1
0x119900,-nan,0.0,1
0x119980,-nan,0.0,1
0x119a00,-nan,0.0,1
0x119a80,-nan,0.0,1
0x119b00,-nan,0.0,1
0x119b80,-nan,0.0,1
0x119c00,-nan,0.0,1
0x119c80,-nan,0.0,1
0x119d00,-nan,0.0,1
0x119d80,-nan,0.0,1
0x119e00,-nan,0.0,1
0x119e80,-nan,0.0,1
0x119f00,-nan,0.0,1
0x119f80,-nan,0.0,1
0x11a000,-nan,0.0,1
0x11a080,-nan,0.0,1
0x11a100,-nan,0.0,1
0x11a180,-nan,0.0,1
0x11a200,-nan,0.0,1
0x11a280,-nan,0.0,1
0x11a300,-nan,0.0,1
0x11a380,-nan,0.0,1
0x11a400,-nan,0.0,1
0x11a480,-nan,0.0,1
0x11a500,-nan,0.0,1
0x11a580,-nan,0.0,1
0x11a600,-nan,0.0,1
0x11a680,-nan,0.0,1
0x11a700,-nan,0.0,1
0x11a780,-nan,0.0,1
0x11a800,-nan,0.0,1
0x11a880,-nan,0.0,1
0x11a900,-nan,0.0,1
0x11a980,-nan,0.0,1
0x11aa00,-nan,0.0,1
0x11aa80,-nan,0.0,1
0x11ab00,-nan,0.0,1
0x11ab80,-nan,0.0,1
0x11ac00,-nan,0.0,1
0x11ac80,-nan,0.0,1
0x11ad00,-nan,0.0,1
0x11ad80,-nan,0.0,1
0x11ae00,-nan,0.0,1
0x11ae80,-nan,0.0,1
0x11af00,-nan,0.0,1
0x11af80,-nan,0.0,1
0x11b000,-nan,0.0,1
0x11b080,-nan,0.0,1
0x11b100,-nan,0.0,1
0x11b180,-nan,0.0,1
0x11b200,-nan,0.0,1
0x11b280,-nan,0.0,1
0x11b300,-nan,0.0,1
0x11b380,-nan,0.0,1
0x11b400,-nan,0.0,1
0x11b480,-nan,0.0,1
0x11b500,-nan,0.0,1
0x11b580,-nan,0.0,1
0x11b600,-nan,0.0,1
0x11b680,-nan,0.0,1
0x11b700,-nan,0.0,1
0x11b780,-nan,0.0,1
0x11b800,-nan,0.0,1
0x11b880,-nan,0.0,1
0x11b900,-nan,0.0,1
0x11b980,-nan,0.0,1
0x11ba00,-nan,0.0,1
0x11ba80,-nan,0.0,1
0x11bb00,-nan,0.0,1
0x11bb80,-nan,0.0,1
0x11bc00,-nan,0.0,1
0x11bc80,-nan,0.0,1
0x11bd00,-nan,0.0,1
0x11bd80,-nan,0.0,1
0x11be00,-nan,0.0,1
0x11be80,-nan,0.0,1
0x11bf00,-nan,0.0,1
0x11bf80,-nan,0.0,1
0x11c000,-nan,0.0,1
0x11c080,-nan,0.0,1
0x11c100,-nan,0.0,1
0x11c180,-nan,0.0,1
0x11c200,-nan,0.0,1
0x11c280,-nan,0.0,1
0x11c300,-nan,0.0,1
0x11c380,-nan,0.0,1
0x11c400,-nan,0.0,1
0x11c480,-nan,0.0,1
0x11c500,-nan,0.0,1
0x11c580,-nan,0.0,1
0x11c600,-nan,0.0,1
0x11c680,-nan,0.0,1
0x11c700,-nan,0.0,1
0x11c780,-nan,0.0,1
0x11c800,-nan,0.0,1
0x11c880,-nan,0.0,1
0x11c900,-nan,0.0,1
0x11c980,-nan,0.0,1
0x11ca00,-nan,0.0,1
0x11ca80,-nan,0.0,1
0x11cb00,-nan,0.0,1
0x11cb80,-nan,0.0,1
0x11cc00,-nan,0.0,1
0x11cc80,-nan,0.0,1
0x11cd00,-nan,0.0,1
0x11cd80,-nan,0.0,1
0x11ce00,-nan,0.0,1
0x11ce80,-nan,0.0,1
0x11cf00,-nan,0.0,1
0x11cf80,-nan,0.0,1
0x11d000,-nan,0.0,1
0x11d080,-nan,0.0,1
0x11d100,-nan,0.0,1
0x11d180,-nan,0.0,1
0x11d200,-nan,0.0,1
0x11d280,-nan,0.0,1
0x11d300,-nan,0.0,1
0x11d380,-nan,0.0,1
0x11d400,-nan,0.0,1
0x11d480,-nan,0.0,1
0x11d500,-nan,0.0,1
0x11d580,-nan,0.0,1
0x11d600,-nan,0.0,1
0x11d680,-nan,0.0,1
0x11d700,-nan,0.0,1
0x11d780,-nan,0.0,1
0x11d800,-nan,0.0,1
0x11d880,-nan,0.0,1
0x11d900,-nan,0.0,1
0x11d980,-nan,0.0,1
0x11da00,-nan,0.0,1
0x11da80,-nan,0.0,1
0x11db00,-nan,0.0,1
0x11db80,-nan,0.0,1
0x11dc00,-nan,0.0,1
0x11dc80,-nan,0.0,1
0x11dd00,-nan,0.0,1
0x11dd80,-nan,0.0,1
0x11de00,-nan,0.0,1
0x11de80,-nan,0.0,1
0x11df00,-nan,0.0,1
0x11df80,-nan,0.0,1
0x11e000,-nan,0.0,1
0x11e080,-nan,0.0,1
0x11e100,-nan,0.0,1
0x11e180,-nan,0.0,1
0x11e200,-nan,0.0,1
0x11e280,-nan,0.0,1
0x11e300,-nan,0.0,1
0x11e380,-nan,0.0,1
0x11e400,-nan,0.0,1
0x11e480,-nan,0.0,1
0x11e500,-nan,0.0,1
0x11e580,-nan,0.0,1
0x11e600,-nan,0.0,1
0x11e680,-nan,0.0,1
0x11e700,-nan,0.0,1
0x11e780,-nan,0.0,1
0x11e800,-nan,0.0,1
0x11e880,-nan,0.0,1
0x11e900,-nan,0.0,1
0x11e980,-nan,0.0,1
0x11ea00,-nan,0.0,1
0x11ea80,-nan,0.0,1
0x11eb00,-nan,0.0,1
0x11eb80,-nan,0.0,1
0x11ec00,-nan,0.0,1
0x11ec80,-nan,0.0,1
0x11ed00,-nan,0.0,1
0x11ed80,-nan,0.0,1
0x11ee00,-nan,0.0,1
0x11ee80,-nan,0.0,1
0x11ef00,-nan,0.0,1
0x11ef80,-nan,0.0,1
0x11f000,-nan,0.0,1
0x11f080,-nan,0.0,1
0x11f100,-nan,0.0,1
0x11f180,-nan,0.0,1
0x11f200,-nan,0.0,1
0x11f280,-nan,0.0,1
0x11f300,-nan,0.0,1
0x11f380,-nan,0.0,1
0x11f400,-nan,0.0,1
0x11f480,-nan,0.0,1
0x11f500,-nan,0.0,1
0x11f580,-nan,0.0,1
0x11f600,-nan,0.0,1
0x11f680,-nan,0.0,1
0x11f700,-nan,0.0,1
0x11f780,-nan,0.0,1
0x11f800,-nan,0.0,1
0x11f880,-nan,0.0,1
0x11f900,-nan,0.0,1
0x11f980,-nan,0.0,1
0x11fa00,-nan,0.0,1
0x11fa80,-nan,0.0,1
0x11fb00,-nan,0.0,1
0x11fb80,-nan,0.0,1
0x11fc00,-nan,0.0,1
0x11fc80,-nan,0.0,1
0x11fd00,-nan,0.0,1
0x11fd80,-nan,0.0,1
0x11fe00,-nan,0.0,1
0x11fe80,-nan,0.0,1
0x11ff00,-nan,0.0,1
0x11ff80,-nan,0.0,1
0x120000,-nan,0.0,1
0x120080,-nan,0.0,1
0x120100,-nan,0.0,1
0x120180,-nan,0.0,1
0x120200,-nan,0.0,1
0x120280,-nan,0.0,1
0x120300,-nan,0.0,1
0x120380,-nan,0.0,1
0x120400,-nan,0.0,1
0x120480,-nan,0.0,1
0x120500,-nan,0.0,1
0x120580,-nan,0.0,1
0x120600,-nan,0.0,1
0x120680,-nan,0.0,1
0x120700,-nan,0.0,1
0x120780,-nan,0.0,1
0x120800,-nan,0.0,1
0x120880,-nan,0.0,1
0x120900,-nan,0.0,1
0x120980,-nan,0.0,1
0x120a00,-nan,0.0,1
0x120a80,-nan,0.0,1
0x120b00,-nan,0.0,1
0x120b80,-nan,0.0,1
0x120c00,-nan,0.0,1
0x120c80,-nan,0.0,1
0x120d00,-nan,0.0,1
0x120d80,-nan,0.0,1
0x120e00,-nan,0.0,1
0x120e80,-nan,0.0,1
0x120f00,-nan,0.0,1
0x120f80,-nan,0.0,1
0x121000,-nan,0.0,1
0x121080,-nan,0.0,1
0x121100,-nan,0.0,1
0x121180,-nan,0.0,1
0x121200,-nan,0.0,1
0x121280,-nan,0.0,1
0x121300,-nan,0.0,1
0x121380,-nan,0.0,1
0x121400,-nan,0.0,1
0x121480,-nan,0.0,1
0x121500,-nan,0.0,1
0x121580,-nan,0.0,1
0x121600,-nan,0.0,1
0x121680,-nan,0.0,1
0x121700,-nan,0.0,1
0x121780,-nan,0.0,1
0x121800,-nan,0.0,1
0x121880,-nan,0.0,1
0x121900,-nan,0.0,1
0x121980,-nan,0.0,1
0x121a00,-nan,0.0,1
0x121a80,-nan,0.0,1
0x121b00,-nan,0.0,1
0x121b80,-nan,0.0,1
0x121c00,-nan,0.0,1
0x121c80,-nan,0.0,1
0x121d00,-nan,0.0,1
0x121d80,-nan,0.0,1
0x121e00,-nan,0.0,1
0x121e80,-nan,0.0,1
0x121f00,-nan,0.0,1
0x121f80,-nan,0.0,1
0x122000,-nan,0.0,1
0x122080,-nan,0.0,1
0x122100,-nan,0.0,1
0x122180,-nan,0.0,1
0x122200,-nan,0.0,1
0x122280,-nan,0.0,1
0x122300,-nan,0.0,1
0x122380,-nan,0.0,1
0x122400,-nan,0.0,1
0x122480,-nan,0.0,1
0x122500,-nan,0.0,1
0x122580,-nan,0.0,1
0x122600,-nan,0.0,1
0x122680,-nan,0.0,1
0x122700,-nan,0.0,1
0x122780,-nan,0.0,1
0x122800,-nan,0.0,1
0x122880,-nan,0.0,1
0x122900,-nan,0.0,1
0x122980,-nan,0.0,1
0x122a00,-nan,0.0,1
0x122a80,-nan,0.0,1
0x122b00,-nan,0.0,1
0x122b80,-nan,0.0,1
0x122c00,-nan,0.0,1
0x122c80,-nan,0.0,1
0x122d00,-nan,0.0,1
0x122d80,-nan,0.0,1
0x122e00,-nan,0.0,1
0x122e80,-nan,0.0,1
0x122f00,-nan,0.0,1
0x122f80,-nan,0.0,1
0x123000,-nan,0.0,1
0x123080,-nan,0.0,1
0x123100,-nan,0.0,1
0x123180,-nan,0.0,1
0x123200,-nan,0.0,1
0x123280,-nan,0.0,1
0x123300,-nan,0.0,1
0x123380,-nan,0.0,1
0x123400,-nan,0.0,1
0x123480,-nan,0.0,1
0x123500,-nan,0.0,1
0x123580,-nan,0.0,1
0x123600,-nan,0.0,1
0x123680,-nan,0.0,1
0x123700,-nan,0.0,1
0x123780,-nan,0.0,1
0x123800,-nan,0.0,1
0x123880,-nan,0.0,1
0x123900,-nan,0.0,1
0x123980,-nan,0.0,1
0x123a00,-nan,0.0,1
0x123a80,-nan,0.0,1
0x123b00,-nan,0.0,1
0x123b80,-nan,0.0,1
0x123c00,-nan,0.0,1
0x123c80,-nan,0.0,1
0x123d00,-nan,0.0,1
0x123d80,-nan,0.0,1
0x123e00,-nan,0.0,1
0x123e80,-nan,0.0,1
0x123f00,-nan,0.0,1
0x123f80,-nan,0.0,1
0x124000,-nan,0.0,1
0x124080,-nan,0.0,1
0x124100,-nan,0.0,1
0x124180,-nan,0.0,1
0x124200,-nan,0.0,1
0x124280,-nan,0.0,1
0x124300,-nan,0.0,1
0x124380,-nan,0.0,1
0x124400,-nan,0.0,1
0x124480,-nan,0.0,1
0x124500,-nan,0.0,1
0x124580,-nan,0.0,1
0x124600,-nan,0.0,1
0x124680,-nan,0.0,1
0x124700,-nan,0.0,1
0x124780,-nan,0.0,1
0x124800,-nan,0.0,1
0x124880,-nan,0.0,1
0x124900,-nan,0.0,1
0x124980,-nan,0.0,1
0x124a00,-nan,0.0,1
0x124a80,-nan,0.0,1
0x124b00,-nan,0.0,1
0x124b80,-nan,0.0,1
0x124c00,-nan,0.0,1
0x124c80,-nan,0.0,1
0x124d00,-nan,0.0,1
0x124d80,-nan,0.0,1
0x124e00,-nan,0.0,1
0x124e80,-nan,0.0,1
0x124f00,-nan,0.0,1
0x124f80,-nan,0.0,1
0x125000,-nan,0.0,1
0x125080,-nan,0.0,1
0x125100,-nan,0.0,1
0x125180,-nan,0.0,1
0x125200,-nan,0.0,1
0x125280,-nan,0.0,1
0x125300,-nan,0.0,1
0x125380,-nan,0.0,1
0x125400,-nan,0.0,1
0x125480,-nan,0.0,1
0x125500,-nan,0.0,1
0x125580,-nan,0.0,1
0x125600,-nan,0.0,1
0x125680,-nan,0.0,1
0x125700,-nan,0.0,1
0x125780,-nan,0.0,1
0x125800,-nan,0.0,1
0x125880,-nan,0.0,1
0x125900,-nan,0.0,1
0x125980,-nan,0.0,1
0x125a00,-nan,0.0,1
0x125a80,-nan,0.0,1
0x125b00,-nan,0.0,1
0x125b80,-nan,0.0,1
0x125c00,-nan,0.0,1
0x125c80,-nan,0.0,1
0x125d00,-nan,0.0,1
0x125d80,-nan,0.0,1
0x125e00,-nan,0.0,1
0x125e80,-nan,0.0,1
0x125f00,-nan,0.0,1
0x125f80,-nan,0.0,1
0x126000,-nan,0.0,1
0x126080,-nan,0.0,1
0x126100,-nan,0.0,1
0x126180,-nan,0.0,1
0x126200,-nan,0.0,1
0x126280,-nan,0.0,1
0x126300,-nan,0.0,1
0x126380,-nan,0.0,1
0x126400,-nan,0.0,1
0x126480,-nan,0.0,1
0x126500,-nan,0.0,1
0x126580,-nan,0.0,1
0x126600,-nan,0.0,1
0x126680,-nan,0.0,1
0x126700,-nan,0.0,1
0x126780,-nan,0.0,1
0x126800,-nan,0.0,1
0x126880,-nan,0.0,1
0x126900,-nan,0.0,1
0x126980,-nan,0.0,1
0x126a00,-nan,0.0,1
0x126a80,-nan,0.0,1
0x126b00,-nan,0.0,1
0x126b80,-nan,0.0,1
0x126c00,-nan,0.0,1
0x126c80,-nan,0.0,1
0x126d00,-nan,0.0,1
0x126d80,-nan,0.0,1
0x126e00,-nan,0.0,1
0x126e80,-nan,0.0,1
0x126f00,-nan,0.0,1
0x126f80,-nan,0.0,1
0x127000,-nan,0.0,1
0x127080,-nan,0.0,1
0x127100,-nan,0.0,1
0x127180,-nan,0.0,1
0x127200,-nan,0.0,1
0x127280,-nan,0.0,1
0x127300,-nan,0.0,1
0x127380,-nan,0.0,1
0x127400,-nan,0.0,1
0x127480,-nan,0.0,1
0x127500,-nan,0.0,1
0x127580,-nan,0.0,1
0x127600,-nan,0.0,1
0x127680,-nan,0.0,1
0x127700,-nan,0.0,1
0x127780,-nan,0.0,1
0x127800,-nan,0.0,1
0x127880,-nan,0.0,1
0x127900,-nan,0.0,1
0x127980,-nan,0.0,1
0x127a00,-nan,0.0,1
0x127a80,-nan,0.0,1
0x127b00,-nan,0.0,1
0x127b80,-nan,0.0,1
0x127c00,-nan,0.0,1
0x127c80,-nan,0.0,1
0x127d00,-nan,0.0,1
0x127d80,-nan,0.0,1
0x127e00,-nan,0.0,1
0x127e80,-nan,0.0,1
0x127f00,-nan,0.0,1
0x127f80,-nan,0.0,1
0x128000,-nan,0.0,1
0x128080,-nan,0.0,1
0x128100,-nan,0.0,1
0x128180,-nan,0.0,1
0x128200,-nan,0.0,1
0x128280,-nan,0.0,1
0x128300,-nan,0.0,1
0x128380,-nan,0.0,1
0x128400,-nan,0.0,1
0x128480,-nan,0.0,1
0x128500,-nan,0.0,1
0x128580,-nan,0.0,1
0x128600,-nan,0.0,1
0x128680,-nan,0.0,1
0x128700,-nan,0.0,1
0x128780,-nan,0.0,1
0x128800,-nan,0.0,1
0x128880,-nan,0.0,1
0x128900,-nan,0.0,1
0x128980,-nan,0.0,1
0x128a00,-nan,0.0,1
0x128a80,-nan,0.0,1
0x128b00,-nan,0.0,1
0x128b80,-nan,0.0,1
0x128c00,-nan,0.0,1
0x128c80,-nan,0.0,1
0x128d00,-nan,0.0,1
0x128d80,-nan,0.0,1
0x128e00,-nan,0.0,1
0x128e80,-nan,0.0,1
0x128f00,-nan,0.0,1
0x128f80,-nan,0.0,1
0x129000,-nan,0.0,1
0x129080,-nan,0.0,1
0x129100,-nan,0.0,1
0x129180,-nan,0.0,1
0x129200,-nan,0.0,1
0x129280,-nan,0.0,1
0x129300,-nan,0.0,1
0x129380,-nan,0.0,1
0x129400,-nan,0.0,1
0x129480,-nan,0.0,1
0x129500,-nan,0.0,1
0x129580,-nan,0.0,1
0x129600,-nan,0.0,1
0x129680,-nan,0.0,1
0x129700,-nan,0.0,1
0x129780,-nan,0.0,1
0x129800,-nan,0.0,1
0x129880,-nan,0.0,1
0x129900,-nan,0.0,1
0x129980,-nan,0.0,1
0x129a00,-nan,0.0,1
0x129a80,-nan,0.0,1
0x129b00,-nan,0.0,1
0x129b80,-nan,0.0,1
0x129c00,-nan,0.0,1
0x129c80,-nan,0.0,1
0x129d00,-nan,0.0,1
0x129d80,-nan,0.0,1
0x129e00,-nan,0.0,1
0x129e80,-nan,0.0,1
0x129f00,-nan,0.0,1
0x129f80,-nan,0.0,1
0x12a000,-nan,0.0,1
0x12a080,-nan,0.0,1
0x12a100,-nan,0.0,1
0x12a180,-nan,0.0,1
0x12a200,-nan,0.0,1
0x12a280,-nan,0.0,1
0x12a300,-nan,0.0,1
0x12a380,-nan,0.0,1
0x12a400,-nan,0.0,1
0x12a480,-nan,0.0,1
0x12a500,-nan,0.0,1
0x12a580,-nan,0.0,1
0x12a600,-nan,0.0,1
0x12a680,-nan,0.0,1
0x12a700,-nan,0.0,1
0x12a780,-nan,0.0,1
0x12a800,-nan,0.0,1
0x12a880,-nan,0.0,1
0x12a900,-nan,0.0,1
0x12a980,-nan,0.0,1
0x12aa00,-nan,0.0,1
0x12aa80,-nan,0.0,1
0x12ab00,-nan,0.0,1
0x12ab80,-nan,0.0,1
0x12ac00,-nan,0.0,1
0x12ac80,-nan,0.0,1
0x12ad00,-nan,0.0,1
0x12ad80,-nan,0.0,1
0x12ae00,-nan,0.0,1
0x12ae80,-nan,0.0,1
0x12af00,-nan,0.0,1
0x12af80,-nan,0.0,1
0x12b000,-nan,0.0,1
0x12b080,-nan,0.0,1
0x12b100,-nan,0.0,1
0x12b180,-nan,0.0,1
0x12b200,-nan,0.0,1
0x12b280,-nan,0.0,1
0x12b300,-nan,0.0,1
0x12b380,-nan,0.0,1
0x12b400,-nan,0.0,1
0x12b480,-nan,0.0,1
0x12b500,-nan,0.0,1
0x12b580,-nan,0.0,1
0x12b600,-nan,0.0,1
0x12b680,-nan,0.0,1
0x12b700,-nan,0.0,1
0x12b780,-nan,0.0,1
0x12b800,-nan,0.0,1
0x12b880,-nan,0.0,1
0x12b900,-nan,0.0,1
0x12b980,-nan,0.0,1
0x12ba00,-nan,0.0,1
0x12ba80,-nan,0.0,1
0x12bb00,-nan,0.0,1
0x12bb80,-nan,0.0,1
0x12bc00,-nan,0.0,1
0x12bc80,-nan,0.0,1
0x12bd00,-nan,0.0,1
0x12bd80,-nan,0.0,1
0x12be00,-nan,0.0,1
0x12be80,-nan,0.0,1
0x12bf00,-nan,0.0,1
0x12bf80,-nan,0.0,1
0x12c000,-nan,0.0,1
0x12c080,-nan,0.0,1
0x12c100,-nan,0.0,1
0x12c180,-nan,0.0,1
0x12c200,-nan,0.0,1
0x12c280,-nan,0.0,1
0x12c300,-nan,0.0,1
0x12c380,-nan,0.0,1
0x12c400,-nan,0.0,1
0x12c480,-nan,0.0,1
0x12c500,-nan,0.0,1
0x12c580,-nan,0.0,1
0x12c600,-nan,0.0,1
0x12c680,-nan,0.0,1
0x12c700,-nan,0.0,1
0x12c780,-nan,0.0,1
0x12c800,-nan,0.0,1
0x12c880,-nan,0.0,1
0x12c900,-nan,0.0,1
0x12c980,-nan,0.0,1
0x12ca00,-nan,0.0,1
0x12ca80,-nan,0.0,1
0x12cb00,-nan,0.0,1
0x12cb80,-nan,0.0,1
0x12cc00,-nan,0.0,1
0x12cc80,-nan,0.0,1
0x12cd00,-nan,0.0,1
0x12cd80,-nan,0.0,1
0x12ce00,-nan,0.0,1
0x12ce80,-nan,0.0,1
0x12cf00,-nan,0.0,1
0x12cf80,-nan,0.0,1
0x12d000,-nan,0.0,1
0x12d080,-nan,0.0,1
0x12d100,-nan,0.0,1
0x12d180,-nan,0.0,1
0x12d200,-nan,0.0,1
0x12d280,-nan,0.0,1
0x12d300,-nan,0.0,1
0x12d380,-nan,0.0,1
0x12d400,-nan,0.0,1
0x12d480,-nan,0.0,1
0x12d500,-nan,0.0,1
0x12d580,-nan,0.0,1
0x12d600,-nan,0.0,1
0x12d680,-nan,0.0,1
0x12d700,-nan,0.0,1
0x12d780,-nan,0.0,1
0x12d800,-nan,0.0,1
0x12d880,-nan,0.0,1
0x12d900,-nan,0.0,1
0x12d980,-nan,0.0,1
0x12da00,-nan,0.0,1
0x12da80,-nan,0.0,1
0x12db00,-nan,0.0,1
0x12db80,-nan,0.0,1
0x12dc00,-nan,0.0,1
0x12dc80,-nan,0.0,1
0x12dd00,-nan,0.0,1
0x12dd80,-nan,0.0,1
0x12de00,-nan,0.0,1
0x12de80,-nan,0.0,1
0x12df00,-nan,0.0,1
0x12df80,-nan,0.0,1
0x12e000,-nan,0.0,1
0x12e080,-nan,0.0,1
0x12e100,-nan,0.0,1
0x12e180,-nan,0.0,1
0x12e200,-nan,0.0,1
0x12e280,-nan,0.0,1
0x12e300,-nan,0.0,1
0x12e380,-nan,0.0,1
0x12e400,-nan,0.0,1
0x12e480,-nan,0.0,1
0x12e500,-nan,0.0,1
0x12e580,-nan,0.0,1
0x12e600,-nan,0.0,1
0x12e680,-nan,0.0,1
0x12e700,-nan,0.0,1
0x12e780,-nan,0.0,1
0x12e800,-nan,0.0,1
0x12e880,-nan,0.0,1
0x12e900,-nan,0.0,1
0x12e980,-nan,0.0,1
0x12ea00,-nan,0.0,1
0x12ea80,-nan,0.0,1
0x12eb00,-nan,0.0,1
0x12eb80,-nan,0.0,1
0x12ec00,-nan,0.0,1
0x12ec80,-nan,0.0,1
0x12ed00,-nan,0.0,1
0x12ed80,-nan,0.0,1
0x12ee00,-nan,0.0,1
0x12ee80,-nan,0.0,1
0x12ef00,-nan,0.0,1
0x12ef80,-nan,0.0,1
0x12f000,-nan,0.0,1
0x12f080,-nan,0.0,1
0x12f100,-nan,0.0,1
0x12f180,-nan,0.0,1
0x12f200,-nan,0.0,1
0x12f280,-nan,0.0,1
0x12f300,-nan,0.0,1
0x12f380,-nan,0.0,1
0x12f400,-nan,0.0,1
0x12f480,-nan,0.0,1
0x12f500,-nan,0.0,1
0x12f580,-nan,0.0,1
0x12f600,-nan,0.0,1
0x12f680,-nan,0.0,1
0x12f700,-nan,0.0,1
0x12f780,-nan,0.0,1
0x12f800,-nan,0.0,1
0x12f880,-nan,0.0,1
0x12f900,-nan,0.0,1
0x12f980,-nan,0.0,1
0x12fa00,-nan,0.0,1
0x12fa80,-nan,0.0,1
0x12fb00,-nan,0.0,1
0x12fb80,-nan,0.0,1
0x12fc00,-nan,0.0,1
0x12fc80,-nan,0.0,1
0x12fd00,-nan,0.0,1
0x12fd80,-nan,0.0,1
0x12fe00,-nan,0.0,1
0x12fe80,-nan,0.0,1
0x12ff00,-nan,0.0,1
0x12ff80,-nan,0.0,1
0x130000,-nan,0.0,1
0x130080,-nan,0.0,1
0x130100,-nan,0.0,1
0x130180,-nan,0.0,1
0x130200,-nan,0.0,1
0x130280,-nan,0.0,1
0x130300,-nan,0.0,1
0x130380,-nan,0.0,1
0x130400,-nan,0.0,1
0x130480,-nan,0.0,1
0x130500,-nan,0.0,1
0x130580,-nan,0.0,1
0x130600,-nan,0.0,1
0x130680,-nan,0.0,1
0x130700,-nan,0.0,1
0x130780,-nan,0.0,1
0x130800,-nan,0.0,1
0x130880,-nan,0.0,1
0x130900,-nan,0.0,1
0x130980,-nan,0.0,1
0x130a00,-nan,0.0,1
0x130a80,-nan,0.0,1
0x130b00,-nan,0.0,1
0x130b80,-nan,0.0,1
0x130c00,-nan,0.0,1
0x130c80,-nan,0.0,1
0x130d00,-nan,0.0,1
0x130d80,-nan,0.0,1
0x130e00,-nan,0.0,1
0x130e80,-nan,0.0,1
0x130f00,-nan,0.0,1
0x130f80,-nan,0.0,1
0x131000,-nan,0.0,1
0x131080,-nan,0.0,1
0x131100,-nan,0.0,1
0x131180,-nan,0.0,1
0x131200,-nan,0.0,1
0x131280,-nan,0.0,1
0x131300,-nan,0.0,1
0x131380,-nan,0.0,1
0x131400,-nan,0.0,1
0x131480,-nan,0.0,1
0x131500,-nan,0.0,1
0x131580,-nan,0.0,1
0x131600,-nan,0.0,1
0x131680,-nan,0.0,1
0x131700,-nan,0.0,1
0x131780,-nan,0.0,1
0x131800,-nan,0.0,1
0x131880,-nan,0.0,1
0x131900,-nan,0.0,1
0x131980,-nan,0.0,1
0x131a00,-nan,0.0,1
0x131a80,-nan,0.0,1
0x131b00,-nan,0.0,1
0x131b80,-nan,0.0,1
0x131c00,-nan,0.0,1
0x131c80,-nan,0.0,1
0x131d00,-nan,0.0,1
0x131d80,-nan,0.0,1
0x131e00,-nan,0.0,1
0x131e80,-nan,0.0,1
0x131f00,-nan,0.0,1
0x131f80,-nan,0.0,1
0x132000,-nan,0.0,1
0x132080,-nan,0.0,1
0x132100,-nan,0.0,1
0x132180,-nan,0.0,1
0x132200,-nan,0.0,1
0x132280,-nan,0.0,1
0x132300,-nan,0.0,1
0x132380,-nan,0.0,1
0x132400,-nan,0.0,1
0x132480,-nan,0.0,1
0x132500,-nan,0.0,1
0x132580,-nan,0.0,1
0x132600,-nan,0.0,1
0x132680,-nan,0.0,1
0x132700,-nan,0.0,1
0x132780,-nan,0.0,1
0x132800,-nan,0.0,1
0x132880,-nan,0.0,1
0x132900,-nan,0.0,1
0x132980,-nan,0.0,1
0x132a00,-nan,0.0,1
0x132a80,-nan,0.0,1
0x132b00,-nan,0.0,1
0x132b80,-nan,0.0,1
0x132c00,-nan,0.0,1
0x132c80,-nan,0.0,1
0x132d00,-nan,0.0,1
0x132d80,-nan,0.0,1
0x132e00,-nan,0.0,1
0x132e80,-nan,0.0,1
0x132f00,-nan,0.0,1
0x132f80,-nan,0.0,1
0x133000,-nan,0.0,1
0x133080,-nan,0.0,1
0x133100,-nan,0.0,1
0x133180,-nan,0.0,1
0x133200,-nan,0.0,1
0x133280,-nan,0.0,1
0x133300,-nan,0.0,1
0x133380,-nan,0.0,1
0x133400,-nan,0.0,1
0x133480,-nan,0.0,1
0x133500,-nan,0.0,1
0x133580,-nan,0.0,1
0x133600,-nan,0.0,1
0x133680,-nan,0.0,1
0x133700,-nan,0.0,1
0x133780,-nan,0.0,1
0x133800,-nan,0.0,1
0x133880,-nan,0.0,1
0x133900,-nan,0.0,1
0x133980,-nan,0.0,1
0x133a00,-nan,0.0,1
0x133a80,-nan,0.0,1
0x133b00,-nan,0.0,1
0x133b80,-nan,0.0,1
0x133c00,-nan,0.0,1
0x133c80,-nan,0.0,1
0x133d00,-nan,0.0,1
0x133d80,-nan,0.0,1
0x133e00,-nan,0.0,1
0x133e80,-nan,0.0,1
0x133f00,-nan,0.0,1
0x133f80,-nan,0.0,1
0x134000,-nan,0.0,1
0x134080,-nan,0.0,1
0x134100,-nan,0.0,1
0x134180,-nan,0.0,1
0x134200,-nan,0.0,1
0x134280,-nan,0.0,1
0x134300,-nan,0.0,1
0x134380,-nan,0.0,1
0x134400,-nan,0.0,1
0x134480,-nan,0.0,1
0x134500,-nan,0.0,1
0x134580,-nan,0.0,1
0x134600,-nan,0.0,1
0x134680,-nan,0.0,1
0x134700,-nan,0.0,1
0x134780,-nan,0.0,1
0x134800,-nan,0.0,1
0x134880,-nan,0.0,1
0x134900,-nan,0.0,1
0x134980,-nan,0.0,1
0x134a00,-nan,0.0,1
0x134a80,-nan,0.0,1
0x134b00,-nan,0.0,1
0x134b80,-nan,0.0,1
0x134c00,-nan,0.0,1
0x134c80,-nan,0.0,1
0x134d00,-nan,0.0,1
0x134d80,-nan,0.0,1
0x134e00,-nan,0.0,1
0x134e80,-nan,0.0,1
0x134f00,-nan,0.0,1
0x134f80,-nan,0.0,1
0x135000,-nan,0.0,1
0x135080,-nan,0.0,1
0x135100,-nan,0.0,1
0x135180,-nan,0.0,1
0x135200,-nan,0.0,1
0x135280,-nan,0.0,1
0x135300,-nan,0.0,1
0x135380,-nan,0.0,1
0x135400,-nan,0.0,1
0x135480,-nan,0.0,1
0x135500,-nan,0.0,1
0x135580,-nan,0.0,1
0x135600,-nan,0.0,1
0x135680,-nan,0.0,1
0x135700,-nan,0.0,1
0x135780,-nan,0.0,1
0x135800,-nan,0.0,1
0x135880,-nan,0.0,1
0x135900,-nan,0.0,1
0x135980,-nan,0.0,1
0x135a00,-nan,0.0,1
0x135a80,-nan,0.0,1
0x135b00,-nan,0.0,1
0x135b80,-nan,0.0,1
0x135c00,-nan,0.0,1
0x135c80,-nan,0.0,1
0x135d00,-nan,0.0,1
0x135d80,-nan,0.0,1
0x135e00,-nan,0.0,1
0x135e80,-nan,0.0,1
0x135f00,-nan,0.0,1
0x135f80,-nan,0.0,1
0x136000,-nan,0.0,1
0x136080,-nan,0.0,1
0x136100,-nan,0.0,1
0x136180,-nan,0.0,1
0x136200,-nan,0.0,1
0x136280,-nan,0.0,1
0x136300,-nan,0.0,1
0x136380,-nan,0.0,1
0x136400,-nan,0.0,1
0x136480,-nan,0.0,1
0x136500,-nan,0.0,1
0x136580,-nan,0.0,1
0x136600,-nan,0.0,1
0x136680,-nan,0.0,1
0x136700,-nan,0.0,1
0x136780,-nan,0.0,1
0x136800,-nan,0.0,1
0x136880,-nan,0.0,1
0x136900,-nan,0.0,1
0x136980,-nan,0.0,1
0x136a00,-nan,0.0,1
0x136a80,-nan,0.0,1
0x136b00,-nan,0.0,1
0x136b80,-nan,0.0,1
0x136c00,-nan,0.0,1
0x136c80,-nan,0.0,1
0x136d00,-nan,0.0,1
0x136d80,-nan,0.0,1
0x136e00,-nan,0.0,1
0x136e80,-nan,0.0,1
0x136f00,-nan,0.0,1
0x136f80,-nan,0.0,1
0x137000,-nan,0.0,1
0x137080,-nan,0.0,1
0x137100,-nan,0.0,1
0x137180,-nan,0.0,1
0x137200,-nan,0.0,1
0x137280,-nan,0.0,1
0x137300,-nan,0.0,1
0x137380,-nan,0.0,1
0x137400,-nan,0.0,1
0x137480,-nan,0.0,1
0x137500,-nan,0.0,1
0x137580,-nan,0.0,1
0x137600,-nan,0.0,1
0x137680,-nan,0.0,1
0x137700,-nan,0.0,1
0x137780,-nan,0.0,1
0x137800,-nan,0.0,1
0x137880,-nan,0.0,1
0x137900,-nan,0.0,1
0x137980,-nan,0.0,1
0x137a00,-nan,0.0,1
0x137a80,-nan,0.0,1
0x137b00,-nan,0.0,1
0x137b80,-nan,0.0,1
0x137c00,-nan,0.0,1
0x137c80,-nan,0.0,1
0x137d00,-nan,0.0,1
0x137d80,-nan,0.0,1
0x137e00,-nan,0.0,1
0x137e80,-nan,0.0,1
0x137f00,-nan,0.0,1
0x137f80,-nan,0.0,1
0x138000,-nan,0.0,1
0x138080,-nan,0.0,1
0x138100,-nan,0.0,1
0x138180,-nan,0.0,1
0x138200,-nan,0.0,1
0x138280,-nan,0.0,1
0x138300,-nan,0.0,1
0x138380,-nan,0.0,1
0x138400,-nan,0.0,1
0x138480,-nan,0.0,1
0x138500,-nan,0.0,1
0x138580,-nan,0.0,1
0x138600,-nan,0.0,1
0x138680,-nan,0.0,1
0x138700,-nan,0.0,1
0x138780,-nan,0.0,1
0x138800,-nan,0.0,1
0x138880,-nan,0.0,1
0x138900,-nan,0.0,1
0x138980,-nan,0.0,1
0x138a00,-nan,0.0,1
0x138a80,-nan,0.0,1
0x138b00,-nan,0.0,1
0x138b80,-nan,0.0,1
0x138c00,-nan,0.0,1
0x138c80,-nan,0.0,1
0x138d00,-nan,0.0,1
0x138d80,-nan,0.0,1
0x138e00,-nan,0.0,1
0x138e80,-nan,0.0,1
0x138f00,-nan,0.0,1
0x138f80,-nan,0.0,1
0x139000,-nan,0.0,1
0x139080,-nan,0.0,1
0x139100,-nan,0.0,1
0x139180,-nan,0.0,1
0x139200,-nan,0.0,1
0x139280,-nan,0.0,1
0x139300,-nan,0.0,1
0x139380,-nan,0.0,1
0x139400,-nan,0.0,1
0x139480,-nan,0.0,1
0x139500,-nan,0.0,1
0x139580,-nan,0.0,1
0x139600,-nan,0.0,1
0x139680,-nan,0.0,1
0x139700,-nan,0.0,1
0x139780,-nan,0.0,1
0x139800,-nan,0.0,1
0x139880,-nan,0.0,1
0x139900,-nan,0.0,1
0x139980,-nan,0.0,1
0x139a00,-nan,0.0,1
0x139a80,-nan,0.0,1
0x139b00,-nan,0.0,1
0x139b80,-nan,0.0,1
0x139c00,-nan,0.0,1
0x139c80,-nan,0.0,1
0x139d00,-nan,0.0,1
0x139d80,-nan,0.0,1
0x139e00,-nan,0.0,1
0x139e80,-nan,0.0,1
0x139f00,-nan,0.0,1
0x139f80,-nan,0.0,1
0x13a000,-nan,0.0,1
0x13a080,-nan,0.0,1
0x13a100,-nan,0.0,1
0x13a180,-nan,0.0,1
0x13a200,-nan,0.0,1
0x13a280,-nan,0.0,1
0x13a300,-nan,0.0,1
0x13a380,-nan,0.0,1
0x13a400,-nan,0.0,1
0x13a480,-nan,0.0,1
0x13a500,-nan,0.0,1
0x13a580,-nan,0.0,1
0x13a600,-nan,0.0,1
0x13a680,-nan,0.0,1
0x13a700,-nan,0.0,1
0x13a780,-nan,0.0,1
0x13a800,-nan,0.0,1
0x13a880,-nan,0.0,1
0x13a900,-nan,0.0,1
0x13a980,-nan,0.0,1
0x13aa00,-nan,0.0,1
0x13aa80,-nan,0.0,1
0x13ab00,-nan,0.0,1
0x13ab80,-nan,0.0,1
0x13ac00,-nan,0.0,1
0x13ac80,-nan,0.0,1
0x13ad00,-nan,0.0,1
0x13ad80,-nan,0.0,1
0x13ae00,-nan,0.0,1
0x13ae80,-nan,0.0,1
0x13af00,-nan,0.0,1
0x13af80,-nan,0.0,1
0x13b000,-nan,0.0,1
0x13b080,-nan,0.0,1
0x13b100,-nan,0.0,1
0x13b180,-nan,0.0,1
0x13b200,-nan,0.0,1
0x13b280,-nan,0.0,1
0x13b300,-nan,0.0,1
0x13b380,-nan,0.0,1
0x13b400,-nan,0.0,1
0x13b480,-nan,0.0,1
0x13b500,-nan,0.0,1
0x13b580,-nan,0.0,1
0x13b600,-nan,0.0,1
0x13b680,-nan,0.0,1
0x13b700,-nan,0.0,1
0x13b780,-nan,0.0,1
0x13b800,-nan,0.0,1
0x13b880,-nan,0.0,1
0x13b900,-nan,0.0,1
0x13b980,-nan,0.0,1
0x13ba00,-nan,0.0,1
0x13ba80,-nan,0.0,1
0x13bb00,-nan,0.0,1
0x13bb80,-nan,0.0,1
0x13bc00,-nan,0.0,1
0x13bc80,-nan,0.0,1
0x13bd00,-nan,0.0,1
0x13bd80,-nan,0.0,1
0x13be00,-nan,0.0,1
0x13be80,-nan,0.0,1
0x13bf00,-nan,0.0,1
0x13bf80,-nan,0.0,1
0x13c000,-nan,0.0,1
0x13c080,-nan,0.0,1
0x13c100,-nan,0.0,1
0x13c180,-nan,0.0,1
0x13c200,-nan,0.0,1
0x13c280,-nan,0.0,1
0x13c300,-nan,0.0,1
0x13c380,-nan,0.0,1
0x13c400,-nan,0.0,1
0x13c480,-nan,0.0,1
0x13c500,-nan,0.0,1
0x13c580,-nan,0.0,1
0x13c600,-nan,0.0,1
0x13c680,-nan,0.0,1
0x13c700,-nan,0.0,1
0x13c780,-nan,0.0,1
0x13c800,-nan,0.0,1
0x13c880,-nan,0.0,1
0x13c900,-nan,0.0,1
0x13c980,-nan,0.0,1
0x13ca00,-nan,0.0,1
0x13ca80,-nan,0.0,1
0x13cb00,-nan,0.0,1
0x13cb80,-nan,0.0,1
0x13cc00,-nan,0.0,1
0x13cc80,-nan,0.0,1
0x13cd00,-nan,0.0,1
0x13cd80,-nan,0.0,1
0x13ce00,-nan,0.0,1
0x13ce80,-nan,0.0,1
0x13cf00,-nan,0.0,1
0x13cf80,-nan,0.0,1
0x13d000,-nan,0.0,1
0x13d080,-nan,0.0,1
0x13d100,-nan,0.0,1
0x13d180,-nan,0.0,1
0x13d200,-nan,0.0,1
0x13d280,-nan,0.0,1
0x13d300,-nan,0.0,1
0x13d380,-nan,0.0,1
0x13d400,-nan,0.0,1
0x13d480,-nan,0.0,1
0x13d500,-nan,0.0,1
0x13d580,-nan,0.0,1
0x13d600,-nan,0.0,1
0x13d680,-nan,0.0,1
0x13d700,-nan,0.0,1
0x13d780,-nan,0.0,1
0x13d800,-nan,0.0,1
0x13d880,-nan,0.0,1
0x13d900,-nan,0.0,1
0x13d980,-nan,0.0,1
0x13da00,-nan,0.0,1
0x13da80,-nan,0.0,1
0x13db00,-nan,0.0,1
0x13db80,-nan,0.0,1
0x13dc00,-nan,0.0,1
0x13dc80,-nan,0.0,1
0x13dd00,-nan,0.0,1
0x13dd80,-nan,0.0,1
0x13de00,-nan,0.0,1
0x13de80,-nan,0.0,1
0x13df00,-nan,0.0,1
0x13df80,-nan,0.0,1
0x13e000,-nan,0.0,1
0x13e080,-nan,0.0,1
0x13e100,-nan,0.0,1
0x13e180,-nan,0.0,1
0x13e200,-nan,0.0,1
0x13e280,-nan,0.0,1
0x13e300,-nan,0.0,1
0x13e380,-nan,0.0,1
0x13e400,-nan,0.0,1
0x13e480,-nan,0.0,1
0x13e500,-nan,0.0,1
0x13e580,-nan,0.0,1
0x13e600,-nan,0.0,1
0x13e680,-nan,0.0,1
0x13e700,-nan,0.0,1
0x13e780,-nan,0.0,1
0x13e800,-nan,0.0,1
0x13e880,-nan,0.0,1
0x13e900,-nan,0.0,1
0x13e980,-nan,0.0,1
0x13ea00,-nan,0.0,1
0x13ea80,-nan,0.0,1
0x13eb00,-nan,0.0,1
0x13eb80,-nan,0.0,1
0x13ec00,-nan,0.0,1
0x13ec80,-nan,0.0,1
0x13ed00,-nan,0.0,1
0x13ed80,-nan,0.0,1
0x13ee00,-nan,0.0,1
0x13ee80,-nan,0.0,1
0x13ef00,-nan,0.0,1
0x13ef80,-nan,0.0,1
0x13f000,-nan,0.0,1
0x13f080,-nan,0.0,1
0x13f100,-nan,0.0,1
0x13f180,-nan,0.0,1
0x13f200,-nan,0.0,1
0x13f280,-nan,0.0,1
0x13f300,-nan,0.0,1
0x13f380,-nan,0.0,1
0x13f400,-nan,0.0,1
0x13f480,-nan,0.0,1
0x13f500,-nan,0.0,1
0x13f580,-nan,0.0,1
0x13f600,-nan,0.0,1
0x13f680,-nan,0.0,1
0x13f700,-nan,0.0,1
0x13f780,-nan,0.0,1
0x13f800,-nan,0.0,1
0x13f880,-nan,0.0,1
0x13f900,-nan,0.0,1
0x13f980,-nan,0.0,1
0x13fa00,-nan,0.0,1
0x13fa80,-nan,0.0,1
0x13fb00,-nan,0.0,1
0x13fb80,-nan,0.0,1
0x13fc00,-nan,0.0,1
0x13fc80,-nan,0.0,1
0x13fd00,-nan,0.0,1
0x13fd80,-nan,0.0,1
0x13fe00,-nan,0.0,1
0x13fe80,-nan,0.0,1
0x13ff00,-nan,0.0,1
0x13ff80,-nan,0.0,1
0x140000,-nan,0.0,1
0x140080,-nan,0.0,1
0x140100,-nan,0.0,1
0x140180,-nan,0.0,1
0x140200,-nan,0.0,1
0x140280,-nan,0.0,1
0x140300,-nan,0.0,1
0x140380,-nan,0.0,1
0x140400,-nan,0.0,1
0x140480,-nan,0.0,1
0x140500,-nan,0.0,1
0x140580,-nan,0.0,1
0x140600,-nan,0.0,1
0x140680,-nan,0.0,1
0x140700,-nan,0.0,1
0x140780,-nan,0.0,1
0x140800,-nan,0.0,1
0x140880,-nan,0.0,1
0x140900,-nan,0.0,1
0x140980,-nan,0.0,1
0x140a00,-nan,0.0,1
0x140a80,-nan,0.0,1
0x140b00,-nan,0.0,1
0x140b80,-nan,0.0,1
0x140c00,-nan,0.0,1
0x140c80,-nan,0.0,1
0x140d00,-nan,0.0,1
0x140d80,-nan,0.0,1
0x140e00,-nan,0.0,1
0x140e80,-nan,0.0,1
0x140f00,-nan,0.0,1
0x140f80,-nan,0.0,1
0x141000,-nan,0.0,1
0x141080,-nan,0.0,1
0x141100,-nan,0.0,1
0x141180,-nan,0.0,1
0x141200,-nan,0.0,1
0x141280,-nan,0.0,1
0x141300,-nan,0.0,1
0x141380,-nan,0.0,1
0x141400,-nan,0.0,1
0x141480,-nan,0.0,1
0x141500,-nan,0.0,1
0x141580,-nan,0.0,1
0x141600,-nan,0.0,1
0x141680,-nan,0.0,1
0x141700,-nan,0.0,1
0x141780,-nan,0.0,1
0x141800,-nan,0.0,1
0x141880,-nan,0.0,1
0x141900,-nan,0.0,1
0x141980,-nan,0.0,1
0x141a00,-nan,0.0,1
0x141a80,-nan,0.0,1
0x141b00,-nan,0.0,1
0x141b80,-nan,0.0,1
0x141c00,-nan,0.0,1
0x141c80,-nan,0.0,1
0x141d00,-nan,0.0,1
0x141d80,-nan,0.0,1
0x141e00,-nan,0.0,1
0x141e80,-nan,0.0,1
0x141f00,-nan,0.0,1
0x141f80,-nan,0.0,1
0x142000,-nan,0.0,1
0x142080,-nan,0.0,1
0x142100,-nan,0.0,1
0x142180,-nan,0.0,1
0x142200,-nan,0.0,1
0x142280,-nan,0.0,1
0x142300,-nan,0.0,1
0x142380,-nan,0.0,1
0x142400,-nan,0.0,1
0x142480,-nan,0.0,1
0x142500,-nan,0.0,1
0x142580,-nan,0.0,1
0x142600,-nan,0.0,1
0x142680,-nan,0.0,1
0x142700,-nan,0.0,1
0x142780,-nan,0.0,1
0x142800,-nan,0.0,1
0x142880,-nan,0.0,1
0x142900,-nan,0.0,1
0x142980,-nan,0.0,1
0x142a00,-nan,0.0,1
0x142a80,-nan,0.0,1
0x142b00,-nan,0.0,1
0x142b80,-nan,0.0,1
0x142c00,-nan,0.0,1
0x142c80,-nan,0.0,1
0x142d00,-nan,0.0,1
0x142d80,-nan,0.0,1
0x142e00,-nan,0.0,1
0x142e80,-nan,0.0,1
0x142f00,-nan,0.0,1
0x142f80,-nan,0.0,1
0x143000,-nan,0.0,1
0x143080,-nan,0.0,1
0x143100,-nan,0.0,1
0x143180,-nan,0.0,1
0x143200,-nan,0.0,1
0x143280,-nan,0.0,1
0x143300,-nan,0.0,1
0x143380,-nan,0.0,1
0x143400,-nan,0.0,1
0x143480,-nan,0.0,1
0x143500,-nan,0.0,1
0x143580,-nan,0.0,1
0x143600,-nan,0.0,1
0x143680,-nan,0.0,1
0x143700,-nan,0.0,1
0x143780,-nan,0.0,1
0x143800,-nan,0.0,1
0x143880,-nan,0.0,1
0x143900,-nan,0.0,1
0x143980,-nan,0.0,1
0x143a00,-nan,0.0,1
0x143a80,-nan,0.0,1
0x143b00,-nan,0.0,1
0x143b80,-nan,0.0,1
0x143c00,-nan,0.0,1
0x143c80,-nan,0.0,1
0x143d00,-nan,0.0,1
0x143d80,-nan,0.0,1
0x143e00,-nan,0.0,1
0x143e80,-nan,0.0,1
0x143f00,-nan,0.0,1
0x143f80,-nan,0.0,1
0x144000,-nan,0.0,1
0x144080,-nan,0.0,1
0x144100,-nan,0.0,1
0x144180,-nan,0.0,1
0x144200,-nan,0.0,1
0x144280,-nan,0.0,1
0x144300,-nan,0.0,1
0x144380,-nan,0.0,1
0x144400,-nan,0.0,1
0x144480,-nan,0.0,1
0x144500,-nan,0.0,1
0x144580,-nan,0.0,1
0x144600,-nan,0.0,1
0x144680,-nan,0.0,1
0x144700,-nan,0.0,1
0x144780,-nan,0.0,1
0x144800,-nan,0.0,1
0x144880,-nan,0.0,1
0x144900,-nan,0.0,1
0x144980,-nan,0.0,1
0x144a00,-nan,0.0,1
0x144a80,-nan,0.0,1
0x144b00,-nan,0.0,1
0x144b80,-nan,0.0,1
0x144c00,-nan,0.0,1
0x144c80,-nan,0.0,1
0x144d00,-nan,0.0,1
0x144d80,-nan,0.0,1
0x144e00,-nan,0.0,1
0x144e80,-nan,0.0,1
0x144f00,-nan,0.0,1
0x144f80,-nan,0.0,1
0x145000,-nan,0.0,1
0x145080,-nan,0.0,1
0x145100,-nan,0.0,1
0x145180,-nan,0.0,1
0x145200,-nan,0.0,1
0x145280,-nan,0.0,1
0x145300,-nan,0.0,1
0x145380,-nan,0.0,1
0x145400,-nan,0.0,1
0x145480,-nan,0.0,1
0x145500,-nan,0.0,1
0x145580,-nan,0.0,1
0x145600,-nan,0.0,1
0x145680,-nan,0.0,1
0x145700,-nan,0.0,1
0x145780,-nan,0.0,1
0x145800,-nan,0.0,1
0x145880,-nan,0.0,1
0x145900,-nan,0.0,1
0x145980,-nan,0.0,1
0x145a00,-nan,0.0,1
0x145a80,-nan,0.0,1
0x145b00,-nan,0.0,1
0x145b80,-nan,0.0,1
0x145c00,-nan,0.0,1
0x145c80,-nan,0.0,1
0x145d00,-nan,0.0,1
0x145d80,-nan,0.0,1
0x145e00,-nan,0.0,1
0x145e80,-nan,0.0,1
0x145f00,-nan,0.0,1
0x145f80,-nan,0.0,1
0x146000,-nan,0.0,1
0x146080,-nan,0.0,1
0x146100,-nan,0.0,1
0x146180,-nan,0.0,1
0x146200,-nan,0.0,1
0x146280,-nan,0.0,1
0x146300,-nan,0.0,1
0x146380,-nan,0.0,1
0x146400,-nan,0.0,1
0x146480,-nan,0.0,1
0x146500,-nan,0.0,1
0x146580,-nan,0.0,1
0x146600,-nan,0.0,1
0x146680,-nan,0.0,1
0x146700,-nan,0.0,1
0x146780,-nan,0.0,1
0x146800,-nan,0.0,1
0x146880,-nan,0.0,1
0x146900,-nan,0.0,1
0x146980,-nan,0.0,1
0x146a00,-nan,0.0,1
0x146a80,-nan,0.0,1
0x146b00,-nan,0.0,1
0x146b80,-nan,0.0,1
0x146c00,-nan,0.0,1
0x146c80,-nan,0.0,1
0x146d00,-nan,0.0,1
0x146d80,-nan,0.0,1
0x146e00,-nan,0.0,1
0x146e80,-nan,0.0,1
0x146f00,-nan,0.0,1
0x146f80,-nan,0.0,1
0x147000,-nan,0.0,1
0x147080,-nan,0.0,1
0x147100,-nan,0.0,1
0x147180,-nan,0.0,1
0x147200,-nan,0.0,1
0x147280,-nan,0.0,1
0x147300,-nan,0.0,1
0x147380,-nan,0.0,1
0x147400,-nan,0.0,1
0x147480,-nan,0.0,1
0x147500,-nan,0.0,1
0x147580,-nan,0.0,1
0x147600,-nan,0.0,1
0x147680,-nan,0.0,1
0x147700,-nan,0.0,1
0x147780,-nan,0.0,1
0x147800,-nan,0.0,1
0x147880,-nan,0.0,1
0x147900,-nan,0.0,1
0x147980,-nan,0.0,1
0x147a00,-nan,0.0,1
0x147a80,-nan,0.0,1
0x147b00,-nan,0.0,1
0x147b80,-nan,0.0,1
0x147c00,-nan,0.0,1
0x147c80,-nan,0.0,1
0x147d00,-nan,0.0,1
0x147d80,-nan,0.0,1
0x147e00,-nan,0.0,1
0x147e80,-nan,0.0,1
0x147f00,-nan,0.0,1
0x147f80,-nan,0.0,1
0x148000,-nan,0.0,1
0x148080,-nan,0.0,1
0x148100,-nan,0.0,1
0x148180,-nan,0.0,1
0x148200,-nan,0.0,1
0x148280,-nan,0.0,1
0x148300,-nan,0.0,1
0x148380,-nan,0.0,1
0x148400,-nan,0.0,1
0x148480,-nan,0.0,1
0x148500,-nan,0.0,1
0x148580,-nan,0.0,1
0x148600,-nan,0.0,1
0x148680,-nan,0.0,1
0x148700,-nan,0.0,1
0x148780,-nan,0.0,1
0x148800,-nan,0.0,1
0x148880,-nan,0.0,1
0x148900,-nan,0.0,1
0x148980,-nan,0.0,1
0x148a00,-nan,0.0,1
0x148a80,-nan,0.0,1
0x148b00,-nan,0.0,1
0x148b80,-nan,0.0,1
0x148c00,-nan,0.0,1
0x148c80,-nan,0.0,1
0x148d00,-nan,0.0,1
0x148d80,-nan,0.0,1
0x148e00,-nan,0.0,1
0x148e80,-nan,0.0,1
0x148f00,-nan,0.0,1
0x148f80,-nan,0.0,1
0x149000,-nan,0.0,1
0x149080,-nan,0.0,1
0x149100,-nan,0.0,1
0x149180,-nan,0.0,1
0x149200,-nan,0.0,1
0x149280,-nan,0.0,1
0x149300,-nan,0.0,1
0x149380,-nan,0.0,1
0x149400,-nan,0.0,1
0x149480,-nan,0.0,1
0x149500,-nan,0.0,1
0x149580,-nan,0.0,1
0x149600,-nan,0.0,1
0x149680,-nan,0.0,1
0x149700,-nan,0.0,1
0x149780,-nan,0.0,1
0x149800,-nan,0.0,1
0x149880,-nan,0.0,1
0x149900,-nan,0.0,1
0x149980,-nan,0.0,1
0x149a00,-nan,0.0,1
0x149a80,-nan,0.0,1
0x149b00,-nan,0.0,1
0x149b80,-nan,0.0,1
0x149c00,-nan,0.0,1
0x149c80,-nan,0.0,1
0x149d00,-nan,0.0,1
0x149d80,-nan,0.0,1
0x149e00,-nan,0.0,1
0x149e80,-nan,0.0,1
0x149f00,-nan,0.0,1
0x149f80,-nan,0.0,1
0x14a000,-nan,0.0,1
0x14a080,-nan,0.0,1
0x14a100,-nan,0.0,1
0x14a180,-nan,0.0,1
0x14a200,-nan,0.0,1
0x14a280,-nan,0.0,1
0x14a300,-nan,0.0,1
0x14a380,-nan,0.0,1
0x14a400,-nan,0.0,1
0x14a480,-nan,0.0,1
0x14a500,-nan,0.0,1
0x14a580,-nan,0.0,1
0x14a600,-nan,0.0,1
0x14a680,-nan,0.0,1
0x14a700,-nan,0.0,1
0x14a780,-nan,0.0,1
0x14a800,-nan,0.0,1
0x14a880,-nan,0.0,1
0x14a900,-nan,0.0,1
0x14a980,-nan,0.0,1
0x14aa00,-nan,0.0,1
0x14aa80,-nan,0.0,1
0x14ab00,-nan,0.0,1
0x14ab80,-nan,0.0,1
0x14ac00,-nan,0.0,1
0x14ac80,-nan,0.0,1
0x14ad00,-nan,0.0,1
0x14ad80,-nan,0.0,1
0x14ae00,-nan,0.0,1
0x14ae80,-nan,0.0,1
0x14af00,-nan,0.0,1
0x14af80,-nan,0.0,1
0x14b000,-nan,0.0,1
0x14b080,-nan,0.0,1
0x14b100,-nan,0.0,1
0x14b180,-nan,0.0,1
0x14b200,-nan,0.0,1
0x14b280,-nan,0.0,1
0x14b300,-nan,0.0,1
0x14b380,-nan,0.0,1
0x14b400,-nan,0.0,1
0x14b480,-nan,0.0,1
0x14b500,-nan,0.0,1
0x14b580,-nan,0.0,1
0x14b600,-nan,0.0,1
0x14b680,-nan,0.0,1
0x14b700,-nan,0.0,1
0x14b780,-nan,0.0,1
0x14b800,-nan,0.0,1
0x14b880,-nan,0.0,1
0x14b900,-nan,0.0,1
0x14b980,-nan,0.0,1
0x14ba00,-nan,0.0,1
0x14ba80,-nan,0.0,1
0x14bb00,-nan,0.0,1
0x14bb80,-nan,0.0,1
0x14bc00,-nan,0.0,1
0x14bc80,-nan,0.0,1
0x14bd00,-nan,0.0,1
0x14bd80,-nan,0.0,1
0x14be00,-nan,0.0,1
0x14be80,-nan,0.0,1
0x14bf00,-nan,0.0,1
0x14bf80,-nan,0.0,1
0x14c000,-nan,0.0,1
0x14c080,-nan,0.0,1
0x14c100,-nan,0.0,1
0x14c180,-nan,0.0,1
0x14c200,-nan,0.0,1
0x14c280,-nan,0.0,1
0x14c300,-nan,0.0,1
0x14c380,-nan,0.0,1
0x14c400,-nan,0.0,1
0x14c480,-nan,0.0,1
0x14c500,-nan,0.0,1
0x14c580,-nan,0.0,1
0x14c600,-nan,0.0,1
0x14c680,-nan,0.0,1
0x14c700,-nan,0.0,1
0x14c780,-nan,0.0,1
0x14c800,-nan,0.0,1
0x14c880,-nan,0.0,1
0x14c900,-nan,0.0,1
0x14c980,-nan,0.0,1
0x14ca00,-nan,0.0,1
0x14ca80,-nan,0.0,1
0x14cb00,-nan,0.0,1
0x14cb80,-nan,0.0,1
0x14cc00,-nan,0.0,1
0x14cc80,-nan,0.0,1
0x14cd00,-nan,0.0,1
0x14cd80,-nan,0.0,1
0x14ce00,-nan,0.0,1
0x14ce80,-nan,0.0,1
0x14cf00,-nan,0.0,1
0x14cf80,-nan,0.0,1
0x14d000,-nan,0.0,1
0x14d080,-nan,0.0,1
0x14d100,-nan,0.0,1
0x14d180,-nan,0.0,1
0x14d200,-nan,0.0,1
0x14d280,-nan,0.0,1
0x14d300,-nan,0.0,1
0x14d380,-nan,0.0,1
0x14d400,-nan,0.0,1
0x14d480,-nan,0.0,1
0x14d500,-nan,0.0,1
0x14d580,-nan,0.0,1
0x14d600,-nan,0.0,1
0x14d680,-nan,0.0,1
0x14d700,-nan,0.0,1
0x14d780,-nan,0.0,1
0x14d800,-nan,0.0,1
0x14d880,-nan,0.0,1
0x14d900,-nan,0.0,1
0x14d980,-nan,0.0,1
0x14da00,-nan,0.0,1
0x14da80,-nan,0.0,1
0x14db00,-nan,0.0,1
0x14db80,-nan,0.0,1
0x14dc00,-nan,0.0,1
0x14dc80,-nan,0.0,1
0x14dd00,-nan,0.0,1
0x14dd80,-nan,0.0,1
0x14de00,-nan,0.0,1
0x14de80,-nan,0.0,1
0x14df00,-nan,0.0,1
0x14df80,-nan,0.0,1
0x14e000,-nan,0.0,1
0x14e080,-nan,0.0,1
0x14e100,-nan,0.0,1
0x14e180,-nan,0.0,1
0x14e200,-nan,0.0,1
0x14e280,-nan,0.0,1
0x14e300,-nan,0.0,1
0x14e380,-nan,0.0,1
0x14e400,-nan,0.0,1
0x14e480,-nan,0.0,1
0x14e500,-nan,0.0,1
0x14e580,-nan,0.0,1
0x14e600,-nan,0.0,1
0x14e680,-nan,0.0,1
0x14e700,-nan,0.0,1
0x14e780,-nan,0.0,1
0x14e800,-nan,0.0,1
0x14e880,-nan,0.0,1
0x14e900,-nan,0.0,1
0x14e980,-nan,0.0,1
0x14ea00,-nan,0.0,1
0x14ea80,-nan,0.0,1
0x14eb00,-nan,0.0,1
0x14eb80,-nan,0.0,1
0x14ec00,-nan,0.0,1
0x14ec80,-nan,0.0,1
0x14ed00,-nan,0.0,1
0x14ed80,-nan,0.0,1
0x14ee00,-nan,0.0,1
0x14ee80,-nan,0.0,1
0x14ef00,-nan,0.0,1
0x14ef80,-nan,0.0,1
0x14f000,-nan,0.0,1
0x14f080,-nan,0.0,1
0x14f100,-nan,0.0,1
0x14f180,-nan,0.0,1
0x14f200,-nan,0.0,1
0x14f280,-nan,0.0,1
0x14f300,-nan,0.0,1
0x14f380,-nan,0.0,1
0x14f400,-nan,0.0,1
0x14f480,-nan,0.0,1
0x14f500,-nan,0.0,1
0x14f580,-nan,0.0,1
0x14f600,-nan,0.0,1
0x14f680,-nan,0.0,1
0x14f700,-nan,0.0,1
0x14f780,-nan,0.0,1
0x14f800,-nan,0.0,1
0x14f880,-nan,0.0,1
0x14f900,-nan,0.0,1
0x14f980,-nan,0.0,1
0x14fa00,-nan,0.0,1
0x14fa80,-nan,0.0,1
0x14fb00,-nan,0.0,1
0x14fb80,-nan,0.0,1
0x14fc00,-nan,0.0,1
0x14fc80,-nan,0.0,1
0x14fd00,-nan,0.0,1
0x14fd80,-nan,0.0,1
0x14fe00,-nan,0.0,1
0x14fe80,-nan,0.0,1
0x14ff00,-nan,0.0,1
0x14ff80,-nan,0.0,1
0x150000,-nan,0.0,1
0x150080,-nan,0.0,1
0x150100,-nan,0.0,1
0x150180,-nan,0.0,1
0x150200,-nan,0.0,1
0x150280,-nan,0.0,1
0x150300,-nan,0.0,1
0x150380,-nan,0.0,1
0x150400,-nan,0.0,1
0x150480,-nan,0.0,1
0x150500,-nan,0.0,1
0x150580,-nan,0.0,1
0x150600,-nan,0.0,1
0x150680,-nan,0.0,1
0x150700,-nan,0.0,1
0x150780,-nan,0.0,1
0x150800,-nan,0.0,1
0x150880,-nan,0.0,1
0x150900,-nan,0.0,1
0x150980,-nan,0.0,1
0x150a00,-nan,0.0,1
0x150a80,-nan,0.0,1
0x150b00,-nan,0.0,1
0x150b80,-nan,0.0,1
0x150c00,-nan,0.0,1
0x150c80,-nan,0.0,1
0x150d00,-nan,0.0,1
0x150d80,-nan,0.0,1
0x150e00,-nan,0.0,1
0x150e80,-nan,0.0,1
0x150f00,-nan,0.0,1
0x150f80,-nan,0.0,1
0x151000,-nan,0.0,1
0x151080,-nan,0.0,1
0x151100,-nan,0.0,1
0x151180,-nan,0.0,1
0x151200,-nan,0.0,1
0x151280,-nan,0.0,1
0x151300,-nan,0.0,1
0x151380,-nan,0.0,1
0x151400,-nan,0.0,1
0x151480,-nan,0.0,1
0x151500,-nan,0.0,1
0x151580,-nan,0.0,1
0x151600,-nan,0.0,1
0x151680,-nan,0.0,1
0x151700,-nan,0.0,1
0x151780,-nan,0.0,1
0x151800,-nan,0.0,1
0x151880,-nan,0.0,1
0x151900,-nan,0.0,1
0x151980,-nan,0.0,1
0x151a00,-nan,0.0,1
0x151a80,-nan,0.0,1
0x151b00,-nan,0.0,1
0x151b80,-nan,0.0,1
0x151c00,-nan,0.0,1
0x151c80,-nan,0.0,1
0x151d00,-nan,0.0,1
0x151d80,-nan,0.0,1
0x151e00,-nan,0.0,1
0x151e80,-nan,0.0,1
0x151f00,-nan,0.0,1
0x151f80,-nan,0.0,1
0x152000,-nan,0.0,1
0x152080,-nan,0.0,1
0x152100,-nan,0.0,1
0x152180,-nan,0.0,1
0x152200,-nan,0.0,1
0x152280,-nan,0.0,1
0x152300,-nan,0.0,1
0x152380,-nan,0.0,1
0x152400,-nan,0.0,1
0x152480,-nan,0.0,1
0x152500,-nan,0.0,1
0x152580,-nan,0.0,1
0x152600,-nan,0.0,1
0x152680,-nan,0.0,1
0x152700,-nan,0.0,1
0x152780,-nan,0.0,1
0x152800,-nan,0.0,1
0x152880,-nan,0.0,1
0x152900,-nan,0.0,1
0x152980,-nan,0.0,1
0x152a00,-nan,0.0,1
0x152a80,-nan,0.0,1
0x152b00,-nan,0.0,1
0x152b80,-nan,0.0,1
0x152c00,-nan,0.0,1
0x152c80,-nan,0.0,1
0x152d00,-nan,0.0,1
0x152d80,-nan,0.0,1
0x152e00,-nan,0.0,1
0x152e80,-nan,0.0,1
0x152f00,-nan,0.0,1
0x152f80,-nan,0.0,1
0x153000,-nan,0.0,1
0x153080,-nan,0.0,1
0x153100,-nan,0.0,1
0x153180,-nan,0.0,1
0x153200,-nan,0.0,1
0x153280,-nan,0.0,1
0x153300,-nan,0.0,1
0x153380,-nan,0.0,1
0x153400,-nan,0.0,1
0x153480,-nan,0.0,1
0x153500,-nan,0.0,1
0x153580,-nan,0.0,1
0x153600,-nan,0.0,1
0x153680,-nan,0.0,1
0x153700,-nan,0.0,1
0x153780,-nan,0.0,1
0x153800,-nan,0.0,1
0x153880,-nan,0.0,1
0x153900,-nan,0.0,1
0x153980,-nan,0.0,1
0x153a00,-nan,0.0,1
0x153a80,-nan,0.0,1
0x153b00,-nan,0.0,1
0x153b80,-nan,0.0,1
0x153c00,-nan,0.0,1
0x153c80,-nan,0.0,1
0x153d00,-nan,0.0,1
0x153d80,-nan,0.0,1
0x153e00,-nan,0.0,1
0x153e80,-nan,0.0,1
0x153f00,-nan,0.0,1
0x153f80,-nan,0.0,1
0x154000,-nan,0.0,1
0x154080,-nan,0.0,1
0x154100,-nan,0.0,1
0x154180,-nan,0.0,1
0x154200,-nan,0.0,1
0x154280,-nan,0.0,1
0x154300,-nan,0.0,1
0x154380,-nan,0.0,1
0x154400,-nan,0.0,1
0x154480,-nan,0.0,1
0x154500,-nan,0.0,1
0x154580,-nan,0.0,1
0x154600,-nan,0.0,1
0x154680,-nan,0.0,1
0x154700,-nan,0.0,1
0x154780,-nan,0.0,1
0x154800,-nan,0.0,1
0x154880,-nan,0.0,1
0x154900,-nan,0.0,1
0x154980,-nan,0.0,1
0x154a00,-nan,0.0,1
0x154a80,-nan,0.0,1
0x154b00,-nan,0.0,1
0x154b80,-nan,0.0,1
0x154c00,-nan,0.0,1
0x154c80,-nan,0.0,1
0x154d00,-nan,0.0,1
0x154d80,-nan,0.0,1
0x154e00,-nan,0.0,1
0x154e80,-nan,0.0,1
0x154f00,-nan,0.0,1
0x154f80,-nan,0.0,1
0x155000,-nan,0.0,1
0x155080,-nan,0.0,1
0x155100,-nan,0.0,1
0x155180,-nan,0.0,1
0x155200,-nan,0.0,1
0x155280,-nan,0.0,1
0x155300,-nan,0.0,1
0x155380,-nan,0.0,1
0x155400,-nan,0.0,1
0x155480,-nan,0.0,1
0x155500,-nan,0.0,1
0x155580,-nan,0.0,1
0x155600,-nan,0.0,1
0x155680,-nan,0.0,1
0x155700,-nan,0.0,1
0x155780,-nan,0.0,1
0x155800,-nan,0.0,1
0x155880,-nan,0.0,1
0x155900,-nan,0.0,1
0x155980,-nan,0.0,1
0x155a00,-nan,0.0,1
0x155a80,-nan,0.0,1
0x155b00,-nan,0.0,1
0x155b80,-nan,0.0,1
0x155c00,-nan,0.0,1
0x155c80,-nan,0.0,1
0x155d00,-nan,0.0,1
0x155d80,-nan,0.0,1
0x155e00,-nan,0.0,1
0x155e80,-nan,0.0,1
0x155f00,-nan,0.0,1
0x155f80,-nan,0.0,1
0x156000,-nan,0.0,1
0x156080,-nan,0.0,1
0x156100,-nan,0.0,1
0x156180,-nan,0.0,1
0x156200,-nan,0.0,1
0x156280,-nan,0.0,1
0x156300,-nan,0.0,1
0x156380,-nan,0.0,1
0x156400,-nan,0.0,1
0x156480,-nan,0.0,1
0x156500,-nan,0.0,1
0x156580,-nan,0.0,1
0x156600,-nan,0.0,1
0x156680,-nan,0.0,1
0x156700,-nan,0.0,1
0x156780,-nan,0.0,1
0x156800,-nan,0.0,1
0x156880,-nan,0.0,1
0x156900,-nan,0.0,1
0x156980,-nan,0.0,1
0x156a00,-nan,0.0,1
0x156a80,-nan,0.0,1
0x156b00,-nan,0.0,1
0x156b80,-nan,0.0,1
0x156c00,-nan,0.0,1
0x156c80,-nan,0.0,1
0x156d00,-nan,0.0,1
0x156d80,-nan,0.0,1
0x156e00,-nan,0.0,1
0x156e80,-nan,0.0,1
0x156f00,-nan,0.0,1
0x156f80,-nan,0.0,1
0x157000,-nan,0.0,1
0x157080,-nan,0.0,1
0x157100,-nan,0.0,1
0x157180,-nan,0.0,1
0x157200,-nan,0.0,1
0x157280,-nan,0.0,1
0x157300,-nan,0.0,1
0x157380,-nan,0.0,1
0x157400,-nan,0.0,1
0x157480,-nan,0.0,1
0x157500,-nan,0.0,1
0x157580,-nan,0.0,1
0x157600,-nan,0.0,1
0x157680,-nan,0.0,1
0x157700,-nan,0.0,1
0x157780,-nan,0.0,1
0x157800,-nan,0.0,1
0x157880,-nan,0.0,1
0x157900,-nan,0.0,1
0x157980,-nan,0.0,1
0x157a00,-nan,0.0,1
0x157a80,-nan,0.0,1
0x157b00,-nan,0.0,1
0x157b80,-nan,0.0,1
0x157c00,-nan,0.0,1
0x157c80,-nan,0.0,1
0x157d00,-nan,0.0,1
0x157d80,-nan,0.0,1
0x157e00,-nan,0.0,1
0x157e80,-nan,0.0,1
0x157f00,-nan,0.0,1
0x157f80,-nan,0.0,1
0x158000,-nan,0.0,1
0x158080,-nan,0.0,1
0x158100,-nan,0.0,1
0x158180,-nan,0.0,1
0x158200,-nan,0.0,1
0x158280,-nan,0.0,1
0x158300,-nan,0.0,1
0x158380,-nan,0.0,1
0x158400,-nan,0.0,1
0x158480,-nan,0.0,1
0x158500,-nan,0.0,1
0x158580,-nan,0.0,1
0x158600,-nan,0.0,1
0x158680,-nan,0.0,1
0x158700,-nan,0.0,1
0x158780,-nan,0.0,1
0x158800,-nan,0.0,1
0x158880,-nan,0.0,1
0x158900,-nan,0.0,1
0x158980,-nan,0.0,1
0x158a00,-nan,0.0,1
0x158a80,-nan,0.0,1
0x158b00,-nan,0.0,1
0x158b80,-nan,0.0,1
0x158c00,-nan,0.0,1
0x158c80,-nan,0.0,1
0x158d00,-nan,0.0,1
0x158d80,-nan,0.0,1
0x158e00,-nan,0.0,1
0x158e80,-nan,0.0,1
0x158f00,-nan,0.0,1
0x158f80,-nan,0.0,1
0x159000,-nan,0.0,1
0x159080,-nan,0.0,1
0x159100,-nan,0.0,1
0x159180,-nan,0.0,1
0x159200,-nan,0.0,1
0x159280,-nan,0.0,1
0x159300,-nan,0.0,1
0x159380,-nan,0.0,1
0x159400,-nan,0.0,1
0x159480,-nan,0.0,1
0x159500,-nan,0.0,1
0x159580,-nan,0.0,1
0x159600,-nan,0.0,1
0x159680,-nan,0.0,1
0x159700,-nan,0.0,1
0x159780,-nan,0.0,1
0x159800,-nan,0.0,1
0x159880,-nan,0.0,1
0x159900,-nan,0.0,1
0x159980,-nan,0.0,1
0x159a00,-nan,0.0,1
0x159a80,-nan,0.0,1
0x159b00,-nan,0.0,1
0x159b80,-nan,0.0,1
0x159c00,-nan,0.0,1
0x159c80,-nan,0.0,1
0x159d00,-nan,0.0,1
0x159d80,-nan,0.0,1
0x159e00,-nan,0.0,1
0x159e80,-nan,0.0,1
0x159f00,-nan,0.0,1
0x159f80,-nan,0.0,1
0x15a000,-nan,0.0,1
0x15a080,-nan,0.0,1
0x15a100,-nan,0.0,1
0x15a180,-nan,0.0,1
0x15a200,-nan,0.0,1
0x15a280,-nan,0.0,1
0x15a300,-nan,0.0,1
0x15a380,-nan,0.0,1
0x15a400,-nan,0.0,1
0x15a480,-nan,0.0,1
0x15a500,-nan,0.0,1
0x15a580,-nan,0.0,1
0x15a600,-nan,0.0,1
0x15a680,-nan,0.0,1
0x15a700,-nan,0.0,1
0x15a780,-nan,0.0,1
0x15a800,-nan,0.0,1
0x15a880,-nan,0.0,1
0x15a900,-nan,0.0,1
0x15a980,-nan,0.0,1
0x15aa00,-nan,0.0,1
0x15aa80,-nan,0.0,1
0x15ab00,-nan,0.0,1
0x15ab80,-nan,0.0,1
0x15ac00,-nan,0.0,1
0x15ac80,-nan,0.0,1
0x15ad00,-nan,0.0,1
0x15ad80,-nan,0.0,1
0x15ae00,-nan,0.0,1
0x15ae80,-nan,0.0,1
0x15af00,-nan,0.0,1
0x15af80,-nan,0.0,1
0x15b000,-nan,0.0,1
0x15b080,-nan,0.0,1
0x15b100,-nan,0.0,1
0x15b180,-nan,0.0,1
0x15b200,-nan,0.0,1
0x15b280,-nan,0.0,1
0x15b300,-nan,0.0,1
0x15b380,-nan,0.0,1
0x15b400,-nan,0.0,1
0x15b480,-nan,0.0,1
0x15b500,-nan,0.0,1
0x15b580,-nan,0.0,1
0x15b600,-nan,0.0,1
0x15b680,-nan,0.0,1
0x15b700,-nan,0.0,1
0x15b780,-nan,0.0,1
0x15b800,-nan,0.0,1
0x15b880,-nan,0.0,1
0x15b900,-nan,0.0,1
0x15b980,-nan,0.0,1
0x15ba00,-nan,0.0,1
0x15ba80,-nan,0.0,1
0x15bb00,-nan,0.0,1
0x15bb80,-nan,0.0,1
0x15bc00,-nan,0.0,1
0x15bc80,-nan,0.0,1
0x15bd00,-nan,0.0,1
0x15bd80,-nan,0.0,1
0x15be00,-nan,0.0,1
0x15be80,-nan,0.0,1
0x15bf00,-nan,0.0,1
0x15bf80,-nan,0.0,1
0x15c000,-nan,0.0,1
0x15c080,-nan,0.0,1
0x15c100,-nan,0.0,1
0x15c180,-nan,0.0,1
0x15c200,-nan,0.0,1
0x15c280,-nan,0.0,1
0x15c300,-nan,0.0,1
0x15c380,-nan,0.0,1
0x15c400,-nan,0.0,1
0x15c480,-nan,0.0,1
0x15c500,-nan,0.0,1
0x15c580,-nan,0.0,1
0x15c600,-nan,0.0,1
0x15c680,-nan,0.0,1
0x15c700,-nan,0.0,1
0x15c780,-nan,0.0,1
0x15c800,-nan,0.0,1
0x15c880,-nan,0.0,1
0x15c900,-nan,0.0,1
0x15c980,-nan,0.0,1
0x15ca00,-nan,0.0,1
0x15ca80,-nan,0.0,1
0x15cb00,-nan,0.0,1
0x15cb80,-nan,0.0,1
0x15cc00,-nan,0.0,1
0x15cc80,-nan,0.0,1
0x15cd00,-nan,0.0,1
0x15cd80,-nan,0.0,1
0x15ce00,-nan,0.0,1
0x15ce80,-nan,0.0,1
0x15cf00,-nan,0.0,1
0x15cf80,-nan,0.0,1
0x15d000,-nan,0.0,1
0x15d080,-nan,0.0,1
0x15d100,-nan,0.0,1
0x15d180,-nan,0.0,1
0x15d200,-nan,0.0,1
0x15d280,-nan,0.0,1
0x15d300,-nan,0.0,1
0x15d380,-nan,0.0,1
0x15d400,-nan,0.0,1
0x15d480,-nan,0.0,1
0x15d500,-nan,0.0,1
0x15d580,-nan,0.0,1
0x15d600,-nan,0.0,1
0x15d680,-nan,0.0,1
0x15d700,-nan,0.0,1
0x15d780,-nan,0.0,1
0x15d800,-nan,0.0,1
0x15d880,-nan,0.0,1
0x15d900,-nan,0.0,1
0x15d980,-nan,0.0,1
0x15da00,-nan,0.0,1
0x15da80,-nan,0.0,1
0x15db00,-nan,0.0,1
0x15db80,-nan,0.0,1
0x15dc00,-nan,0.0,1
0x15dc80,-nan,0.0,1
0x15dd00,-nan,0.0,1
0x15dd80,-nan,0.0,1
0x15de00,-nan,0.0,1
0x15de80,-nan,0.0,1
0x15df00,-nan,0.0,1
0x15df80,-nan,0.0,1
0x15e000,-nan,0.0,1
0x15e080,-nan,0.0,1
0x15e100,-nan,0.0,1
0x15e180,-nan,0.0,1
0x15e200,-nan,0.0,1
0x15e280,-nan,0.0,1
0x15e300,-nan,0.0,1
0x15e380,-nan,0.0,1
0x15e400,-nan,0.0,1
0x15e480,-nan,0.0,1
0x15e500,-nan,0.0,1
0x15e580,-nan,0.0,1
0x15e600,-nan,0.0,1
0x15e680,-nan,0.0,1
0x15e700,-nan,0.0,1
0x15e780,-nan,0.0,1
0x15e800,-nan,0.0,1
0x15e880,-nan,0.0,1
0x15e900,-nan,0.0,1
0x15e980,-nan,0.0,1
0x15ea00,-nan,0.0,1
0x15ea80,-nan,0.0,1
0x15eb00,-nan,0.0,1
0x15eb80,-nan,0.0,1
0x15ec00,-nan,0.0,1
0x15ec80,-nan,0.0,1
0x15ed00,-nan,0.0,1
0x15ed80,-nan,0.0,1
0x15ee00,-nan,0.0,1
0x15ee80,-nan,0.0,1
0x15ef00,-nan,0.0,1
0x15ef80,-nan,0.0,1
0x15f000,-nan,0.0,1
0x15f080,-nan,0.0,1
0x15f100,-nan,0.0,1
0x15f180,-nan,0.0,1
0x15f200,-nan,0.0,1
0x15f280,-nan,0.0,1
0x15f300,-nan,0.0,1
0x15f380,-nan,0.0,1
0x15f400,-nan,0.0,1
0x15f480,-nan,0.0,1
0x15f500,-nan,0.0,1
0x15f580,-nan,0.0,1
0x15f600,-nan,0.0,1
0x15f680,-nan,0.0,1
0x15f700,-nan,0.0,1
0x15f780,-nan,0.0,1
0x15f800,-nan,0.0,1
0x15f880,-nan,0.0,1
0x15f900,-nan,0.0,1
0x15f980,-nan,0.0,1
0x15fa00,-nan,0.0,1
0x15fa80,-nan,0.0,1
0x15fb00,-nan,0.0,1
0x15fb80,-nan,0.0,1
0x15fc00,-nan,0.0,1
0x15fc80,-nan,0.0,1
0x15fd00,-nan,0.0,1
0x15fd80,-nan,0.0,1
0x15fe00,-nan,0.0,1
0x15fe80,-nan,0.0,1
0x15ff00,-nan,0.0,1
0x15ff80,-nan,0.0,1
0x160000,-nan,0.0,1
0x160080,-nan,0.0,1
0x160100,-nan,0.0,1
0x160180,-nan,0.0,1
0x160200,-nan,0.0,1
0x160280,-nan,0.0,1
0x160300,-nan,0.0,1
0x160380,-nan,0.0,1
0x160400,-nan,0.0,1
0x160480,-nan,0.0,1
0x160500,-nan,0.0,1
0x160580,-nan,0.0,1
0x160600,-nan,0.0,1
0x160680,-nan,0.0,1
0x160700,-nan,0.0,1
0x160780,-nan,0.0,1
0x160800,-nan,0.0,1
0x160880,-nan,0.0,1
0x160900,-nan,0.0,1
0x160980,-nan,0.0,1
0x160a00,-nan,0.0,1
0x160a80,-nan,0.0,1
0x160b00,-nan,0.0,1
0x160b80,-nan,0.0,1
0x160c00,-nan,0.0,1
0x160c80,-nan,0.0,1
0x160d00,-nan,0.0,1
0x160d80,-nan,0.0,1
0x160e00,-nan,0.0,1
0x160e80,-nan,0.0,1
0x160f00,-nan,0.0,1
0x160f80,-nan,0.0,1
0x161000,-nan,0.0,1
0x161080,-nan,0.0,1
0x161100,-nan,0.0,1
0x161180,-nan,0.0,1
0x161200,-nan,0.0,1
0x161280,-nan,0.0,1
0x161300,-nan,0.0,1
0x161380,-nan,0.0,1
0x161400,-nan,0.0,1
0x161480,-nan,0.0,1
0x161500,-nan,0.0,1
0x161580,-nan,0.0,1
0x161600,-nan,0.0,1
0x161680,-nan,0.0,1
0x161700,-nan,0.0,1
0x161780,-nan,0.0,1
0x161800,-nan,0.0,1
0x161880,-nan,0.0,1
0x161900,-nan,0.0,1
0x161980,-nan,0.0,1
0x161a00,-nan,0.0,1
0x161a80,-nan,0.0,1
0x161b00,-nan,0.0,1
0x161b80,-nan,0.0,1
0x161c00,-nan,0.0,1
0x161c80,-nan,0.0,1
0x161d00,-nan,0.0,1
0x161d80,-nan,0.0,1
0x161e00,-nan,0.0,1
0x161e80,-nan,0.0,1
0x161f00,-nan,0.0,1
0x161f80,-nan,0.0,1
0x162000,-nan,0.0,1
0x162080,-nan,0.0,1
0x162100,-nan,0.0,1
0x162180,-nan,0.0,1
0x162200,-nan,0.0,1
0x162280,-nan,0.0,1
0x162300,-nan,0.0,1
0x162380,-nan,0.0,1
0x162400,-nan,0.0,1
0x162480,-nan,0.0,1
0x162500,-nan,0.0,1
0x162580,-nan,0.0,1
0x162600,-nan,0.0,1
0x162680,-nan,0.0,1
0x162700,-nan,0.0,1
0x162780,-nan,0.0,1
0x162800,-nan,0.0,1
0x162880,-nan,0.0,1
0x162900,-nan,0.0,1
0x162980,-nan,0.0,1
0x162a00,-nan,0.0,1
0x162a80,-nan,0.0,1
0x162b00,-nan,0.0,1
0x162b80,-nan,0.0,1
0x162c00,-nan,0.0,1
0x162c80,-nan,0.0,1
0x162d00,-nan,0.0,1
0x162d80,-nan,0.0,1
0x162e00,-nan,0.0,1
0x162e80,-nan,0.0,1
0x162f00,-nan,0.0,1
0x162f80,-nan,0.0,1
0x163000,-nan,0.0,1
0x163080,-nan,0.0,1
0x163100,-nan,0.0,1
0x163180,-nan,0.0,1
0x163200,-nan,0.0,1
0x163280,-nan,0.0,1
0x163300,-nan,0.0,1
0x163380,-nan,0.0,1
0x163400,-nan,0.0,1
0x163480,-nan,0.0,1
0x163500,-nan,0.0,1
0x163580,-nan,0.0,1
0x163600,-nan,0.0,1
0x163680,-nan,0.0,1
0x163700,-nan,0.0,1
0x163780,-nan,0.0,1
0x163800,-nan,0.0,1
0x163880,-nan,0.0,1
0x163900,-nan,0.0,1
0x163980,-nan,0.0,1
0x163a00,-nan,0.0,1
0x163a80,-nan,0.0,1
0x163b00,-nan,0.0,1
0x163b80,-nan,0.0,1
0x163c00,-nan,0.0,1
0x163c80,-nan,0.0,1
0x163d00,-nan,0.0,1
0x163d80,-nan,0.0,1
0x163e00,-nan,0.0,1
0x163e80,-nan,0.0,1
0x163f00,-nan,0.0,1
0x163f80,-nan,0.0,1
0x164000,-nan,0.0,1
0x164080,-nan,0.0,1
0x164100,-nan,0.0,1
0x164180,-nan,0.0,1
0x164200,-nan,0.0,1
0x164280,-nan,0.0,1
0x164300,-nan,0.0,1
0x164380,-nan,0.0,1
0x164400,-nan,0.0,1
0x164480,-nan,0.0,1
0x164500,-nan,0.0,1
0x164580,-nan,0.0,1
0x164600,-nan,0.0,1
0x164680,-nan,0.0,1
0x164700,-nan,0.0,1
0x164780,-nan,0.0,1
0x164800,-nan,0.0,1
0x164880,-nan,0.0,1
0x164900,-nan,0.0,1
0x164980,-nan,0.0,1
0x164a00,-nan,0.0,1
0x164a80,-nan,0.0,1
0x164b00,-nan,0.0,1
0x164b80,-nan,0.0,1
0x164c00,-nan,0.0,1
0x164c80,-nan,0.0,1
0x164d00,-nan,0.0,1
0x164d80,-nan,0.0,1
0x164e00,-nan,0.0,1
0x164e80,-nan,0.0,1
0x164f00,-nan,0.0,1
0x164f80,-nan,0.0,1
0x165000,-nan,0.0,1
0x165080,-nan,0.0,1
0x165100,-nan,0.0,1
0x165180,-nan,0.0,1
0x165200,-nan,0.0,1
0x165280,-nan,0.0,1
0x165300,-nan,0.0,1
0x165380,-nan,0.0,1
0x165400,-nan,0.0,1
0x165480,-nan,0.0,1
0x165500,-nan,0.0,1
0x165580,-nan,0.0,1
0x165600,-nan,0.0,1
0x165680,-nan,0.0,1
0x165700,-nan,0.0,1
0x165780,-nan,0.0,1
0x165800,-nan,0.0,1
0x165880,-nan,0.0,1
0x165900,-nan,0.0,1
0x165980,-nan,0.0,1
0x165a00,-nan,0.0,1
0x165a80,-nan,0.0,1
0x165b00,-nan,0.0,1
0x165b80,-nan,0.0,1
0x165c00,-nan,0.0,1
0x165c80,-nan,0.0,1
0x165d00,-nan,0.0,1
0x165d80,-nan,0.0,1
0x165e00,-nan,0.0,1
0x165e80,-nan,0.0,1
0x165f00,-nan,0.0,1
0x165f80,-nan,0.0,1
0x166000,-nan,0.0,1
0x166080,-nan,0.0,1
0x166100,-nan,0.0,1
0x166180,-nan,0.0,1
0x166200,-nan,0.0,1
0x166280,-nan,0.0,1
0x166300,-nan,0.0,1
0x166380,-nan,0.0,1
0x166400,-nan,0.0,1
0x166480,-nan,0.0,1
0x166500,-nan,0.0,1
0x166580,-nan,0.0,1
0x166600,-nan,0.0,1
0x166680,-nan,0.0,1
0x166700,-nan,0.0,1
0x166780,-nan,0.0,1
0x166800,-nan,0.0,1
0x166880,-nan,0.0,1
0x166900,-nan,0.0,1
0x166980,-nan,0.0,1
0x166a00,-nan,0.0,1
0x166a80,-nan,0.0,1
0x166b00,-nan,0.0,1
0x166b80,-nan,0.0,1
0x166c00,-nan,0.0,1
0x166c80,-nan,0.0,1
0x166d00,-nan,0.0,1
0x166d80,-nan,0.0,1
0x166e00,-nan,0.0,1
0x166e80,-nan,0.0,1
0x166f00,-nan,0.0,1
0x166f80,-nan,0.0,1
0x167000,-nan,0.0,1
0x167080,-nan,0.0,1
0x167100,-nan,0.0,1
0x167180,-nan,0.0,1
0x167200,-nan,0.0,1
0x167280,-nan,0.0,1
0x167300,-nan,0.0,1
0x167380,-nan,0.0,1
0x167400,-nan,0.0,1
0x167480,-nan,0.0,1
0x167500,-nan,0.0,1
0x167580,-nan,0.0,1
0x167600,-nan,0.0,1
0x167680,-nan,0.0,1
0x167700,-nan,0.0,1
0x167780,-nan,0.0,1
0x167800,-nan,0.0,1
0x167880,-nan,0.0,1
0x167900,-nan,0.0,1
0x167980,-nan,0.0,1
0x167a00,-nan,0.0,1
0x167a80,-nan,0.0,1
0x167b00,-nan,0.0,1
0x167b80,-nan,0.0,1
0x167c00,-nan,0.0,1
0x167c80,-nan,0.0,1
0x167d00,-nan,0.0,1
0x167d80,-nan,0.0,1
0x167e00,-nan,0.0,1
0x167e80,-nan,0.0,1
0x167f00,-nan,0.0,1
0x167f80,-nan,0.0,1
0x168000,-nan,0.0,1
0x168080,-nan,0.0,1
0x168100,-nan,0.0,1
0x168180,-nan,0.0,1
0x168200,-nan,0.0,1
0x168280,-nan,0.0,1
0x168300,-nan,0.0,1
0x168380,-nan,0.0,1
0x168400,-nan,0.0,1
0x168480,-nan,0.0,1
0x168500,-nan,0.0,1
0x168580,-nan,0.0,1
0x168600,-nan,0.0,1
0x168680,-nan,0.0,1
0x168700,-nan,0.0,1
0x168780,-nan,0.0,1
0x168800,-nan,0.0,1
0x168880,-nan,0.0,1
0x168900,-nan,0.0,1
0x168980,-nan,0.0,1
0x168a00,-nan,0.0,1
0x168a80,-nan,0.0,1
0x168b00,-nan,0.0,1
0x168b80,-nan,0.0,1
0x168c00,-nan,0.0,1
0x168c80,-nan,0.0,1
0x168d00,-nan,0.0,1
0x168d80,-nan,0.0,1
0x168e00,-nan,0.0,1
0x168e80,-nan,0.0,1
0x168f00,-nan,0.0,1
0x168f80,-nan,0.0,1
0x169000,-nan,0.0,1
0x169080,-nan,0.0,1
0x169100,-nan,0.0,1
0x169180,-nan,0.0,1
0x169200,-nan,0.0,1
0x169280,-nan,0.0,1
0x169300,-nan,0.0,1
0x169380,-nan,0.0,1
0x169400,-nan,0.0,1
0x169480,-nan,0.0,1
0x169500,-nan,0.0,1
0x169580,-nan,0.0,1
0x169600,-nan,0.0,1
0x169680,-nan,0.0,1
0x169700,-nan,0.0,1
0x169780,-nan,0.0,1
0x169800,-nan,0.0,1
0x169880,-nan,0.0,1
0x169900,-nan,0.0,1
0x169980,-nan,0.0,1
0x169a00,-nan,0.0,1
0x169a80,-nan,0.0,1
0x169b00,-nan,0.0,1
0x169b80,-nan,0.0,1
0x169c00,-nan,0.0,1
0x169c80,-nan,0.0,1
0x169d00,-nan,0.0,1
0x169d80,-nan,0.0,1
0x169e00,-nan,0.0,1
0x169e80,-nan,0.0,1
0x169f00,-nan,0.0,1
0x169f80,-nan,0.0,1
0x16a000,-nan,0.0,1
0x16a080,-nan,0.0,1
0x16a100,-nan,0.0,1
0x16a180,-nan,0.0,1
0x16a200,-nan,0.0,1
0x16a280,-nan,0.0,1
0x16a300,-nan,0.0,1
0x16a380,-nan,0.0,1
0x16a400,-nan,0.0,1
0x16a480,-nan,0.0,1
0x16a500,-nan,0.0,1
0x16a580,-nan,0.0,1
0x16a600,-nan,0.0,1
0x16a680,-nan,0.0,1
0x16a700,-nan,0.0,1
0x16a780,-nan,0.0,1
0x16a800,-nan,0.0,1
0x16a880,-nan,0.0,1
0x16a900,-nan,0.0,1
0x16a980,-nan,0.0,1
0x16aa00,-nan,0.0,1
0x16aa80,-nan,0.0,1
0x16ab00,-nan,0.0,1
0x16ab80,-nan,0.0,1
0x16ac00,-nan,0.0,1
0x16ac80,-nan,0.0,1
0x16ad00,-nan,0.0,1
0x16ad80,-nan,0.0,1
0x16ae00,-nan,0.0,1
0x16ae80,-nan,0.0,1
0x16af00,-nan,0.0,1
0x16af80,-nan,0.0,1
0x16b000,-nan,0.0,1
0x16b080,-nan,0.0,1
0x16b100,-nan,0.0,1
0x16b180,-nan,0.0,1
0x16b200,-nan,0.0,1
0x16b280,-nan,0.0,1
0x16b300,-nan,0.0,1
0x16b380,-nan,0.0,1
0x16b400,-nan,0.0,1
0x16b480,-nan,0.0,1
0x16b500,-nan,0.0,1
0x16b580,-nan,0.0,1
0x16b600,-nan,0.0,1
0x16b680,-nan,0.0,1
0x16b700,-nan,0.0,1
0x16b780,-nan,0.0,1
0x16b800,-nan,0.0,1
0x16b880,-nan,0.0,1
0x16b900,-nan,0.0,1
0x16b980,-nan,0.0,1
0x16ba00,-nan,0.0,1
0x16ba80,-nan,0.0,1
0x16bb00,-nan,0.0,1
0x16bb80,-nan,0.0,1
0x16bc00,-nan,0.0,1
0x16bc80,-nan,0.0,1
0x16bd00,-nan,0.0,1
0x16bd80,-nan,0.0,1
0x16be00,-nan,0.0,1
0x16be80,-nan,0.0,1
0x16bf00,-nan,0.0,1
0x16bf80,-nan,0.0,1
0x16c000,-nan,0.0,1
0x16c080,-nan,0.0,1
0x16c100,-nan,0.0,1
0x16c180,-nan,0.0,1
0x16c200,-nan,0.0,1
0x16c280,-nan,0.0,1
0x16c300,-nan,0.0,1
0x16c380,-nan,0.0,1
0x16c400,-nan,0.0,1
0x16c480,-nan,0.0,1
0x16c500,-nan,0.0,1
0x16c580,-nan,0.0,1
0x16c600,-nan,0.0,1
0x16c680,-nan,0.0,1
0x16c700,-nan,0.0,1
0x16c780,-nan,0.0,1
0x16c800,-nan,0.0,1
0x16c880,-nan,0.0,1
0x16c900,-nan,0.0,1
0x16c980,-nan,0.0,1
0x16ca00,-nan,0.0,1
0x16ca80,-nan,0.0,1
0x16cb00,-nan,0.0,1
0x16cb80,-nan,0.0,1
0x16cc00,-nan,0.0,1
0x16cc80,-nan,0.0,1
0x16cd00,-nan,0.0,1
0x16cd80,-nan,0.0,1
0x16ce00,-nan,0.0,1
0x16ce80,-nan,0.0,1
0x16cf00,-nan,0.0,1
0x16cf80,-nan,0.0,1
0x16d000,-nan,0.0,1
0x16d080,-nan,0.0,1
0x16d100,-nan,0.0,1
0x16d180,-nan,0.0,1
0x16d200,-nan,0.0,1
0x16d280,-nan,0.0,1
0x16d300,-nan,0.0,1
0x16d380,-nan,0.0,1
0x16d400,-nan,0.0,1
0x16d480,-nan,0.0,1
0x16d500,-nan,0.0,1
0x16d580,-nan,0.0,1
0x16d600,-nan,0.0,1
0x16d680,-nan,0.0,1
0x16d700,-nan,0.0,1
0x16d780,-nan,0.0,1
0x16d800,-nan,0.0,1
0x16d880,-nan,0.0,1
0x16d900,-nan,0.0,1
0x16d980,-nan,0.0,1
0x16da00,-nan,0.0,1
0x16da80,-nan,0.0,1
0x16db00,-nan,0.0,1
0x16db80,-nan,0.0,1
0x16dc00,-nan,0.0,1
0x16dc80,-nan,0.0,1
0x16dd00,-nan,0.0,1
0x16dd80,-nan,0.0,1
0x16de00,-nan,0.0,1
0x16de80,-nan,0.0,1
0x16df00,-nan,0.0,1
0x16df80,-nan,0.0,1
0x16e000,-nan,0.0,1
0x16e080,-nan,0.0,1
0x16e100,-nan,0.0,1
0x16e180,-nan,0.0,1
0x16e200,-nan,0.0,1
0x16e280,-nan,0.0,1
0x16e300,-nan,0.0,1
0x16e380,-nan,0.0,1
0x16e400,-nan,0.0,1
0x16e480,-nan,0.0,1
0x16e500,-nan,0.0,1
0x16e580,-nan,0.0,1
0x16e600,-nan,0.0,1
0x16e680,-nan,0.0,1
0x16e700,-nan,0.0,1
0x16e780,-nan,0.0,1
0x16e800,-nan,0.0,1
0x16e880,-nan,0.0,1
0x16e900,-nan,0.0,1
0x16e980,-nan,0.0,1
0x16ea00,-nan,0.0,1
0x16ea80,-nan,0.0,1
0x16eb00,-nan,0.0,1
0x16eb80,-nan,0.0,1
0x16ec00,-nan,0.0,1
0x16ec80,-nan,0.0,1
0x16ed00,-nan,0.0,1
0x16ed80,-nan,0.0,1
0x16ee00,-nan,0.0,1
0x16ee80,-nan,0.0,1
0x16ef00,-nan,0.0,1
0x16ef80,-nan,0.0,1
0x16f000,-nan,0.0,1
0x16f080,-nan,0.0,1
0x16f100,-nan,0.0,1
0x16f180,-nan,0.0,1
0x16f200,-nan,0.0,1
0x16f280,-nan,0.0,1
0x16f300,-nan,0.0,1
0x16f380,-nan,0.0,1
0x16f400,-nan,0.0,1
0x16f480,-nan,0.0,1
0x16f500,-nan,0.0,1
0x16f580,-nan,0.0,1
0x16f600,-nan,0.0,1
0x16f680,-nan,0.0,1
0x16f700,-nan,0.0,1
0x16f780,-nan,0.0,1
0x16f800,-nan,0.0,1
0x16f880,-nan,0.0,1
0x16f900,-nan,0.0,1
0x16f980,-nan,0.0,1
0x16fa00,-nan,0.0,1
0x16fa80,-nan,0.0,1
0x16fb00,-nan,0.0,1
0x16fb80,-nan,0.0,1
0x16fc00,-nan,0.0,1
0x16fc80,-nan,0.0,1
0x16fd00,-nan,0.0,1
0x16fd80,-nan,0.0,1
0x16fe00,-nan,0.0,1
0x16fe80,-nan,0.0,1
0x16ff00,-nan,0.0,1
0x16ff80,-nan,0.0,1
0x170000,-nan,0.0,1
0x170080,-nan,0.0,1
0x170100,-nan,0.0,1
0x170180,-nan,0.0,1
0x170200,-nan,0.0,1
0x170280,-nan,0.0,1
0x170300,-nan,0.0,1
0x170380,-nan,0.0,1
0x170400,-nan,0.0,1
0x170480,-nan,0.0,1
0x170500,-nan,0.0,1
0x170580,-nan,0.0,1
0x170600,-nan,0.0,1
0x170680,-nan,0.0,1
0x170700,-nan,0.0,1
0x170780,-nan,0.0,1
0x170800,-nan,0.0,1
0x170880,-nan,0.0,1
0x170900,-nan,0.0,1
0x170980,-nan,0.0,1
0x170a00,-nan,0.0,1
0x170a80,-nan,0.0,1
0x170b00,-nan,0.0,1
0x170b80,-nan,0.0,1
0x170c00,-nan,0.0,1
0x170c80,-nan,0.0,1
0x170d00,-nan,0.0,1
0x170d80,-nan,0.0,1
0x170e00,-nan,0.0,1
0x170e80,-nan,0.0,1
0x170f00,-nan,0.0,1
0x170f80,-nan,0.0,1
0x171000,-nan,0.0,1
0x171080,-nan,0.0,1
0x171100,-nan,0.0,1
0x171180,-nan,0.0,1
0x171200,-nan,0.0,1
0x171280,-nan,0.0,1
0x171300,-nan,0.0,1
0x171380,-nan,0.0,1
0x171400,-nan,0.0,1
0x171480,-nan,0.0,1
0x171500,-nan,0.0,1
0x171580,-nan,0.0,1
0x171600,-nan,0.0,1
0x171680,-nan,0.0,1
0x171700,-nan,0.0,1
0x171780,-nan,0.0,1
0x171800,-nan,0.0,1
0x171880,-nan,0.0,1
0x171900,-nan,0.0,1
0x171980,-nan,0.0,1
0x171a00,-nan,0.0,1
0x171a80,-nan,0.0,1
0x171b00,-nan,0.0,1
0x171b80,-nan,0.0,1
0x171c00,-nan,0.0,1
0x171c80,-nan,0.0,1
0x171d00,-nan,0.0,1
0x171d80,-nan,0.0,1
0x171e00,-nan,0.0,1
0x171e80,-nan,0.0,1
0x171f00,-nan,0.0,1
0x171f80,-nan,0.0,1
0x172000,-nan,0.0,1
0x172080,-nan,0.0,1
0x172100,-nan,0.0,1
0x172180,-nan,0.0,1
0x172200,-nan,0.0,1
0x172280,-nan,0.0,1
0x172300,-nan,0.0,1
0x172380,-nan,0.0,1
0x172400,-nan,0.0,1
0x172480,-nan,0.0,1
0x172500,-nan,0.0,1
0x172580,-nan,0.0,1
0x172600,-nan,0.0,1
0x172680,-nan,0.0,1
0x172700,-nan,0.0,1
0x172780,-nan,0.0,1
0x172800,-nan,0.0,1
0x172880,-nan,0.0,1
0x172900,-nan,0.0,1
0x172980,-nan,0.0,1
0x172a00,-nan,0.0,1
0x172a80,-nan,0.0,1
0x172b00,-nan,0.0,1
0x172b80,-nan,0.0,1
0x172c00,-nan,0.0,1
0x172c80,-nan,0.0,1
0x172d00,-nan,0.0,1
0x172d80,-nan,0.0,1
0x172e00,-nan,0.0,1
0x172e80,-nan,0.0,1
0x172f00,-nan,0.0,1
0x172f80,-nan,0.0,1
0x173000,-nan,0.0,1
0x173080,-nan,0.0,1
0x173100,-nan,0.0,1
0x173180,-nan,0.0,1
0x173200,-nan,0.0,1
0x173280,-nan,0.0,1
0x173300,-nan,0.0,1
0x173380,-nan,0.0,1
0x173400,-nan,0.0,1
0x173480,-nan,0.0,1
0x173500,-nan,0.0,1
0x173580,-nan,0.0,1
0x173600,-nan,0.0,1
0x173680,-nan,0.0,1
0x173700,-nan,0.0,1
0x173780,-nan,0.0,1
0x173800,-nan,0.0,1
0x173880,-nan,0.0,1
0x173900,-nan,0.0,1
0x173980,-nan,0.0,1
0x173a00,-nan,0.0,1
0x173a80,-nan,0.0,1
0x173b00,-nan,0.0,1
0x173b80,-nan,0.0,1
0x173c00,-nan,0.0,1
0x173c80,-nan,0.0,1
0x173d00,-nan,0.0,1
0x173d80,-nan,0.0,1
0x173e00,-nan,0.0,1
0x173e80,-nan,0.0,1
0x173f00,-nan,0.0,1
0x173f80,-nan,0.0,1
0x174000,-nan,0.0,1
0x174080,-nan,0.0,1
0x174100,-nan,0.0,1
0x174180,-nan,0.0,1
0x174200,-nan,0.0,1
0x174280,-nan,0.0,1
0x174300,-nan,0.0,1
0x174380,-nan,0.0,1
0x174400,-nan,0.0,1
0x174480,-nan,0.0,1
0x174500,-nan,0.0,1
0x174580,-nan,0.0,1
0x174600,-nan,0.0,1
0x174680,-nan,0.0,1
0x174700,-nan,0.0,1
0x174780,-nan,0.0,1
0x174800,-nan,0.0,1
0x174880,-nan,0.0,1
0x174900,-nan,0.0,1
0x174980,-nan,0.0,1
0x174a00,-nan,0.0,1
0x174a80,-nan,0.0,1
0x174b00,-nan,0.0,1
0x174b80,-nan,0.0,1
0x174c00,-nan,0.0,1
0x174c80,-nan,0.0,1
0x174d00,-nan,0.0,1
0x174d80,-nan,0.0,1
0x174e00,-nan,0.0,1
0x174e80,-nan,0.0,1
0x174f00,-nan,0.0,1
0x174f80,-nan,0.0,1
0x175000,-nan,0.0,1
0x175080,-nan,0.0,1
0x175100,-nan,0.0,1
0x175180,-nan,0.0,1
0x175200,-nan,0.0,1
0x175280,-nan,0.0,1
0x175300,-nan,0.0,1
0x175380,-nan,0.0,1
0x175400,-nan,0.0,1
0x175480,-nan,0.0,1
0x175500,-nan,0.0,1
0x175580,-nan,0.0,1
0x175600,-nan,0.0,1
0x175680,-nan,0.0,1
0x175700,-nan,0.0,1
0x175780,-nan,0.0,1
0x175800,-nan,0.0,1
0x175880,-nan,0.0,1
0x175900,-nan,0.0,1
0x175980,-nan,0.0,1
0x175a00,-nan,0.0,1
0x175a80,-nan,0.0,1
0x175b00,-nan,0.0,1
0x175b80,-nan,0.0,1
0x175c00,-nan,0.0,1
0x175c80,-nan,0.0,1
0x175d00,-nan,0.0,1
0x175d80,-nan,0.0,1
0x175e00,-nan,0.0,1
0x175e80,-nan,0.0,1
0x175f00,-nan,0.0,1
0x175f80,-nan,0.0,1
0x176000,-nan,0.0,1
0x176080,-nan,0.0,1
0x176100,-nan,0.0,1
0x176180,-nan,0.0,1
0x176200,-nan,0.0,1
0x176280,-nan,0.0,1
0x176300,-nan,0.0,1
0x176380,-nan,0.0,1
0x176400,-nan,0.0,1
0x176480,-nan,0.0,1
0x176500,-nan,0.0,1
0x176580,-nan,0.0,1
0x176600,-nan,0.0,1
0x176680,-nan,0.0,1
0x176700,-nan,0.0,1
0x176780,-nan,0.0,1
0x176800,-nan,0.0,1
0x176880,-nan,0.0,1
0x176900,-nan,0.0,1
0x176980,-nan,0.0,1
0x176a00,-nan,0.0,1
0x176a80,-nan,0.0,1
0x176b00,-nan,0.0,1
0x176b80,-nan,0.0,1
0x176c00,-nan,0.0,1
0x176c80,-nan,0.0,1
0x176d00,-nan,0.0,1
0x176d80,-nan,0.0,1
0x176e00,-nan,0.0,1
0x176e80,-nan,0.0,1
0x176f00,-nan,0.0,1
0x176f80,-nan,0.0,1
0x177000,-nan,0.0,1
0x177080,-nan,0.0,1
0x177100,-nan,0.0,1
0x177180,-nan,0.0,1
0x177200,-nan,0.0,1
0x177280,-nan,0.0,1
0x177300,-nan,0.0,1
0x177380,-nan,0.0,1
0x177400,-nan,0.0,1
0x177480,-nan,0.0,1
0x177500,-nan,0.0,1
0x177580,-nan,0.0,1
0x177600,-nan,0.0,1
0x177680,-nan,0.0,1
0x177700,-nan,0.0,1
0x177780,-nan,0.0,1
0x177800,-nan,0.0,1
0x177880,-nan,0.0,1
0x177900,-nan,0.0,1
0x177980,-nan,0.0,1
0x177a00,-nan,0.0,1
0x177a80,-nan,0.0,1
0x177b00,-nan,0.0,1
0x177b80,-nan,0.0,1
0x177c00,-nan,0.0,1
0x177c80,-nan,0.0,1
0x177d00,-nan,0.0,1
0x177d80,-nan,0.0,1
0x177e00,-nan,0.0,1
0x177e80,-nan,0.0,1
0x177f00,-nan,0.0,1
0x177f80,-nan,0.0,1
0x178000,-nan,0.0,1
0x178080,-nan,0.0,1
0x178100,-nan,0.0,1
0x178180,-nan,0.0,1
0x178200,-nan,0.0,1
0x178280,-nan,0.0,1
0x178300,-nan,0.0,1
0x178380,-nan,0.0,1
0x178400,-nan,0.0,1
0x178480,-nan,0.0,1
0x178500,-nan,0.0,1
0x178580,-nan,0.0,1
0x178600,-nan,0.0,1
0x178680,-nan,0.0,1
0x178700,-nan,0.0,1
0x178780,-nan,0.0,1
0x178800,-nan,0.0,1
0x178880,-nan,0.0,1
0x178900,-nan,0.0,1
0x178980,-nan,0.0,1
0x178a00,-nan,0.0,1
0x178a80,-nan,0.0,1
0x178b00,-nan,0.0,1
0x178b80,-nan,0.0,1
0x178c00,-nan,0.0,1
0x178c80,-nan,0.0,1
0x178d00,-nan,0.0,1
0x178d80,-nan,0.0,1
0x178e00,-nan,0.0,1
0x178e80,-nan,0.0,1
0x178f00,-nan,0.0,1
0x178f80,-nan,0.0,1
0x179000,-nan,0.0,1
0x179080,-nan,0.0,1
0x179100,-nan,0.0,1
0x179180,-nan,0.0,1
0x179200,-nan,0.0,1
0x179280,-nan,0.0,1
0x179300,-nan,0.0,1
0x179380,-nan,0.0,1
0x179400,-nan,0.0,1
0x179480,-nan,0.0,1
0x179500,-nan,0.0,1
0x179580,-nan,0.0,1
0x179600,-nan,0.0,1
0x179680,-nan,0.0,1
0x179700,-nan,0.0,1
0x179780,-nan,0.0,1
0x179800,-nan,0.0,1
0x179880,-nan,0.0,1
0x179900,-nan,0.0,1
0x179980,-nan,0.0,1
0x179a00,-nan,0.0,1
0x179a80,-nan,0.0,1
0x179b00,-nan,0.0,1
0x179b80,-nan,0.0,1
0x179c00,-nan,0.0,1
0x179c80,-nan,0.0,1
0x179d00,-nan,0.0,1
0x179d80,-nan,0.0,1
0x179e00,-nan,0.0,1
0x179e80,-nan,0.0,1
0x179f00,-nan,0.0,1
0x179f80,-nan,0.0,1
0x17a000,-nan,0.0,1
0x17a080,-nan,0.0,1
0x17a100,-nan,0.0,1
0x17a180,-nan,0.0,1
0x17a200,-nan,0.0,1
0x17a280,-nan,0.0,1
0x17a300,-nan,0.0,1
0x17a380,-nan,0.0,1
0x17a400,-nan,0.0,1
0x17a480,-nan,0.0,1
0x17a500,-nan,0.0,1
0x17a580,-nan,0.0,1
0x17a600,-nan,0.0,1
0x17a680,-nan,0.0,1
0x17a700,-nan,0.0,1
0x17a780,-nan,0.0,1
0x17a800,-nan,0.0,1
0x17a880,-nan,0.0,1
0x17a900,-nan,0.0,1
0x17a980,-nan,0.0,1
0x17aa00,-nan,0.0,1
0x17aa80,-nan,0.0,1
0x17ab00,-nan,0.0,1
0x17ab80,-nan,0.0,1
0x17ac00,-nan,0.0,1
0x17ac80,-nan,0.0,1
0x17ad00,-nan,0.0,1
0x17ad80,-nan,0.0,1
0x17ae00,-nan,0.0,1
0x17ae80,-nan,0.0,1
0x17af00,-nan,0.0,1
0x17af80,-nan,0.0,1
0x17b000,-nan,0.0,1
0x17b080,-nan,0.0,1
0x17b100,-nan,0.0,1
0x17b180,-nan,0.0,1
0x17b200,-nan,0.0,1
0x17b280,-nan,0.0,1
0x17b300,-nan,0.0,1
0x17b380,-nan,0.0,1
0x17b400,-nan,0.0,1
0x17b480,-nan,0.0,1
0x17b500,-nan,0.0,1
0x17b580,-nan,0.0,1
0x17b600,-nan,0.0,1
0x17b680,-nan,0.0,1
0x17b700,-nan,0.0,1
0x17b780,-nan,0.0,1
0x17b800,-nan,0.0,1
0x17b880,-nan,0.0,1
0x17b900,-nan,0.0,1
0x17b980,-nan,0.0,1
0x17ba00,-nan,0.0,1
0x17ba80,-nan,0.0,1
0x17bb00,-nan,0.0,1
0x17bb80,-nan,0.0,1
0x17bc00,-nan,0.0,1
0x17bc80,-nan,0.0,1
0x17bd00,-nan,0.0,1
0x17bd80,-nan,0.0,1
0x17be00,-nan,0.0,1
0x17be80,-nan,0.0,1
0x17bf00,-nan,0.0,1
0x17bf80,-nan,0.0,1
0x17c000,-nan,0.0,1
0x17c080,-nan,0.0,1
0x17c100,-nan,0.0,1
0x17c180,-nan,0.0,1
0x17c200,-nan,0.0,1
0x17c280,-nan,0.0,1
0x17c300,-nan,0.0,1
0x17c380,-nan,0.0,1
0x17c400,-nan,0.0,1
0x17c480,-nan,0.0,1
0x17c500,-nan,0.0,1
0x17c580,-nan,0.0,1
0x17c600,-nan,0.0,1
0x17c680,-nan,0.0,1
0x17c700,-nan,0.0,1
0x17c780,-nan,0.0,1
0x17c800,-nan,0.0,1
0x17c880,-nan,0.0,1
0x17c900,-nan,0.0,1
0x17c980,-nan,0.0,1
0x17ca00,-nan,0.0,1
0x17ca80,-nan,0.0,1
0x17cb00,-nan,0.0,1
0x17cb80,-nan,0.0,1
0x17cc00,-nan,0.0,1
0x17cc80,-nan,0.0,1
0x17cd00,-nan,0.0,1
0x17cd80,-nan,0.0,1
0x17ce00,-nan,0.0,1
0x17ce80,-nan,0.0,1
0x17cf00,-nan,0.0,1
0x17cf80,-nan,0.0,1
0x17d000,-nan,0.0,1
0x17d080,-nan,0.0,1
0x17d100,-nan,0.0,1
0x17d180,-nan,0.0,1
0x17d200,-nan,0.0,1
0x17d280,-nan,0.0,1
0x17d300,-nan,0.0,1
0x17d380,-nan,0.0,1
0x17d400,-nan,0.0,1
0x17d480,-nan,0.0,1
0x17d500,-nan,0.0,1
0x17d580,-nan,0.0,1
0x17d600,-nan,0.0,1
0x17d680,-nan,0.0,1
0x17d700,-nan,0.0,1
0x17d780,-nan,0.0,1
0x17d800,-nan,0.0,1
0x17d880,-nan,0.0,1
0x17d900,-nan,0.0,1
0x17d980,-nan,0.0,1
0x17da00,-nan,0.0,1
0x17da80,-nan,0.0,1
0x17db00,-nan,0.0,1
0x17db80,-nan,0.0,1
0x17dc00,-nan,0.0,1
0x17dc80,-nan,0.0,1
0x17dd00,-nan,0.0,1
0x17dd80,-nan,0.0,1
0x17de00,-nan,0.0,1
0x17de80,-nan,0.0,1
0x17df00,-nan,0.0,1
0x17df80,-nan,0.0,1
0x17e000,-nan,0.0,1
0x17e080,-nan,0.0,1
0x17e100,-nan,0.0,1
0x17e180,-nan,0.0,1
0x17e200,-nan,0.0,1
0x17e280,-nan,0.0,1
0x17e300,-nan,0.0,1
0x17e380,-nan,0.0,1
0x17e400,-nan,0.0,1
0x17e480,-nan,0.0,1
0x17e500,-nan,0.0,1
0x17e580,-nan,0.0,1
0x17e600,-nan,0.0,1
0x17e680,-nan,0.0,1
0x17e700,-nan,0.0,1
0x17e780,-nan,0.0,1
0x17e800,-nan,0.0,1
0x17e880,-nan,0.0,1
0x17e900,-nan,0.0,1
0x17e980,-nan,0.0,1
0x17ea00,-nan,0.0,1
0x17ea80,-nan,0.0,1
0x17eb00,-nan,0.0,1
0x17eb80,-nan,0.0,1
0x17ec00,-nan,0.0,1
0x17ec80,-nan,0.0,1
0x17ed00,-nan,0.0,1
0x17ed80,-nan,0.0,1
0x17ee00,-nan,0.0,1
0x17ee80,-nan,0.0,1
0x17ef00,-nan,0.0,1
0x17ef80,-nan,0.0,1
0x17f000,-nan,0.0,1
0x17f080,-nan,0.0,1
0x17f100,-nan,0.0,1
0x17f180,-nan,0.0,1
0x17f200,-nan,0.0,1
0x17f280,-nan,0.0,1
0x17f300,-nan,0.0,1
0x17f380,-nan,0.0,1
0x17f400,-nan,0.0,1
0x17f480,-nan,0.0,1
0x17f500,-nan,0.0,1
0x17f580,-nan,0.0,1
0x17f600,-nan,0.0,1
0x17f680,-nan,0.0,1
0x17f700,-nan,0.0,1
0x17f780,-nan,0.0,1
0x17f800,-nan,0.0,1
0x17f880,-nan,0.0,1
0x17f900,-nan,0.0,1
0x17f980,-nan,0.0,1
0x17fa00,-nan,0.0,1
0x17fa80,-nan,0.0,1
0x17fb00,-nan,0.0,1
0x17fb80,-nan,0.0,1
0x17fc00,-nan,0.0,1
0x17fc80,-nan,0.0,1
0x17fd00,-nan,0.0,1
0x17fd80,-nan,0.0,1
0x17fe00,-nan,0.0,1
0x17fe80,-nan,0.0,1
0x17ff00,-nan,0.0,1
0x17ff80,-nan,0.0,1
0x180000,-nan,0.0,1
0x180080,-nan,0.0,1
0x180100,-nan,0.0,1
0x180180,-nan,0.0,1
0x180200,-nan,0.0,1
0x180280,-nan,0.0,1
0x180300,-nan,0.0,1
0x180380,-nan,0.0,1
0x180400,-nan,0.0,1
0x180480,-nan,0.0,1
0x180500,-nan,0.0,1
0x180580,-nan,0.0,1
0x180600,-nan,0.0,1
0x180680,-nan,0.0,1
0x180700,-nan,0.0,1
0x180780,-nan,0.0,1
0x180800,-nan,0.0,1
0x180880,-nan,0.0,1
0x180900,-nan,0.0,1
0x180980,-nan,0.0,1
0x180a00,-nan,0.0,1
0x180a80,-nan,0.0,1
0x180b00,-nan,0.0,1
0x180b80,-nan,0.0,1
0x180c00,-nan,0.0,1
0x180c80,-nan,0.0,1
0x180d00,-nan,0.0,1
0x180d80,-nan,0.0,1
0x180e00,-nan,0.0,1
0x180e80,-nan,0.0,1
0x180f00,-nan,0.0,1
0x180f80,-nan,0.0,1
0x181000,-nan,0.0,1
0x181080,-nan,0.0,1
0x181100,-nan,0.0,1
0x181180,-nan,0.0,1
0x181200,-nan,0.0,1
0x181280,-nan,0.0,1
0x181300,-nan,0.0,1
0x181380,-nan,0.0,1
0x181400,-nan,0.0,1
0x181480,-nan,0.0,1
0x181500,-nan,0.0,1
0x181580,-nan,0.0,1
0x181600,-nan,0.0,1
0x181680,-nan,0.0,1
0x181700,-nan,0.0,1
0x181780,-nan,0.0,1
0x181800,-nan,0.0,1
0x181880,-nan,0.0,1
0x181900,-nan,0.0,1
0x181980,-nan,0.0,1
0x181a00,-nan,0.0,1
0x181a80,-nan,0.0,1
0x181b00,-nan,0.0,1
0x181b80,-nan,0.0,1
0x181c00,-nan,0.0,1
0x181c80,-nan,0.0,1
0x181d00,-nan,0.0,1
0x181d80,-nan,0.0,1
0x181e00,-nan,0.0,1
0x181e80,-nan,0.0,1
0x181f00,-nan,0.0,1
0x181f80,-nan,0.0,1
0x182000,-nan,0.0,1
0x182080,-nan,0.0,1
0x182100,-nan,0.0,1
0x182180,-nan,0.0,1
0x182200,-nan,0.0,1
0x182280,-nan,0.0,1
0x182300,-nan,0.0,1
0x182380,-nan,0.0,1
0x182400,-nan,0.0,1
0x182480,-nan,0.0,1
0x182500,-nan,0.0,1
0x182580,-nan,0.0,1
0x182600,-nan,0.0,1
0x182680,-nan,0.0,1
0x182700,-nan,0.0,1
0x182780,-nan,0.0,1
0x182800,-nan,0.0,1
0x182880,-nan,0.0,1
0x182900,-nan,0.0,1
0x182980,-nan,0.0,1
0x182a00,-nan,0.0,1
0x182a80,-nan,0.0,1
0x182b00,-nan,0.0,1
0x182b80,-nan,0.0,1
0x182c00,-nan,0.0,1
0x182c80,-nan,0.0,1
0x182d00,-nan,0.0,1
0x182d80,-nan,0.0,1
0x182e00,-nan,0.0,1
0x182e80,-nan,0.0,1
0x182f00,-nan,0.0,1
0x182f80,-nan,0.0,1
0x183000,-nan,0.0,1
0x183080,-nan,0.0,1
0x183100,-nan,0.0,1
0x183180,-nan,0.0,1
0x183200,-nan,0.0,1
0x183280,-nan,0.0,1
0x183300,-nan,0.0,1
0x183380,-nan,0.0,1
0x183400,-nan,0.0,1
0x183480,-nan,0.0,1
0x183500,-nan,0.0,1
0x183580,-nan,0.0,1
0x183600,-nan,0.0,1
0x183680,-nan,0.0,1
0x183700,-nan,0.0,1
0x183780,-nan,0.0,1
0x183800,-nan,0.0,1
0x183880,-nan,0.0,1
0x183900,-nan,0.0,1
0x183980,-nan,0.0,1
0x183a00,-nan,0.0,1
0x183a80,-nan,0.0,1
0x183b00,-nan,0.0,1
0x183b80,-nan,0.0,1
0x183c00,-nan,0.0,1
0x183c80,-nan,0.0,1
0x183d00,-nan,0.0,1
0x183d80,-nan,0.0,1
0x183e00,-nan,0.0,1
0x183e80,-nan,0.0,1
0x183f00,-nan,0.0,1
0x183f80,-nan,0.0,1
0x184000,-nan,0.0,1
0x184080,-nan,0.0,1
0x184100,-nan,0.0,1
0x184180,-nan,0.0,1
0x184200,-nan,0.0,1
0x184280,-nan,0.0,1
0x184300,-nan,0.0,1
0x184380,-nan,0.0,1
0x184400,-nan,0.0,1
0x184480,-nan,0.0,1
0x184500,-nan,0.0,1
0x184580,-nan,0.0,1
0x184600,-nan,0.0,1
0x184680,-nan,0.0,1
0x184700,-nan,0.0,1
0x184780,-nan,0.0,1
0x184800,-nan,0.0,1
0x184880,-nan,0.0,1
0x184900,-nan,0.0,1
0x184980,-nan,0.0,1
0x184a00,-nan,0.0,1
0x184a80,-nan,0.0,1
0x184b00,-nan,0.0,1
0x184b80,-nan,0.0,1
0x184c00,-nan,0.0,1
0x184c80,-nan,0.0,1
0x184d00,-nan,0.0,1
0x184d80,-nan,0.0,1
0x184e00,-nan,0.0,1
0x184e80,-nan,0.0,1
0x184f00,-nan,0.0,1
0x184f80,-nan,0.0,1
0x185000,-nan,0.0,1
0x185080,-nan,0.0,1
0x185100,-nan,0.0,1
0x185180,-nan,0.0,1
0x185200,-nan,0.0,1
0x185280,-nan,0.0,1
0x185300,-nan,0.0,1
0x185380,-nan,0.0,1
0x185400,-nan,0.0,1
0x185480,-nan,0.0,1
0x185500,-nan,0.0,1
0x185580,-nan,0.0,1
0x185600,-nan,0.0,1
0x185680,-nan,0.0,1
0x185700,-nan,0.0,1
0x185780,-nan,0.0,1
0x185800,-nan,0.0,1
0x185880,-nan,0.0,1
0x185900,-nan,0.0,1
0x185980,-nan,0.0,1
0x185a00,-nan,0.0,1
0x185a80,-nan,0.0,1
0x185b00,-nan,0.0,1
0x185b80,-nan,0.0,1
0x185c00,-nan,0.0,1
0x185c80,-nan,0.0,1
0x185d00,-nan,0.0,1
0x185d80,-nan,0.0,1
0x185e00,-nan,0.0,1
0x185e80,-nan,0.0,1
0x185f00,-nan,0.0,1
0x185f80,-nan,0.0,1
0x186000,-nan,0.0,1
0x186080,-nan,0.0,1
0x186100,-nan,0.0,1
0x186180,-nan,0.0,1
0x186200,-nan,0.0,1
0x186280,-nan,0.0,1
0x186300,-nan,0.0,1
0x186380,-nan,0.0,1
0x186400,-nan,0.0,1
0x186480,-nan,0.0,1
0x186500,-nan,0.0,1
0x186580,-nan,0.0,1
0x186600,-nan,0.0,1
0x186680,-nan,0.0,1
0x186700,-nan,0.0,1
0x186780,-nan,0.0,1
0x186800,-nan,0.0,1
0x186880,-nan,0.0,1
0x186900,-nan,0.0,1
0x186980,-nan,0.0,1
0x186a00,-nan,0.0,1
0x186a80,-nan,0.0,1
0x186b00,-nan,0.0,1
0x186b80,-nan,0.0,1
0x186c00,-nan,0.0,1
0x186c80,-nan,0.0,1
0x186d00,-nan,0.0,1
0x186d80,-nan,0.0,1
0x186e00,-nan,0.0,1
0x186e80,-nan,0.0,1
0x186f00,-nan,0.0,1
0x186f80,-nan,0.0,1
0x187000,-nan,0.0,1
0x187080,-nan,0.0,1
0x187100,-nan,0.0,1
0x187180,-nan,0.0,1
0x187200,-nan,0.0,1
0x187280,-nan,0.0,1
0x187300,-nan,0.0,1
0x187380,-nan,0.0,1
0x187400,-nan,0.0,1
0x187480,-nan,0.0,1
0x187500,-nan,0.0,1
0x187580,-nan,0.0,1
0x187600,-nan,0.0,1
0x187680,-nan,0.0,1
0x187700,-nan,0.0,1
0x187780,-nan,0.0,1
0x187800,-nan,0.0,1
0x187880,-nan,0.0,1
0x187900,-nan,0.0,1
0x187980,-nan,0.0,1
0x187a00,-nan,0.0,1
0x187a80,-nan,0.0,1
0x187b00,-nan,0.0,1
0x187b80,-nan,0.0,1
0x187c00,-nan,0.0,1
0x187c80,-nan,0.0,1
0x187d00,-nan,0.0,1
0x187d80,-nan,0.0,1
0x187e00,-nan,0.0,1
0x187e80,-nan,0.0,1
0x187f00,-nan,0.0,1
0x187f80,-nan,0.0,1
0x188000,-nan,0.0,1
0x188080,-nan,0.0,1
0x188100,-nan,0.0,1
0x188180,-nan,0.0,1
0x188200,-nan,0.0,1
0x188280,-nan,0.0,1
0x188300,-nan,0.0,1
0x188380,-nan,0.0,1
0x188400,-nan,0.0,1
0x188480,-nan,0.0,1
0x188500,-nan,0.0,1
0x188580,-nan,0.0,1
0x188600,-nan,0.0,1
0x188680,-nan,0.0,1
0x188700,-nan,0.0,1
0x188780,-nan,0.0,1
0x188800,-nan,0.0,1
0x188880,-nan,0.0,1
0x188900,-nan,0.0,1
0x188980,-nan,0.0,1
0x188a00,-nan,0.0,1
0x188a80,-nan,0.0,1
0x188b00,-nan,0.0,1
0x188b80,-nan,0.0,1
0x188c00,-nan,0.0,1
0x188c80,-nan,0.0,1
0x188d00,-nan,0.0,1
0x188d80,-nan,0.0,1
0x188e00,-nan,0.0,1
0x188e80,-nan,0.0,1
0x188f00,-nan,0.0,1
0x188f80,-nan,0.0,1
0x189000,-nan,0.0,1
0x189080,-nan,0.0,1
0x189100,-nan,0.0,1
0x189180,-nan,0.0,1
0x189200,-nan,0.0,1
0x189280,-nan,0.0,1
0x189300,-nan,0.0,1
0x189380,-nan,0.0,1
0x189400,-nan,0.0,1
0x189480,-nan,0.0,1
0x189500,-nan,0.0,1
0x189580,-nan,0.0,1
0x189600,-nan,0.0,1
0x189680,-nan,0.0,1
0x189700,-nan,0.0,1
0x189780,-nan,0.0,1
0x189800,-nan,0.0,1
0x189880,-nan,0.0,1
0x189900,-nan,0.0,1
0x189980,-nan,0.0,1
0x189a00,-nan,0.0,1
0x189a80,-nan,0.0,1
0x189b00,-nan,0.0,1
0x189b80,-nan,0.0,1
0x189c00,-nan,0.0,1
0x189c80,-nan,0.0,1
0x189d00,-nan,0.0,1
0x189d80,-nan,0.0,1
0x189e00,-nan,0.0,1
0x189e80,-nan,0.0,1
0x189f00,-nan,0.0,1
0x189f80,-nan,0.0,1
0x18a000,-nan,0.0,1
0x18a080,-nan,0.0,1
0x18a100,-nan,0.0,1
0x18a180,-nan,0.0,1
0x18a200,-nan,0.0,1
0x18a280,-nan,0.0,1
0x18a300,-nan,0.0,1
0x18a380,-nan,0.0,1
0x18a400,-nan,0.0,1
0x18a480,-nan,0.0,1
0x18a500,-nan,0.0,1
0x18a580,-nan,0.0,1
0x18a600,-nan,0.0,1
0x18a680,-nan,0.0,1
0x18a700,-nan,0.0,1
0x18a780,-nan,0.0,1
0x18a800,-nan,0.0,1
0x18a880,-nan,0.0,1
0x18a900,-nan,0.0,1
0x18a980,-nan,0.0,1
0x18aa00,-nan,0.0,1
0x18aa80,-nan,0.0,1
0x18ab00,-nan,0.0,1
0x18ab80,-nan,0.0,1
0x18ac00,-nan,0.0,1
0x18ac80,-nan,0.0,1
0x18ad00,-nan,0.0,1
0x18ad80,-nan,0.0,1
0x18ae00,-nan,0.0,1
0x18ae80,-nan,0.0,1
0x18af00,-nan,0.0,1
0x18af80,-nan,0.0,1
0x18b000,-nan,0.0,1
0x18b080,-nan,0.0,1
0x18b100,-nan,0.0,1
0x18b180,-nan,0.0,1
0x18b200,-nan,0.0,1
0x18b280,-nan,0.0,1
0x18b300,-nan,0.0,1
0x18b380,-nan,0.0,1
0x18b400,-nan,0.0,1
0x18b480,-nan,0.0,1
0x18b500,-nan,0.0,1
0x18b580,-nan,0.0,1
0x18b600,-nan,0.0,1
0x18b680,-nan,0.0,1
0x18b700,-nan,0.0,1
0x18b780,-nan,0.0,1
0x18b800,-nan,0.0,1
0x18b880,-nan,0.0,1
0x18b900,-nan,0.0,1
0x18b980,-nan,0.0,1
0x18ba00,-nan,0.0,1
0x18ba80,-nan,0.0,1
0x18bb00,-nan,0.0,1
0x18bb80,-nan,0.0,1
0x18bc00,-nan,0.0,1
0x18bc80,-nan,0.0,1
0x18bd00,-nan,0.0,1
0x18bd80,-nan,0.0,1
0x18be00,-nan,0.0,1
0x18be80,-nan,0.0,1
0x18bf00,-nan,0.0,1
0x18bf80,-nan,0.0,1
0x18c000,-nan,0.0,1
0x18c080,-nan,0.0,1
0x18c100,-nan,0.0,1
0x18c180,-nan,0.0,1
0x18c200,-nan,0.0,1
0x18c280,-nan,0.0,1
0x18c300,-nan,0.0,1
0x18c380,-nan,0.0,1
0x18c400,-nan,0.0,1
0x18c480,-nan,0.0,1
0x18c500,-nan,0.0,1
0x18c580,-nan,0.0,1
0x18c600,-nan,0.0,1
0x18c680,-nan,0.0,1
0x18c700,-nan,0.0,1
0x18c780,-nan,0.0,1
0x18c800,-nan,0.0,1
0x18c880,-nan,0.0,1
0x18c900,-nan,0.0,1
0x18c980,-nan,0.0,1
0x18ca00,-nan,0.0,1
0x18ca80,-nan,0.0,1
0x18cb00,-nan,0.0,1
0x18cb80,-nan,0.0,1
0x18cc00,-nan,0.0,1
0x18cc80,-nan,0.0,1
0x18cd00,-nan,0.0,1
0x18cd80,-nan,0.0,1
0x18ce00,-nan,0.0,1
0x18ce80,-nan,0.0,1
0x18cf00,-nan,0.0,1
0x18cf80,-nan,0.0,1
0x18d000,-nan,0.0,1
0x18d080,-nan,0.0,1
0x18d100,-nan,0.0,1
0x18d180,-nan,0.0,1
0x18d200,-nan,0.0,1
0x18d280,-nan,0.0,1
0x18d300,-nan,0.0,1
0x18d380,-nan,0.0,1
0x18d400,-nan,0.0,1
0x18d480,-nan,0.0,1
0x18d500,-nan,0.0,1
0x18d580,-nan,0.0,1
0x18d600,-nan,0.0,1
0x18d680,-nan,0.0,1
0x18d700,-nan,0.0,1
0x18d780,-nan,0.0,1
0x18d800,-nan,0.0,1
0x18d880,-nan,0.0,1
0x18d900,-nan,0.0,1
0x18d980,-nan,0.0,1
0x18da00,-nan,0.0,1
0x18da80,-nan,0.0,1
0x18db00,-nan,0.0,1
0x18db80,-nan,0.0,1
0x18dc00,-nan,0.0,1
0x18dc80,-nan,0.0,1
0x18dd00,-nan,0.0,1
0x18dd80,-nan,0.0,1
0x18de00,-nan,0.0,1
0x18de80,-nan,0.0,1
0x18df00,-nan,0.0,1
0x18df80,-nan,0.0,1
0x18e000,-nan,0.0,1
0x18e080,-nan,0.0,1
0x18e100,-nan,0.0,1
0x18e180,-nan,0.0,1
0x18e200,-nan,0.0,1
0x18e280,-nan,0.0,1
0x18e300,-nan,0.0,1
0x18e380,-nan,0.0,1
0x18e400,-nan,0.0,1
0x18e480,-nan,0.0,1
0x18e500,-nan,0.0,1
0x18e580,-nan,0.0,1
0x18e600,-nan,0.0,1
0x18e680,-nan,0.0,1
0x18e700,-nan,0.0,1
0x18e780,-nan,0.0,1
0x18e800,-nan,0.0,1
0x18e880,-nan,0.0,1
0x18e900,-nan,0.0,1
0x18e980,-nan,0.0,1
0x18ea00,-nan,0.0,1
0x18ea80,-nan,0.0,1
0x18eb00,-nan,0.0,1
0x18eb80,-nan,0.0,1
0x18ec00,-nan,0.0,1
0x18ec80,-nan,0.0,1
0x18ed00,-nan,0.0,1
0x18ed80,-nan,0.0,1
0x18ee00,-nan,0.0,1
0x18ee80,-nan,0.0,1
0x18ef00,-nan,0.0,1
0x18ef80,-nan,0.0,1
0x18f000,-nan,0.0,1
0x18f080,-nan,0.0,1
0x18f100,-nan,0.0,1
0x18f180,-nan,0.0,1
0x18f200,-nan,0.0,1
0x18f280,-nan,0.0,1
0x18f300,-nan,0.0,1
0x18f380,-nan,0.0,1
0x18f400,-nan,0.0,1
0x18f480,-nan,0.0,1
0x18f500,-nan,0.0,1
0x18f580,-nan,0.0,1
0x18f600,-nan,0.0,1
0x18f680,-nan,0.0,1
0x18f700,-nan,0.0,1
0x18f780,-nan,0.0,1
0x18f800,-nan,0.0,1
0x18f880,-nan,0.0,1
0x18f900,-nan,0.0,1
0x18f980,-nan,0.0,1
0x18fa00,-nan,0.0,1
0x18fa80,-nan,0.0,1
0x18fb00,-nan,0.0,1
0x18fb80,-nan,0.0,1
0x18fc00,-nan,0.0,1
0x18fc80,-nan,0.0,1
0x18fd00,-nan,0.0,1
0x18fd80,-nan,0.0,1
0x18fe00,-nan,0.0,1
0x18fe80,-nan,0.0,1
0x18ff00,-nan,0.0,1
0x18ff80,-nan,0.0,1
0x190000,-nan,0.0,1
0x190080,-nan,0.0,1
0x190100,-nan,0.0,1
0x190180,-nan,0.0,1
0x190200,-nan,0.0,1
0x190280,-nan,0.0,1
0x190300,-nan,0.0,1
0x190380,-nan,0.0,1
0x190400,-nan,0.0,1
0x190480,-nan,0.0,1
0x190500,-nan,0.0,1
0x190580,-nan,0.0,1
0x190600,-nan,0.0,1
0x190680,-nan,0.0,1
0x190700,-nan,0.0,1
0x190780,-nan,0.0,1
0x190800,-nan,0.0,1
0x190880,-nan,0.0,1
0x190900,-nan,0.0,1
0x190980,-nan,0.0,1
0x190a00,-nan,0.0,1
0x190a80,-nan,0.0,1
0x190b00,-nan,0.0,1
0x190b80,-nan,0.0,1
0x190c00,-nan,0.0,1
0x190c80,-nan,0.0,1
0x190d00,-nan,0.0,1
0x190d80,-nan,0.0,1
0x190e00,-nan,0.0,1
0x190e80,-nan,0.0,1
0x190f00,-nan,0.0,1
0x190f80,-nan,0.0,1
0x191000,-nan,0.0,1
0x191080,-nan,0.0,1
0x191100,-nan,0.0,1
0x191180,-nan,0.0,1
0x191200,-nan,0.0,1
0x191280,-nan,0.0,1
0x191300,-nan,0.0,1
0x191380,-nan,0.0,1
0x191400,-nan,0.0,1
0x191480,-nan,0.0,1
0x191500,-nan,0.0,1
0x191580,-nan,0.0,1
0x191600,-nan,0.0,1
0x191680,-nan,0.0,1
0x191700,-nan,0.0,1
0x191780,-nan,0.0,1
0x191800,-nan,0.0,1
0x191880,-nan,0.0,1
0x191900,-nan,0.0,1
0x191980,-nan,0.0,1
0x191a00,-nan,0.0,1
0x191a80,-nan,0.0,1
0x191b00,-nan,0.0,1
0x191b80,-nan,0.0,1
0x191c00,-nan,0.0,1
0x191c80,-nan,0.0,1
0x191d00,-nan,0.0,1
0x191d80,-nan,0.0,1
0x191e00,-nan,0.0,1
0x191e80,-nan,0.0,1
0x191f00,-nan,0.0,1
0x191f80,-nan,0.0,1
0x192000,-nan,0.0,1
0x192080,-nan,0.0,1
0x192100,-nan,0.0,1
0x192180,-nan,0.0,1
0x192200,-nan,0.0,1
0x192280,-nan,0.0,1
0x192300,-nan,0.0,1
0x192380,-nan,0.0,1
0x192400,-nan,0.0,1
0x192480,-nan,0.0,1
0x192500,-nan,0.0,1
0x192580,-nan,0.0,1
0x192600,-nan,0.0,1
0x192680,-nan,0.0,1
0x192700,-nan,0.0,1
0x192780,-nan,0.0,1
0x192800,-nan,0.0,1
0x192880,-nan,0.0,1
0x192900,-nan,0.0,1
0x192980,-nan,0.0,1
0x192a00,-nan,0.0,1
0x192a80,-nan,0.0,1
0x192b00,-nan,0.0,1
0x192b80,-nan,0.0,1
0x192c00,-nan,0.0,1
0x192c80,-nan,0.0,1
0x192d00,-nan,0.0,1
0x192d80,-nan,0.0,1
0x192e00,-nan,0.0,1
0x192e80,-nan,0.0,1
0x192f00,-nan,0.0,1
0x192f80,-nan,0.0,1
0x193000,-nan,0.0,1
0x193080,-nan,0.0,1
0x193100,-nan,0.0,1
0x193180,-nan,0.0,1
0x193200,-nan,0.0,1
0x193280,-nan,0.0,1
0x193300,-nan,0.0,1
0x193380,-nan,0.0,1
0x193400,-nan,0.0,1
0x193480,-nan,0.0,1
0x193500,-nan,0.0,1
0x193580,-nan,0.0,1
0x193600,-nan,0.0,1
0x193680,-nan,0.0,1
0x193700,-nan,0.0,1
0x193780,-nan,0.0,1
0x193800,-nan,0.0,1
0x193880,-nan,0.0,1
0x193900,-nan,0.0,1
0x193980,-nan,0.0,1
0x193a00,-nan,0.0,1
0x193a80,-nan,0.0,1
0x193b00,-nan,0.0,1
0x193b80,-nan,0.0,1
0x193c00,-nan,0.0,1
0x193c80,-nan,0.0,1
0x193d00,-nan,0.0,1
0x193d80,-nan,0.0,1
0x193e00,-nan,0.0,1
0x193e80,-nan,0.0,1
0x193f00,-nan,0.0,1
0x193f80,-nan,0.0,1
0x194000,-nan,0.0,1
0x194080,-nan,0.0,1
0x194100,-nan,0.0,1
0x194180,-nan,0.0,1
0x194200,-nan,0.0,1
0x194280,-nan,0.0,1
0x194300,-nan,0.0,1
0x194380,-nan,0.0,1
0x194400,-nan,0.0,1
0x194480,-nan,0.0,1
0x194500,-nan,0.0,1
0x194580,-nan,0.0,1
0x194600,-nan,0.0,1
0x194680,-nan,0.0,1
0x194700,-nan,0.0,1
0x194780,-nan,0.0,1
0x194800,-nan,0.0,1
0x194880,-nan,0.0,1
0x194900,-nan,0.0,1
0x194980,-nan,0.0,1
0x194a00,-nan,0.0,1
0x194a80,-nan,0.0,1
0x194b00,-nan,0.0,1
0x194b80,-nan,0.0,1
0x194c00,-nan,0.0,1
0x194c80,-nan,0.0,1
0x194d00,-nan,0.0,1
0x194d80,-nan,0.0,1
0x194e00,-nan,0.0,1
0x194e80,-nan,0.0,1
0x194f00,-nan,0.0,1
0x194f80,-nan,0.0,1
0x195000,-nan,0.0,1
0x195080,-nan,0.0,1
0x195100,-nan,0.0,1
0x195180,-nan,0.0,1
0x195200,-nan,0.0,1
0x195280,-nan,0.0,1
0x195300,-nan,0.0,1
0x195380,-nan,0.0,1
0x195400,-nan,0.0,1
0x195480,-nan,0.0,1
0x195500,-nan,0.0,1
0x195580,-nan,0.0,1
0x195600,-nan,0.0,1
0x195680,-nan,0.0,1
0x195700,-nan,0.0,1
0x195780,-nan,0.0,1
0x195800,-nan,0.0,1
0x195880,-nan,0.0,1
0x195900,-nan,0.0,1
0x195980,-nan,0.0,1
0x195a00,-nan,0.0,1
0x195a80,-nan,0.0,1
0x195b00,-nan,0.0,1
0x195b80,-nan,0.0,1
0x195c00,-nan,0.0,1
0x195c80,-nan,0.0,1
0x195d00,-nan,0.0,1
0x195d80,-nan,0.0,1
0x195e00,-nan,0.0,1
0x195e80,-nan,0.0,1
0x195f00,-nan,0.0,1
0x195f80,-nan,0.0,1
0x196000,-nan,0.0,1
0x196080,-nan,0.0,1
0x196100,-nan,0.0,1
0x196180,-nan,0.0,1
0x196200,-nan,0.0,1
0x196280,-nan,0.0,1
0x196300,-nan,0.0,1
0x196380,-nan,0.0,1
0x196400,-nan,0.0,1
0x196480,-nan,0.0,1
0x196500,-nan,0.0,1
0x196580,-nan,0.0,1
0x196600,-nan,0.0,1
0x196680,-nan,0.0,1
0x196700,-nan,0.0,1
0x196780,-nan,0.0,1
0x196800,-nan,0.0,1
0x196880,-nan,0.0,1
0x196900,-nan,0.0,1
0x196980,-nan,0.0,1
0x196a00,-nan,0.0,1
0x196a80,-nan,0.0,1
0x196b00,-nan,0.0,1
0x196b80,-nan,0.0,1
0x196c00,-nan,0.0,1
0x196c80,-nan,0.0,1
0x196d00,-nan,0.0,1
0x196d80,-nan,0.0,1
0x196e00,-nan,0.0,1
0x196e80,-nan,0.0,1
0x196f00,-nan,0.0,1
0x196f80,-nan,0.0,1
0x197000,-nan,0.0,1
0x197080,-nan,0.0,1
0x197100,-nan,0.0,1
0x197180,-nan,0.0,1
0x197200,-nan,0.0,1
0x197280,-nan,0.0,1
0x197300,-nan,0.0,1
0x197380,-nan,0.0,1
0x197400,-nan,0.0,1
0x197480,-nan,0.0,1
0x197500,-nan,0.0,1
0x197580,-nan,0.0,1
0x197600,-nan,0.0,1
0x197680,-nan,0.0,1
0x197700,-nan,0.0,1
0x197780,-nan,0.0,1
0x197800,-nan,0.0,1
0x197880,-nan,0.0,1
0x197900,-nan,0.0,1
0x197980,-nan,0.0,1
0x197a00,-nan,0.0,1
0x197a80,-nan,0.0,1
0x197b00,-nan,0.0,1
0x197b80,-nan,0.0,1
0x197c00,-nan,0.0,1
0x197c80,-nan,0.0,1
0x197d00,-nan,0.0,1
0x197d80,-nan,0.0,1
0x197e00,-nan,0.0,1
0x197e80,-nan,0.0,1
0x197f00,-nan,0.0,1
0x197f80,-nan,0.0,1
0x198000,-nan,0.0,1
0x198080,-nan,0.0,1
0x198100,-nan,0.0,1
0x198180,-nan,0.0,1
0x198200,-nan,0.0,1
0x198280,-nan,0.0,1
0x198300,-nan,0.0,1
0x198380,-nan,0.0,1
0x198400,-nan,0.0,1
0x198480,-nan,0.0,1
0x198500,-nan,0.0,1
0x198580,-nan,0.0,1
0x198600,-nan,0.0,1
0x198680,-nan,0.0,1
0x198700,-nan,0.0,1
0x198780,-nan,0.0,1
0x198800,-nan,0.0,1
0x198880,-nan,0.0,1
0x198900,-nan,0.0,1
0x198980,-nan,0.0,1
0x198a00,-nan,0.0,1
0x198a80,-nan,0.0,1
0x198b00,-nan,0.0,1
0x198b80,-nan,0.0,1
0x198c00,-nan,0.0,1
0x198c80,-nan,0.0,1
0x198d00,-nan,0.0,1
0x198d80,-nan,0.0,1
0x198e00,-nan,0.0,1
0x198e80,-nan,0.0,1
0x198f00,-nan,0.0,1
0x198f80,-nan,0.0,1
0x199000,-nan,0.0,1
0x199080,-nan,0.0,1
0x199100,-nan,0.0,1
0x199180,-nan,0.0,1
0x199200,-nan,0.0,1
0x199280,-nan,0.0,1
0x199300,-nan,0.0,1
0x199380,-nan,0.0,1
0x199400,-nan,0.0,1
0x199480,-nan,0.0,1
0x199500,-nan,0.0,1
0x199580,-nan,0.0,1
0x199600,-nan,0.0,1
0x199680,-nan,0.0,1
0x199700,-nan,0.0,1
0x199780,-nan,0.0,1
0x199800,-nan,0.0,1
0x199880,-nan,0.0,1
0x199900,-nan,0.0,1
0x199980,-nan,0.0,1
0x199a00,-nan,0.0,1
0x199a80,-nan,0.0,1
0x199b00,-nan,0.0,1
0x199b80,-nan,0.0,1
0x199c00,-nan,0.0,1
0x199c80,-nan,0.0,1
0x199d00,-nan,0.0,1
0x199d80,-nan,0.0,1
0x199e00,-nan,0.0,1
0x199e80,-nan,0.0,1
0x199f00,-nan,0.0,1
0x199f80,-nan,0.0,1
0x19a000,-nan,0.0,1
0x19a080,-nan,0.0,1
0x19a100,-nan,0.0,1
0x19a180,-nan,0.0,1
0x19a200,-nan,0.0,1
0x19a280,-nan,0.0,1
0x19a300,-nan,0.0,1
0x19a380,-nan,0.0,1
0x19a400,-nan,0.0,1
0x19a480,-nan,0.0,1
0x19a500,-nan,0.0,1
0x19a580,-nan,0.0,1
0x19a600,-nan,0.0,1
0x19a680,-nan,0.0,1
0x19a700,-nan,0.0,1
0x19a780,-nan,0.0,1
0x19a800,-nan,0.0,1
0x19a880,-nan,0.0,1
0x19a900,-nan,0.0,1
0x19a980,-nan,0.0,1
0x19aa00,-nan,0.0,1
0x19aa80,-nan,0.0,1
0x19ab00,-nan,0.0,1
0x19ab80,-nan,0.0,1
0x19ac00,-nan,0.0,1
0x19ac80,-nan,0.0,1
0x19ad00,-nan,0.0,1
0x19ad80,-nan,0.0,1
0x19ae00,-nan,0.0,1
0x19ae80,-nan,0.0,1
0x19af00,-nan,0.0,1
0x19af80,-nan,0.0,1
0x19b000,-nan,0.0,1
0x19b080,-nan,0.0,1
0x19b100,-nan,0.0,1
0x19b180,-nan,0.0,1
0x19b200,-nan,0.0,1
0x19b280,-nan,0.0,1
0x19b300,-nan,0.0,1
0x19b380,-nan,0.0,1
0x19b400,-nan,0.0,1
0x19b480,-nan,0.0,1
0x19b500,-nan,0.0,1
0x19b580,-nan,0.0,1
0x19b600,-nan,0.0,1
0x19b680,-nan,0.0,1
0x19b700,-nan,0.0,1
0x19b780,-nan,0.0,1
0x19b800,-nan,0.0,1
0x19b880,-nan,0.0,1
0x19b900,-nan,0.0,1
0x19b980,-nan,0.0,1
0x19ba00,-nan,0.0,1
0x19ba80,-nan,0.0,1
0x19bb00,-nan,0.0,1
0x19bb80,-nan,0.0,1
0x19bc00,-nan,0.0,1
0x19bc80,-nan,0.0,1
0x19bd00,-nan,0.0,1
0x19bd80,-nan,0.0,1
0x19be00,-nan,0.0,1
0x19be80,-nan,0.0,1
0x19bf00,-nan,0.0,1
0x19bf80,-nan,0.0,1
0x19c000,-nan,0.0,1
0x19c080,-nan,0.0,1
0x19c100,-nan,0.0,1
0x19c180,-nan,0.0,1
0x19c200,-nan,0.0,1
0x19c280,-nan,0.0,1
0x19c300,-nan,0.0,1
0x19c380,-nan,0.0,1
0x19c400,-nan,0.0,1
0x19c480,-nan,0.0,1
0x19c500,-nan,0.0,1
0x19c580,-nan,0.0,1
0x19c600,-nan,0.0,1
0x19c680,-nan,0.0,1
0x19c700,-nan,0.0,1
0x19c780,-nan,0.0,1
0x19c800,-nan,0.0,1
0x19c880,-nan,0.0,1
0x19c900,-nan,0.0,1
0x19c980,-nan,0.0,1
0x19ca00,-nan,0.0,1
0x19ca80,-nan,0.0,1
0x19cb00,-nan,0.0,1
0x19cb80,-nan,0.0,1
0x19cc00,-nan,0.0,1
0x19cc80,-nan,0.0,1
0x19cd00,-nan,0.0,1
0x19cd80,-nan,0.0,1
0x19ce00,-nan,0.0,1
0x19ce80,-nan,0.0,1
0x19cf00,-nan,0.0,1
0x19cf80,-nan,0.0,1
0x19d000,-nan,0.0,1
0x19d080,-nan,0.0,1
0x19d100,-nan,0.0,1
0x19d180,-nan,0.0,1
0x19d200,-nan,0.0,1
0x19d280,-nan,0.0,1
0x19d300,-nan,0.0,1
0x19d380,-nan,0.0,1
0x19d400,-nan,0.0,1
0x19d480,-nan,0.0,1
0x19d500,-nan,0.0,1
0x19d580,-nan,0.0,1
0x19d600,-nan,0.0,1
0x19d680,-nan,0.0,1
0x19d700,-nan,0.0,1
0x19d780,-nan,0.0,1
0x19d800,-nan,0.0,1
0x19d880,-nan,0.0,1
0x19d900,-nan,0.0,1
0x19d980,-nan,0.0,1
0x19da00,-nan,0.0,1
0x19da80,-nan,0.0,1
0x19db00,-nan,0.0,1
0x19db80,-nan,0.0,1
0x19dc00,-nan,0.0,1
0x19dc80,-nan,0.0,1
0x19dd00,-nan,0.0,1
0x19dd80,-nan,0.0,1
0x19de00,-nan,0.0,1
0x19de80,-nan,0.0,1
0x19df00,-nan,0.0,1
0x19df80,-nan,0.0,1
0x19e000,-nan,0.0,1
0x19e080,-nan,0.0,1
0x19e100,-nan,0.0,1
0x19e180,-nan,0.0,1
0x19e200,-nan,0.0,1
0x19e280,-nan,0.0,1
0x19e300,-nan,0.0,1
0x19e380,-nan,0.0,1
0x19e400,-nan,0.0,1
0x19e480,-nan,0.0,1
0x19e500,-nan,0.0,1
0x19e580,-nan,0.0,1
0x19e600,-nan,0.0,1
0x19e680,-nan,0.0,1
0x19e700,-nan,0.0,1
0x19e780,-nan,0.0,1
0x19e800,-nan,0.0,1
0x19e880,-nan,0.0,1
0x19e900,-nan,0.0,1
0x19e980,-nan,0.0,1
0x19ea00,-nan,0.0,1
0x19ea80,-nan,0.0,1
0x19eb00,-nan,0.0,1
0x19eb80,-nan,0.0,1
0x19ec00,-nan,0.0,1
0x19ec80,-nan,0.0,1
0x19ed00,-nan,0.0,1
0x19ed80,-nan,0.0,1
0x19ee00,-nan,0.0,1
0x19ee80,-nan,0.0,1
0x19ef00,-nan,0.0,1
0x19ef80,-nan,0.0,1
0x19f000,-nan,0.0,1
0x19f080,-nan,0.0,1
0x19f100,-nan,0.0,1
0x19f180,-nan,0.0,1
0x19f200,-nan,0.0,1
0x19f280,-nan,0.0,1
0x19f300,-nan,0.0,1
0x19f380,-nan,0.0,1
0x19f400,-nan,0.0,1
0x19f480,-nan,0.0,1
0x19f500,-nan,0.0,1
0x19f580,-nan,0.0,1
0x19f600,-nan,0.0,1
0x19f680,-nan,0.0,1
0x19f700,-nan,0.0,1
0x19f780,-nan,0.0,1
0x19f800,-nan,0.0,1
0x19f880,-nan,0.0,1
0x19f900,-nan,0.0,1
0x19f980,-nan,0.0,1
0x19fa00,-nan,0.0,1
0x19fa80,-nan,0.0,1
0x19fb00,-nan,0.0,1
0x19fb80,-nan,0.0,1
0x19fc00,-nan,0.0,1
0x19fc80,-nan,0.0,1
0x19fd00,-nan,0.0,1
0x19fd80,-nan,0.0,1
0x19fe00,-nan,0.0,1
0x19fe80,-nan,0.0,1
0x19ff00,-nan,0.0,1
0x19ff80,-nan,0.0,1
0x1a0000,-nan,0.0,1
0x1a0080,-nan,0.0,1
0x1a0100,-nan,0.0,1
0x1a0180,-nan,0.0,1
0x1a0200,-nan,0.0,1
0x1a0280,-nan,0.0,1
0x1a0300,-nan,0.0,1
0x1a0380,-nan,0.0,1
0x1a0400,-nan,0.0,1
0x1a0480,-nan,0.0,1
0x1a0500,-nan,0.0,1
0x1a0580,-nan,0.0,1
0x1a0600,-nan,0.0,1
0x1a0680,-nan,0.0,1
0x1a0700,-nan,0.0,1
0x1a0780,-nan,0.0,1
0x1a0800,-nan,0.0,1
0x1a0880,-nan,0.0,1
0x1a0900,-nan,0.0,1
0x1a0980,-nan,0.0,1
0x1a0a00,-nan,0.0,1
0x1a0a80,-nan,0.0,1
0x1a0b00,-nan,0.0,1
0x1a0b80,-nan,0.0,1
0x1a0c00,-nan,0.0,1
0x1a0c80,-nan,0.0,1
0x1a0d00,-nan,0.0,1
0x1a0d80,-nan,0.0,1
0x1a0e00,-nan,0.0,1
0x1a0e80,-nan,0.0,1
0x1a0f00,-nan,0.0,1
0x1a0f80,-nan,0.0,1
0x1a1000,-nan,0.0,1
0x1a1080,-nan,0.0,1
0x1a1100,-nan,0.0,1
0x1a1180,-nan,0.0,1
0x1a1200,-nan,0.0,1
0x1a1280,-nan,0.0,1
0x1a1300,-nan,0.0,1
0x1a1380,-nan,0.0,1
0x1a1400,-nan,0.0,1
0x1a1480,-nan,0.0,1
0x1a1500,-nan,0.0,1
0x1a1580,-nan,0.0,1
0x1a1600,-nan,0.0,1
0x1a1680,-nan,0.0,1
0x1a1700,-nan,0.0,1
0x1a1780,-nan,0.0,1
0x1a1800,-nan,0.0,1
0x1a1880,-nan,0.0,1
0x1a1900,-nan,0.0,1
0x1a1980,-nan,0.0,1
0x1a1a00,-nan,0.0,1
0x1a1a80,-nan,0.0,1
0x1a1b00,-nan,0.0,1
0x1a1b80,-nan,0.0,1
0x1a1c00,-nan,0.0,1
0x1a1c80,-nan,0.0,1
0x1a1d00,-nan,0.0,1
0x1a1d80,-nan,0.0,1
0x1a1e00,-nan,0.0,1
0x1a1e80,-nan,0.0,1
0x1a1f00,-nan,0.0,1
0x1a1f80,-nan,0.0,1
0x1a2000,-nan,0.0,1
0x1a2080,-nan,0.0,1
0x1a2100,-nan,0.0,1
0x1a2180,-nan,0.0,1
0x1a2200,-nan,0.0,1
0x1a2280,-nan,0.0,1
0x1a2300,-nan,0.0,1
0x1a2380,-nan,0.0,1
0x1a2400,-nan,0.0,1
0x1a2480,-nan,0.0,1
0x1a2500,-nan,0.0,1
0x1a2580,-nan,0.0,1
0x1a2600,-nan,0.0,1
0x1a2680,-nan,0.0,1
0x1a2700,-nan,0.0,1
0x1a2780,-nan,0.0,1
0x1a2800,-nan,0.0,1
0x1a2880,-nan,0.0,1
0x1a2900,-nan,0.0,1
0x1a2980,-nan,0.0,1
0x1a2a00,-nan,0.0,1
0x1a2a80,-nan,0.0,1
0x1a2b00,-nan,0.0,1
0x1a2b80,-nan,0.0,1
0x1a2c00,-nan,0.0,1
0x1a2c80,-nan,0.0,1
0x1a2d00,-nan,0.0,1
0x1a2d80,-nan,0.0,1
0x1a2e00,-nan,0.0,1
0x1a2e80,-nan,0.0,1
0x1a2f00,-nan,0.0,1
0x1a2f80,-nan,0.0,1
0x1a3000,-nan,0.0,1
0x1a3080,-nan,0.0,1
0x1a3100,-nan,0.0,1
0x1a3180,-nan,0.0,1
0x1a3200,-nan,0.0,1
0x1a3280,-nan,0.0,1
0x1a3300,-nan,0.0,1
0x1a3380,-nan,0.0,1
0x1a3400,-nan,0.0,1
0x1a3480,-nan,0.0,1
0x1a3500,-nan,0.0,1
0x1a3580,-nan,0.0,1
0x1a3600,-nan,0.0,1
0x1a3680,-nan,0.0,1
0x1a3700,-nan,0.0,1
0x1a3780,-nan,0.0,1
0x1a3800,-nan,0.0,1
0x1a3880,-nan,0.0,1
0x1a3900,-nan,0.0,1
0x1a3980,-nan,0.0,1
0x1a3a00,-nan,0.0,1
0x1a3a80,-nan,0.0,1
0x1a3b00,-nan,0.0,1
0x1a3b80,-nan,0.0,1
0x1a3c00,-nan,0.0,1
0x1a3c80,-nan,0.0,1
0x1a3d00,-nan,0.0,1
0x1a3d80,-nan,0.0,1
0x1a3e00,-nan,0.0,1
0x1a3e80,-nan,0.0,1
0x1a3f00,-nan,0.0,1
0x1a3f80,-nan,0.0,1
0x1a4000,-nan,0.0,1
0x1a4080,-nan,0.0,1
0x1a4100,-nan,0.0,1
0x1a4180,-nan,0.0,1
0x1a4200,-nan,0.0,1
0x1a4280,-nan,0.0,1
0x1a4300,-nan,0.0,1
0x1a4380,-nan,0.0,1
0x1a4400,-nan,0.0,1
0x1a4480,-nan,0.0,1
0x1a4500,-nan,0.0,1
0x1a4580,-nan,0.0,1
0x1a4600,-nan,0.0,1
0x1a4680,-nan,0.0,1
0x1a4700,-nan,0.0,1
0x1a4780,-nan,0.0,1
0x1a4800,-nan,0.0,1
0x1a4880,-nan,0.0,1
0x1a4900,-nan,0.0,1
0x1a4980,-nan,0.0,1
0x1a4a00,-nan,0.0,1
0x1a4a80,-nan,0.0,1
0x1a4b00,-nan,0.0,1
0x1a4b80,-nan,0.0,1
0x1a4c00,-nan,0.0,1
0x1a4c80,-nan,0.0,1
0x1a4d00,-nan,0.0,1
0x1a4d80,-nan,0.0,1
0x1a4e00,-nan,0.0,1
0x1a4e80,-nan,0.0,1
0x1a4f00,-nan,0.0,1
0x1a4f80,-nan,0.0,1
0x1a5000,-nan,0.0,1
0x1a5080,-nan,0.0,1
0x1a5100,-nan,0.0,1
0x1a5180,-nan,0.0,1
0x1a5200,-nan,0.0,1
0x1a5280,-nan,0.0,1
0x1a5300,-nan,0.0,1
0x1a5380,-nan,0.0,1
0x1a5400,-nan,0.0,1
0x1a5480,-nan,0.0,1
0x1a5500,-nan,0.0,1
0x1a5580,-nan,0.0,1
0x1a5600,-nan,0.0,1
0x1a5680,-nan,0.0,1
0x1a5700,-nan,0.0,1
0x1a5780,-nan,0.0,1
0x1a5800,-nan,0.0,1
0x1a5880,-nan,0.0,1
0x1a5900,-nan,0.0,1
0x1a5980,-nan,0.0,1
0x1a5a00,-nan,0.0,1
0x1a5a80,-nan,0.0,1
0x1a5b00,-nan,0.0,1
0x1a5b80,-nan,0.0,1
0x1a5c00,-nan,0.0,1
0x1a5c80,-nan,0.0,1
0x1a5d00,-nan,0.0,1
0x1a5d80,-nan,0.0,1
0x1a5e00,-nan,0.0,1
0x1a5e80,-nan,0.0,1
0x1a5f00,-nan,0.0,1
0x1a5f80,-nan,0.0,1
0x1a6000,-nan,0.0,1
0x1a6080,-nan,0.0,1
0x1a6100,-nan,0.0,1
0x1a6180,-nan,0.0,1
0x1a6200,-nan,0.0,1
0x1a6280,-nan,0.0,1
0x1a6300,-nan,0.0,1
0x1a6380,-nan,0.0,1
0x1a6400,-nan,0.0,1
0x1a6480,-nan,0.0,1
0x1a6500,-nan,0.0,1
0x1a6580,-nan,0.0,1
0x1a6600,-nan,0.0,1
0x1a6680,-nan,0.0,1
0x1a6700,-nan,0.0,1
0x1a6780,-nan,0.0,1
0x1a6800,-nan,0.0,1
0x1a6880,-nan,0.0,1
0x1a6900,-nan,0.0,1
0x1a6980,-nan,0.0,1
0x1a6a00,-nan,0.0,1
0x1a6a80,-nan,0.0,1
0x1a6b00,-nan,0.0,1
0x1a6b80,-nan,0.0,1
0x1a6c00,-nan,0.0,1
0x1a6c80,-nan,0.0,1
0x1a6d00,-nan,0.0,1
0x1a6d80,-nan,0.0,1
0x1a6e00,-nan,0.0,1
0x1a6e80,-nan,0.0,1
0x1a6f00,-nan,0.0,1
0x1a6f80,-nan,0.0,1
0x1a7000,-nan,0.0,1
0x1a7080,-nan,0.0,1
0x1a7100,-nan,0.0,1
0x1a7180,-nan,0.0,1
0x1a7200,-nan,0.0,1
0x1a7280,-nan,0.0,1
0x1a7300,-nan,0.0,1
0x1a7380,-nan,0.0,1
0x1a7400,-nan,0.0,1
0x1a7480,-nan,0.0,1
0x1a7500,-nan,0.0,1
0x1a7580,-nan,0.0,1
0x1a7600,-nan,0.0,1
0x1a7680,-nan,0.0,1
0x1a7700,-nan,0.0,1
0x1a7780,-nan,0.0,1
0x1a7800,-nan,0.0,1
0x1a7880,-nan,0.0,1
0x1a7900,-nan,0.0,1
0x1a7980,-nan,0.0,1
0x1a7a00,-nan,0.0,1
0x1a7a80,-nan,0.0,1
0x1a7b00,-nan,0.0,1
0x1a7b80,-nan,0.0,1
0x1a7c00,-nan,0.0,1
0x1a7c80,-nan,0.0,1
0x1a7d00,-nan,0.0,1
0x1a7d80,-nan,0.0,1
0x1a7e00,-nan,0.0,1
0x1a7e80,-nan,0.0,1
0x1a7f00,-nan,0.0,1
0x1a7f80,-nan,0.0,1
0x1a8000,-nan,0.0,1
0x1a8080,-nan,0.0,1
0x1a8100,-nan,0.0,1
0x1a8180,-nan,0.0,1
0x1a8200,-nan,0.0,1
0x1a8280,-nan,0.0,1
0x1a8300,-nan,0.0,1
0x1a8380,-nan,0.0,1
0x1a8400,-nan,0.0,1
0x1a8480,-nan,0.0,1
0x1a8500,-nan,0.0,1
0x1a8580,-nan,0.0,1
0x1a8600,-nan,0.0,1
0x1a8680,-nan,0.0,1
0x1a8700,-nan,0.0,1
0x1a8780,-nan,0.0,1
0x1a8800,-nan,0.0,1
0x1a8880,-nan,0.0,1
0x1a8900,-nan,0.0,1
0x1a8980,-nan,0.0,1
0x1a8a00,-nan,0.0,1
0x1a8a80,-nan,0.0,1
0x1a8b00,-nan,0.0,1
0x1a8b80,-nan,0.0,1
0x1a8c00,-nan,0.0,1
0x1a8c80,-nan,0.0,1
0x1a8d00,-nan,0.0,1
0x1a8d80,-nan,0.0,1
0x1a8e00,-nan,0.0,1
0x1a8e80,-nan,0.0,1
0x1a8f00,-nan,0.0,1
0x1a8f80,-nan,0.0,1
0x1a9000,-nan,0.0,1
0x1a9080,-nan,0.0,1
0x1a9100,-nan,0.0,1
0x1a9180,-nan,0.0,1
0x1a9200,-nan,0.0,1
0x1a9280,-nan,0.0,1
0x1a9300,-nan,0.0,1
0x1a9380,-nan,0.0,1
0x1a9400,-nan,0.0,1
0x1a9480,-nan,0.0,1
0x1a9500,-nan,0.0,1
0x1a9580,-nan,0.0,1
0x1a9600,-nan,0.0,1
0x1a9680,-nan,0.0,1
0x1a9700,-nan,0.0,1
0x1a9780,-nan,0.0,1
0x1a9800,-nan,0.0,1
0x1a9880,-nan,0.0,1
0x1a9900,-nan,0.0,1
0x1a9980,-nan,0.0,1
0x1a9a00,-nan,0.0,1
0x1a9a80,-nan,0.0,1
0x1a9b00,-nan,0.0,1
0x1a9b80,-nan,0.0,1
0x1a9c00,-nan,0.0,1
0x1a9c80,-nan,0.0,1
0x1a9d00,-nan,0.0,1
0x1a9d80,-nan,0.0,1
0x1a9e00,-nan,0.0,1
0x1a9e80,-nan,0.0,1
0x1a9f00,-nan,0.0,1
0x1a9f80,-nan,0.0,1
0x1aa000,-nan,0.0,1
0x1aa080,-nan,0.0,1
0x1aa100,-nan,0.0,1
0x1aa180,-nan,0.0,1
0x1aa200,-nan,0.0,1
0x1aa280,-nan,0.0,1
0x1aa300,-nan,0.0,1
0x1aa380,-nan,0.0,1
0x1aa400,-nan,0.0,1
0x1aa480,-nan,0.0,1
0x1aa500,-nan,0.0,1
0x1aa580,-nan,0.0,1
0x1aa600,-nan,0.0,1
0x1aa680,-nan,0.0,1
0x1aa700,-nan,0.0,1
0x1aa780,-nan,0.0,1
0x1aa800,-nan,0.0,1
0x1aa880,-nan,0.0,1
0x1aa900,-nan,0.0,1
0x1aa980,-nan,0.0,1
0x1aaa00,-nan,0.0,1
0x1aaa80,-nan,0.0,1
0x1aab00,-nan,0.0,1
0x1aab80,-nan,0.0,1
0x1aac00,-nan,0.0,1
0x1aac80,-nan,0.0,1
0x1aad00,-nan,0.0,1
0x1aad80,-nan,0.0,1
0x1aae00,-nan,0.0,1
0x1aae80,-nan,0.0,1
0x1aaf00,-nan,0.0,1
0x1aaf80,-nan,0.0,1
0x1ab000,-nan,0.0,1
0x1ab080,-nan,0.0,1
0x1ab100,-nan,0.0,1
0x1ab180,-nan,0.0,1
0x1ab200,-nan,0.0,1
0x1ab280,-nan,0.0,1
0x1ab300,-nan,0.0,1
0x1ab380,-nan,0.0,1
0x1ab400,-nan,0.0,1
0x1ab480,-nan,0.0,1
0x1ab500,-nan,0.0,1
0x1ab580,-nan,0.0,1
0x1ab600,-nan,0.0,1
0x1ab680,-nan,0.0,1
0x1ab700,-nan,0.0,1
0x1ab780,-nan,0.0,1
0x1ab800,-nan,0.0,1
0x1ab880,-nan,0.0,1
0x1ab900,-nan,0.0,1
0x1ab980,-nan,0.0,1
0x1aba00,-nan,0.0,1
0x1aba80,-nan,0.0,1
0x1abb00,-nan,0.0,1
0x1abb80,-nan,0.0,1
0x1abc00,-nan,0.0,1
0x1abc80,-nan,0.0,1
0x1abd00,-nan,0.0,1
0x1abd80,-nan,0.0,1
0x1abe00,-nan,0.0,1
0x1abe80,-nan,0.0,1
0x1abf00,-nan,0.0,1
0x1abf80,-nan,0.0,1
0x1ac000,-nan,0.0,1
0x1ac080,-nan,0.0,1
0x1ac100,-nan,0.0,1
0x1ac180,-nan,0.0,1
0x1ac200,-nan,0.0,1
0x1ac280,-nan,0.0,1
0x1ac300,-nan,0.0,1
0x1ac380,-nan,0.0,1
0x1ac400,-nan,0.0,1
0x1ac480,-nan,0.0,1
0x1ac500,-nan,0.0,1
0x1ac580,-nan,0.0,1
0x1ac600,-nan,0.0,1
0x1ac680,-nan,0.0,1
0x1ac700,-nan,0.0,1
0x1ac780,-nan,0.0,1
0x1ac800,-nan,0.0,1
0x1ac880,-nan,0.0,1
0x1ac900,-nan,0.0,1
0x1ac980,-nan,0.0,1
0x1aca00,-nan,0.0,1
0x1aca80,-nan,0.0,1
0x1acb00,-nan,0.0,1
0x1acb80,-nan,0.0,1
0x1acc00,-nan,0.0,1
0x1acc80,-nan,0.0,1
0x1acd00,-nan,0.0,1
0x1acd80,-nan,0.0,1
0x1ace00,-nan,0.0,1
0x1ace80,-nan,0.0,1
0x1acf00,-nan,0.0,1
0x1acf80,-nan,0.0,1
0x1ad000,-nan,0.0,1
0x1ad080,-nan,0.0,1
0x1ad100,-nan,0.0,1
0x1ad180,-nan,0.0,1
0x1ad200,-nan,0.0,1
0x1ad280,-nan,0.0,1
0x1ad300,-nan,0.0,1
0x1ad380,-nan,0.0,1
0x1ad400,-nan,0.0,1
0x1ad480,-nan,0.0,1
0x1ad500,-nan,0.0,1
0x1ad580,-nan,0.0,1
0x1ad600,-nan,0.0,1
0x1ad680,-nan,0.0,1
0x1ad700,-nan,0.0,1
0x1ad780,-nan,0.0,1
0x1ad800,-nan,0.0,1
0x1ad880,-nan,0.0,1
0x1ad900,-nan,0.0,1
0x1ad980,-nan,0.0,1
0x1ada00,-nan,0.0,1
0x1ada80,-nan,0.0,1
0x1adb00,-nan,0.0,1
0x1adb80,-nan,0.0,1
0x1adc00,-nan,0.0,1
0x1adc80,-nan,0.0,1
0x1add00,-nan,0.0,1
0x1add80,-nan,0.0,1
0x1ade00,-nan,0.0,1
0x1ade80,-nan,0.0,1
0x1adf00,-nan,0.0,1
0x1adf80,-nan,0.0,1
0x1ae000,-nan,0.0,1
0x1ae080,-nan,0.0,1
0x1ae100,-nan,0.0,1
0x1ae180,-nan,0.0,1
0x1ae200,-nan,0.0,1
0x1ae280,-nan,0.0,1
0x1ae300,-nan,0.0,1
0x1ae380,-nan,0.0,1
0x1ae400,-nan,0.0,1
0x1ae480,-nan,0.0,1
0x1ae500,-nan,0.0,1
0x1ae580,-nan,0.0,1
0x1ae600,-nan,0.0,1
0x1ae680,-nan,0.0,1
0x1ae700,-nan,0.0,1
0x1ae780,-nan,0.0,1
0x1ae800,-nan,0.0,1
0x1ae880,-nan,0.0,1
0x1ae900,-nan,0.0,1
0x1ae980,-nan,0.0,1
0x1aea00,-nan,0.0,1
0x1aea80,-nan,0.0,1
0x1aeb00,-nan,0.0,1
0x1aeb80,-nan,0.0,1
0x1aec00,-nan,0.0,1
0x1aec80,-nan,0.0,1
0x1aed00,-nan,0.0,1
0x1aed80,-nan,0.0,1
0x1aee00,-nan,0.0,1
0x1aee80,-nan,0.0,1
0x1aef00,-nan,0.0,1
0x1aef80,-nan,0.0,1
0x1af000,-nan,0.0,1
0x1af080,-nan,0.0,1
0x1af100,-nan,0.0,1
0x1af180,-nan,0.0,1
0x1af200,-nan,0.0,1
0x1af280,-nan,0.0,1
0x1af300,-nan,0.0,1
0x1af380,-nan,0.0,1
0x1af400,-nan,0.0,1
0x1af480,-nan,0.0,1
0x1af500,-nan,0.0,1
0x1af580,-nan,0.0,1
0x1af600,-nan,0.0,1
0x1af680,-nan,0.0,1
0x1af700,-nan,0.0,1
0x1af780,-nan,0.0,1
0x1af800,-nan,0.0,1
0x1af880,-nan,0.0,1
0x1af900,-nan,0.0,1
0x1af980,-nan,0.0,1
0x1afa00,-nan,0.0,1
0x1afa80,-nan,0.0,1
0x1afb00,-nan,0.0,1
0x1afb80,-nan,0.0,1
0x1afc00,-nan,0.0,1
0x1afc80,-nan,0.0,1
0x1afd00,-nan,0.0,1
0x1afd80,-nan,0.0,1
0x1afe00,-nan,0.0,1
0x1afe80,-nan,0.0,1
0x1aff00,-nan,0.0,1
0x1aff80,-nan,0.0,1
0x1b0000,-nan,0.0,1
0x1b0080,-nan,0.0,1
0x1b0100,-nan,0.0,1
0x1b0180,-nan,0.0,1
0x1b0200,-nan,0.0,1
0x1b0280,-nan,0.0,1
0x1b0300,-nan,0.0,1
0x1b0380,-nan,0.0,1
0x1b0400,-nan,0.0,1
0x1b0480,-nan,0.0,1
0x1b0500,-nan,0.0,1
0x1b0580,-nan,0.0,1
0x1b0600,-nan,0.0,1
0x1b0680,-nan,0.0,1
0x1b0700,-nan,0.0,1
0x1b0780,-nan,0.0,1
0x1b0800,-nan,0.0,1
0x1b0880,-nan,0.0,1
0x1b0900,-nan,0.0,1
0x1b0980,-nan,0.0,1
0x1b0a00,-nan,0.0,1
0x1b0a80,-nan,0.0,1
0x1b0b00,-nan,0.0,1
0x1b0b80,-nan,0.0,1
0x1b0c00,-nan,0.0,1
0x1b0c80,-nan,0.0,1
0x1b0d00,-nan,0.0,1
0x1b0d80,-nan,0.0,1
0x1b0e00,-nan,0.0,1
0x1b0e80,-nan,0.0,1
0x1b0f00,-nan,0.0,1
0x1b0f80,-nan,0.0,1
0x1b1000,-nan,0.0,1
0x1b1080,-nan,0.0,1
0x1b1100,-nan,0.0,1
0x1b1180,-nan,0.0,1
0x1b1200,-nan,0.0,1
0x1b1280,-nan,0.0,1
0x1b1300,-nan,0.0,1
0x1b1380,-nan,0.0,1
0x1b1400,-nan,0.0,1
0x1b1480,-nan,0.0,1
0x1b1500,-nan,0.0,1
0x1b1580,-nan,0.0,1
0x1b1600,-nan,0.0,1
0x1b1680,-nan,0.0,1
0x1b1700,-nan,0.0,1
0x1b1780,-nan,0.0,1
0x1b1800,-nan,0.0,1
0x1b1880,-nan,0.0,1
0x1b1900,-nan,0.0,1
0x1b1980,-nan,0.0,1
0x1b1a00,-nan,0.0,1
0x1b1a80,-nan,0.0,1
0x1b1b00,-nan,0.0,1
0x1b1b80,-nan,0.0,1
0x1b1c00,-nan,0.0,1
0x1b1c80,-nan,0.0,1
0x1b1d00,-nan,0.0,1
0x1b1d80,-nan,0.0,1
0x1b1e00,-nan,0.0,1
0x1b1e80,-nan,0.0,1
0x1b1f00,-nan,0.0,1
0x1b1f80,-nan,0.0,1
0x1b2000,-nan,0.0,1
0x1b2080,-nan,0.0,1
0x1b2100,-nan,0.0,1
0x1b2180,-nan,0.0,1
0x1b2200,-nan,0.0,1
0x1b2280,-nan,0.0,1
0x1b2300,-nan,0.0,1
0x1b2380,-nan,0.0,1
0x1b2400,-nan,0.0,1
0x1b2480,-nan,0.0,1
0x1b2500,-nan,0.0,1
0x1b2580,-nan,0.0,1
0x1b2600,-nan,0.0,1
0x1b2680,-nan,0.0,1
0x1b2700,-nan,0.0,1
0x1b2780,-nan,0.0,1
0x1b2800,-nan,0.0,1
0x1b2880,-nan,0.0,1
0x1b2900,-nan,0.0,1
0x1b2980,-nan,0.0,1
0x1b2a00,-nan,0.0,1
0x1b2a80,-nan,0.0,1
0x1b2b00,-nan,0.0,1
0x1b2b80,-nan,0.0,1
0x1b2c00,-nan,0.0,1
0x1b2c80,-nan,0.0,1
0x1b2d00,-nan,0.0,1
0x1b2d80,-nan,0.0,1
0x1b2e00,-nan,0.0,1
0x1b2e80,-nan,0.0,1
0x1b2f00,-nan,0.0,1
0x1b2f80,-nan,0.0,1
0x1b3000,-nan,0.0,1
0x1b3080,-nan,0.0,1
0x1b3100,-nan,0.0,1
0x1b3180,-nan,0.0,1
0x1b3200,-nan,0.0,1
0x1b3280,-nan,0.0,1
0x1b3300,-nan,0.0,1
0x1b3380,-nan,0.0,1
0x1b3400,-nan,0.0,1
0x1b3480,-nan,0.0,1
0x1b3500,-nan,0.0,1
0x1b3580,-nan,0.0,1
0x1b3600,-nan,0.0,1
0x1b3680,-nan,0.0,1
0x1b3700,-nan,0.0,1
0x1b3780,-nan,0.0,1
0x1b3800,-nan,0.0,1
0x1b3880,-nan,0.0,1
0x1b3900,-nan,0.0,1
0x1b3980,-nan,0.0,1
0x1b3a00,-nan,0.0,1
0x1b3a80,-nan,0.0,1
0x1b3b00,-nan,0.0,1
0x1b3b80,-nan,0.0,1
0x1b3c00,-nan,0.0,1
0x1b3c80,-nan,0.0,1
0x1b3d00,-nan,0.0,1
0x1b3d80,-nan,0.0,1
0x1b3e00,-nan,0.0,1
0x1b3e80,-nan,0.0,1
0x1b3f00,-nan,0.0,1
0x1b3f80,-nan,0.0,1
0x1b4000,-nan,0.0,1
0x1b4080,-nan,0.0,1
0x1b4100,-nan,0.0,1
0x1b4180,-nan,0.0,1
0x1b4200,-nan,0.0,1
0x1b4280,-nan,0.0,1
0x1b4300,-nan,0.0,1
0x1b4380,-nan,0.0,1
0x1b4400,-nan,0.0,1
0x1b4480,-nan,0.0,1
0x1b4500,-nan,0.0,1
0x1b4580,-nan,0.0,1
0x1b4600,-nan,0.0,1
0x1b4680,-nan,0.0,1
0x1b4700,-nan,0.0,1
0x1b4780,-nan,0.0,1
0x1b4800,-nan,0.0,1
0x1b4880,-nan,0.0,1
0x1b4900,-nan,0.0,1
0x1b4980,-nan,0.0,1
0x1b4a00,-nan,0.0,1
0x1b4a80,-nan,0.0,1
0x1b4b00,-nan,0.0,1
0x1b4b80,-nan,0.0,1
0x1b4c00,-nan,0.0,1
0x1b4c80,-nan,0.0,1
0x1b4d00,-nan,0.0,1
0x1b4d80,-nan,0.0,1
0x1b4e00,-nan,0.0,1
0x1b4e80,-nan,0.0,1
0x1b4f00,-nan,0.0,1
0x1b4f80,-nan,0.0,1
0x1b5000,-nan,0.0,1
0x1b5080,-nan,0.0,1
0x1b5100,-nan,0.0,1
0x1b5180,-nan,0.0,1
0x1b5200,-nan,0.0,1
0x1b5280,-nan,0.0,1
0x1b5300,-nan,0.0,1
0x1b5380,-nan,0.0,1
0x1b5400,-nan,0.0,1
0x1b5480,-nan,0.0,1
0x1b5500,-nan,0.0,1
0x1b5580,-nan,0.0,1
0x1b5600,-nan,0.0,1
0x1b5680,-nan,0.0,1
0x1b5700,-nan,0.0,1
0x1b5780,-nan,0.0,1
0x1b5800,-nan,0.0,1
0x1b5880,-nan,0.0,1
0x1b5900,-nan,0.0,1
0x1b5980,-nan,0.0,1
0x1b5a00,-nan,0.0,1
0x1b5a80,-nan,0.0,1
0x1b5b00,-nan,0.0,1
0x1b5b80,-nan,0.0,1
0x1b5c00,-nan,0.0,1
0x1b5c80,-nan,0.0,1
0x1b5d00,-nan,0.0,1
0x1b5d80,-nan,0.0,1
0x1b5e00,-nan,0.0,1
0x1b5e80,-nan,0.0,1
0x1b5f00,-nan,0.0,1
0x1b5f80,-nan,0.0,1
0x1b6000,-nan,0.0,1
0x1b6080,-nan,0.0,1
0x1b6100,-nan,0.0,1
0x1b6180,-nan,0.0,1
0x1b6200,-nan,0.0,1
0x1b6280,-nan,0.0,1
0x1b6300,-nan,0.0,1
0x1b6380,-nan,0.0,1
0x1b6400,-nan,0.0,1
0x1b6480,-nan,0.0,1
0x1b6500,-nan,0.0,1
0x1b6580,-nan,0.0,1
0x1b6600,-nan,0.0,1
0x1b6680,-nan,0.0,1
0x1b6700,-nan,0.0,1
0x1b6780,-nan,0.0,1
0x1b6800,-nan,0.0,1
0x1b6880,-nan,0.0,1
0x1b6900,-nan,0.0,1
0x1b6980,-nan,0.0,1
0x1b6a00,-nan,0.0,1
0x1b6a80,-nan,0.0,1
0x1b6b00,-nan,0.0,1
0x1b6b80,-nan,0.0,1
0x1b6c00,-nan,0.0,1
0x1b6c80,-nan,0.0,1
0x1b6d00,-nan,0.0,1
0x1b6d80,-nan,0.0,1
0x1b6e00,-nan,0.0,1
0x1b6e80,-nan,0.0,1
0x1b6f00,-nan,0.0,1
0x1b6f80,-nan,0.0,1
0x1b7000,-nan,0.0,1
0x1b7080,-nan,0.0,1
0x1b7100,-nan,0.0,1
0x1b7180,-nan,0.0,1
0x1b7200,-nan,0.0,1
0x1b7280,-nan,0.0,1
0x1b7300,-nan,0.0,1
0x1b7380,-nan,0.0,1
0x1b7400,-nan,0.0,1
0x1b7480,-nan,0.0,1
0x1b7500,-nan,0.0,1
0x1b7580,-nan,0.0,1
0x1b7600,-nan,0.0,1
0x1b7680,-nan,0.0,1
0x1b7700,-nan,0.0,1
0x1b7780,-nan,0.0,1
0x1b7800,-nan,0.0,1
0x1b7880,-nan,0.0,1
0x1b7900,-nan,0.0,1
0x1b7980,-nan,0.0,1
0x1b7a00,-nan,0.0,1
0x1b7a80,-nan,0.0,1
0x1b7b00,-nan,0.0,1
0x1b7b80,-nan,0.0,1
0x1b7c00,-nan,0.0,1
0x1b7c80,-nan,0.0,1
0x1b7d00,-nan,0.0,1
0x1b7d80,-nan,0.0,1
0x1b7e00,-nan,0.0,1
0x1b7e80,-nan,0.0,1
0x1b7f00,-nan,0.0,1
0x1b7f80,-nan,0.0,1
0x1b8000,-nan,0.0,1
0x1b8080,-nan,0.0,1
0x1b8100,-nan,0.0,1
0x1b8180,-nan,0.0,1
0x1b8200,-nan,0.0,1
0x1b8280,-nan,0.0,1
0x1b8300,-nan,0.0,1
0x1b8380,-nan,0.0,1
0x1b8400,-nan,0.0,1
0x1b8480,-nan,0.0,1
0x1b8500,-nan,0.0,1
0x1b8580,-nan,0.0,1
0x1b8600,-nan,0.0,1
0x1b8680,-nan,0.0,1
0x1b8700,-nan,0.0,1
0x1b8780,-nan,0.0,1
0x1b8800,-nan,0.0,1
0x1b8880,-nan,0.0,1
0x1b8900,-nan,0.0,1
0x1b8980,-nan,0.0,1
0x1b8a00,-nan,0.0,1
0x1b8a80,-nan,0.0,1
0x1b8b00,-nan,0.0,1
0x1b8b80,-nan,0.0,1
0x1b8c00,-nan,0.0,1
0x1b8c80,-nan,0.0,1
0x1b8d00,-nan,0.0,1
0x1b8d80,-nan,0.0,1
0x1b8e00,-nan,0.0,1
0x1b8e80,-nan,0.0,1
0x1b8f00,-nan,0.0,1
0x1b8f80,-nan,0.0,1
0x1b9000,-nan,0.0,1
0x1b9080,-nan,0.0,1
0x1b9100,-nan,0.0,1
0x1b9180,-nan,0.0,1
0x1b9200,-nan,0.0,1
0x1b9280,-nan,0.0,1
0x1b9300,-nan,0.0,1
0x1b9380,-nan,0.0,1
0x1b9400,-nan,0.0,1
0x1b9480,-nan,0.0,1
0x1b9500,-nan,0.0,1
0x1b9580,-nan,0.0,1
0x1b9600,-nan,0.0,1
0x1b9680,-nan,0.0,1
0x1b9700,-nan,0.0,1
0x1b9780,-nan,0.0,1
0x1b9800,-nan,0.0,1
0x1b9880,-nan,0.0,1
0x1b9900,-nan,0.0,1
0x1b9980,-nan,0.0,1
0x1b9a00,-nan,0.0,1
0x1b9a80,-nan,0.0,1
0x1b9b00,-nan,0.0,1
0x1b9b80,-nan,0.0,1
0x1b9c00,-nan,0.0,1
0x1b9c80,-nan,0.0,1
0x1b9d00,-nan,0.0,1
0x1b9d80,-nan,0.0,1
0x1b9e00,-nan,0.0,1
0x1b9e80,-nan,0.0,1
0x1b9f00,-nan,0.0,1
0x1b9f80,-nan,0.0,1
0x1ba000,-nan,0.0,1
0x1ba080,-nan,0.0,1
0x1ba100,-nan,0.0,1
0x1ba180,-nan,0.0,1
0x1ba200,-nan,0.0,1
0x1ba280,-nan,0.0,1
0x1ba300,-nan,0.0,1
0x1ba380,-nan,0.0,1
0x1ba400,-nan,0.0,1
0x1ba480,-nan,0.0,1
0x1ba500,-nan,0.0,1
0x1ba580,-nan,0.0,1
0x1ba600,-nan,0.0,1
0x1ba680,-nan,0.0,1
0x1ba700,-nan,0.0,1
0x1ba780,-nan,0.0,1
0x1ba800,-nan,0.0,1
0x1ba880,-nan,0.0,1
0x1ba900,-nan,0.0,1
0x1ba980,-nan,0.0,1
0x1baa00,-nan,0.0,1
0x1baa80,-nan,0.0,1
0x1bab00,-nan,0.0,1
0x1bab80,-nan,0.0,1
0x1bac00,-nan,0.0,1
0x1bac80,-nan,0.0,1
0x1bad00,-nan,0.0,1
0x1bad80,-nan,0.0,1
0x1bae00,-nan,0.0,1
0x1bae80,-nan,0.0,1
0x1baf00,-nan,0.0,1
0x1baf80,-nan,0.0,1
0x1bb000,-nan,0.0,1
0x1bb080,-nan,0.0,1
0x1bb100,-nan,0.0,1
0x1bb180,-nan,0.0,1
0x1bb200,-nan,0.0,1
0x1bb280,-nan,0.0,1
0x1bb300,-nan,0.0,1
0x1bb380,-nan,0.0,1
0x1bb400,-nan,0.0,1
0x1bb480,-nan,0.0,1
0x1bb500,-nan,0.0,1
0x1bb580,-nan,0.0,1
0x1bb600,-nan,0.0,1
0x1bb680,-nan,0.0,1
0x1bb700,-nan,0.0,1
0x1bb780,-nan,0.0,1
0x1bb800,-nan,0.0,1
0x1bb880,-nan,0.0,1
0x1bb900,-nan,0.0,1
0x1bb980,-nan,0.0,1
0x1bba00,-nan,0.0,1
0x1bba80,-nan,0.0,1
0x1bbb00,-nan,0.0,1
0x1bbb80,-nan,0.0,1
0x1bbc00,-nan,0.0,1
0x1bbc80,-nan,0.0,1
0x1bbd00,-nan,0.0,1
0x1bbd80,-nan,0.0,1
0x1bbe00,-nan,0.0,1
0x1bbe80,-nan,0.0,1
0x1bbf00,-nan,0.0,1
0x1bbf80,-nan,0.0,1
0x1bc000,-nan,0.0,1
0x1bc080,-nan,0.0,1
0x1bc100,-nan,0.0,1
0x1bc180,-nan,0.0,1
0x1bc200,-nan,0.0,1
0x1bc280,-nan,0.0,1
0x1bc300,-nan,0.0,1
0x1bc380,-nan,0.0,1
0x1bc400,-nan,0.0,1
0x1bc480,-nan,0.0,1
0x1bc500,-nan,0.0,1
0x1bc580,-nan,0.0,1
0x1bc600,-nan,0.0,1
0x1bc680,-nan,0.0,1
0x1bc700,-nan,0.0,1
0x1bc780,-nan,0.0,1
0x1bc800,-nan,0.0,1
0x1bc880,-nan,0.0,1
0x1bc900,-nan,0.0,1
0x1bc980,-nan,0.0,1
0x1bca00,-nan,0.0,1
0x1bca80,-nan,0.0,1
0x1bcb00,-nan,0.0,1
0x1bcb80,-nan,0.0,1
0x1bcc00,-nan,0.0,1
0x1bcc80,-nan,0.0,1
0x1bcd00,-nan,0.0,1
0x1bcd80,-nan,0.0,1
0x1bce00,-nan,0.0,1
0x1bce80,-nan,0.0,1
0x1bcf00,-nan,0.0,1
0x1bcf80,-nan,0.0,1
0x1bd000,-nan,0.0,1
0x1bd080,-nan,0.0,1
0x1bd100,-nan,0.0,1
0x1bd180,-nan,0.0,1
0x1bd200,-nan,0.0,1
0x1bd280,-nan,0.0,1
0x1bd300,-nan,0.0,1
0x1bd380,-nan,0.0,1
0x1bd400,-nan,0.0,1
0x1bd480,-nan,0.0,1
0x1bd500,-nan,0.0,1
0x1bd580,-nan,0.0,1
0x1bd600,-nan,0.0,1
0x1bd680,-nan,0.0,1
0x1bd700,-nan,0.0,1
0x1bd780,-nan,0.0,1
0x1bd800,-nan,0.0,1
0x1bd880,-nan,0.0,1
0x1bd900,-nan,0.0,1
0x1bd980,-nan,0.0,1
0x1bda00,-nan,0.0,1
0x1bda80,-nan,0.0,1
0x1bdb00,-nan,0.0,1
0x1bdb80,-nan,0.0,1
0x1bdc00,-nan,0.0,1
0x1bdc80,-nan,0.0,1
0x1bdd00,-nan,0.0,1
0x1bdd80,-nan,0.0,1
0x1bde00,-nan,0.0,1
0x1bde80,-nan,0.0,1
0x1bdf00,-nan,0.0,1
0x1bdf80,-nan,0.0,1
0x1be000,-nan,0.0,1
0x1be080,-nan,0.0,1
0x1be100,-nan,0.0,1
0x1be180,-nan,0.0,1
0x1be200,-nan,0.0,1
0x1be280,-nan,0.0,1
0x1be300,-nan,0.0,1
0x1be380,-nan,0.0,1
0x1be400,-nan,0.0,1
0x1be480,-nan,0.0,1
0x1be500,-nan,0.0,1
0x1be580,-nan,0.0,1
0x1be600,-nan,0.0,1
0x1be680,-nan,0.0,1
0x1be700,-nan,0.0,1
0x1be780,-nan,0.0,1
0x1be800,-nan,0.0,1
0x1be880,-nan,0.0,1
0x1be900,-nan,0.0,1
0x1be980,-nan,0.0,1
0x1bea00,-nan,0.0,1
0x1bea80,-nan,0.0,1
0x1beb00,-nan,0.0,1
0x1beb80,-nan,0.0,1
0x1bec00,-nan,0.0,1
0x1bec80,-nan,0.0,1
0x1bed00,-nan,0.0,1
0x1bed80,-nan,0.0,1
0x1bee00,-nan,0.0,1
0x1bee80,-nan,0.0,1
0x1bef00,-nan,0.0,1
0x1bef80,-nan,0.0,1
0x1bf000,-nan,0.0,1
0x1bf080,-nan,0.0,1
0x1bf100,-nan,0.0,1
0x1bf180,-nan,0.0,1
0x1bf200,-nan,0.0,1
0x1bf280,-nan,0.0,1
0x1bf300,-nan,0.0,1
0x1bf380,-nan,0.0,1
0x1bf400,-nan,0.0,1
0x1bf480,-nan,0.0,1
0x1bf500,-nan,0.0,1
0x1bf580,-nan,0.0,1
0x1bf600,-nan,0.0,1
0x1bf680,-nan,0.0,1
0x1bf700,-nan,0.0,1
0x1bf780,-nan,0.0,1
0x1bf800,-nan,0.0,1
0x1bf880,-nan,0.0,1
0x1bf900,-nan,0.0,1
0x1bf980,-nan,0.0,1
0x1bfa00,-nan,0.0,1
0x1bfa80,-nan,0.0,1
0x1bfb00,-nan,0.0,1
0x1bfb80,-nan,0.0,1
0x1bfc00,-nan,0.0,1
0x1bfc80,-nan,0.0,1
0x1bfd00,-nan,0.0,1
0x1bfd80,-nan,0.0,1
0x1bfe00,-nan,0.0,1
0x1bfe80,-nan,0.0,1
0x1bff00,-nan,0.0,1
0x1bff80,-nan,0.0,1
0x1c0000,-nan,0.0,1
0x1c0080,-nan,0.0,1
0x1c0100,-nan,0.0,1
0x1c0180,-nan,0.0,1
0x1c0200,-nan,0.0,1
0x1c0280,-nan,0.0,1
0x1c0300,-nan,0.0,1
0x1c0380,-nan,0.0,1
0x1c0400,-nan,0.0,1
0x1c0480,-nan,0.0,1
0x1c0500,-nan,0.0,1
0x1c0580,-nan,0.0,1
0x1c0600,-nan,0.0,1
0x1c0680,-nan,0.0,1
0x1c0700,-nan,0.0,1
0x1c0780,-nan,0.0,1
0x1c0800,-nan,0.0,1
0x1c0880,-nan,0.0,1
0x1c0900,-nan,0.0,1
0x1c0980,-nan,0.0,1
0x1c0a00,-nan,0.0,1
0x1c0a80,-nan,0.0,1
0x1c0b00,-nan,0.0,1
0x1c0b80,-nan,0.0,1
0x1c0c00,-nan,0.0,1
0x1c0c80,-nan,0.0,1
0x1c0d00,-nan,0.0,1
0x1c0d80,-nan,0.0,1
0x1c0e00,-nan,0.0,1
0x1c0e80,-nan,0.0,1
0x1c0f00,-nan,0.0,1
0x1c0f80,-nan,0.0,1
0x1c1000,-nan,0.0,1
0x1c1080,-nan,0.0,1
0x1c1100,-nan,0.0,1
0x1c1180,-nan,0.0,1
0x1c1200,-nan,0.0,1
0x1c1280,-nan,0.0,1
0x1c1300,-nan,0.0,1
0x1c1380,-nan,0.0,1
0x1c1400,-nan,0.0,1
0x1c1480,-nan,0.0,1
0x1c1500,-nan,0.0,1
0x1c1580,-nan,0.0,1
0x1c1600,-nan,0.0,1
0x1c1680,-nan,0.0,1
0x1c1700,-nan,0.0,1
0x1c1780,-nan,0.0,1
0x1c1800,-nan,0.0,1
0x1c1880,-nan,0.0,1
0x1c1900,-nan,0.0,1
0x1c1980,-nan,0.0,1
0x1c1a00,-nan,0.0,1
0x1c1a80,-nan,0.0,1
0x1c1b00,-nan,0.0,1
0x1c1b80,-nan,0.0,1
0x1c1c00,-nan,0.0,1
0x1c1c80,-nan,0.0,1
0x1c1d00,-nan,0.0,1
0x1c1d80,-nan,0.0,1
0x1c1e00,-nan,0.0,1
0x1c1e80,-nan,0.0,1
0x1c1f00,-nan,0.0,1
0x1c1f80,-nan,0.0,1
0x1c2000,-nan,0.0,1
0x1c2080,-nan,0.0,1
0x1c2100,-nan,0.0,1
0x1c2180,-nan,0.0,1
0x1c2200,-nan,0.0,1
0x1c2280,-nan,0.0,1
0x1c2300,-nan,0.0,1
0x1c2380,-nan,0.0,1
0x1c2400,-nan,0.0,1
0x1c2480,-nan,0.0,1
0x1c2500,-nan,0.0,1
0x1c2580,-nan,0.0,1
0x1c2600,-nan,0.0,1
0x1c2680,-nan,0.0,1
0x1c2700,-nan,0.0,1
0x1c2780,-nan,0.0,1
0x1c2800,-nan,0.0,1
0x1c2880,-nan,0.0,1
0x1c2900,-nan,0.0,1
0x1c2980,-nan,0.0,1
0x1c2a00,-nan,0.0,1
0x1c2a80,-nan,0.0,1
0x1c2b00,-nan,0.0,1
0x1c2b80,-nan,0.0,1
0x1c2c00,-nan,0.0,1
0x1c2c80,-nan,0.0,1
0x1c2d00,-nan,0.0,1
0x1c2d80,-nan,0.0,1
0x1c2e00,-nan,0.0,1
0x1c2e80,-nan,0.0,1
0x1c2f00,-nan,0.0,1
0x1c2f80,-nan,0.0,1
0x1c3000,-nan,0.0,1
0x1c3080,-nan,0.0,1
0x1c3100,-nan,0.0,1
0x1c3180,-nan,0.0,1
0x1c3200,-nan,0.0,1
0x1c3280,-nan,0.0,1
0x1c3300,-nan,0.0,1
0x1c3380,-nan,0.0,1
0x1c3400,-nan,0.0,1
0x1c3480,-nan,0.0,1
0x1c3500,-nan,0.0,1
0x1c3580,-nan,0.0,1
0x1c3600,-nan,0.0,1
0x1c3680,-nan,0.0,1
0x1c3700,-nan,0.0,1
0x1c3780,-nan,0.0,1
0x1c3800,-nan,0.0,1
0x1c3880,-nan,0.0,1
0x1c3900,-nan,0.0,1
0x1c3980,-nan,0.0,1
0x1c3a00,-nan,0.0,1
0x1c3a80,-nan,0.0,1
0x1c3b00,-nan,0.0,1
0x1c3b80,-nan,0.0,1
0x1c3c00,-nan,0.0,1
0x1c3c80,-nan,0.0,1
0x1c3d00,-nan,0.0,1
0x1c3d80,-nan,0.0,1
0x1c3e00,-nan,0.0,1
0x1c3e80,-nan,0.0,1
0x1c3f00,-nan,0.0,1
0x1c3f80,-nan,0.0,1
0x1c4000,-nan,0.0,1
0x1c4080,-nan,0.0,1
0x1c4100,-nan,0.0,1
0x1c4180,-nan,0.0,1
0x1c4200,-nan,0.0,1
0x1c4280,-nan,0.0,1
0x1c4300,-nan,0.0,1
0x1c4380,-nan,0.0,1
0x1c4400,-nan,0.0,1
0x1c4480,-nan,0.0,1
0x1c4500,-nan,0.0,1
0x1c4580,-nan,0.0,1
0x1c4600,-nan,0.0,1
0x1c4680,-nan,0.0,1
0x1c4700,-nan,0.0,1
0x1c4780,-nan,0.0,1
0x1c4800,-nan,0.0,1
0x1c4880,-nan,0.0,1
0x1c4900,-nan,0.0,1
0x1c4980,-nan,0.0,1
0x1c4a00,-nan,0.0,1
0x1c4a80,-nan,0.0,1
0x1c4b00,-nan,0.0,1
0x1c4b80,-nan,0.0,1
0x1c4c00,-nan,0.0,1
0x1c4c80,-nan,0.0,1
0x1c4d00,-nan,0.0,1
0x1c4d80,-nan,0.0,1
0x1c4e00,-nan,0.0,1
0x1c4e80,-nan,0.0,1
0x1c4f00,-nan,0.0,1
0x1c4f80,-nan,0.0,1
0x1c5000,-nan,0.0,1
0x1c5080,-nan,0.0,1
0x1c5100,-nan,0.0,1
0x1c5180,-nan,0.0,1
0x1c5200,-nan,0.0,1
0x1c5280,-nan,0.0,1
0x1c5300,-nan,0.0,1
0x1c5380,-nan,0.0,1
0x1c5400,-nan,0.0,1
0x1c5480,-nan,0.0,1
0x1c5500,-nan,0.0,1
0x1c5580,-nan,0.0,1
0x1c5600,-nan,0.0,1
0x1c5680,-nan,0.0,1
0x1c5700,-nan,0.0,1
0x1c5780,-nan,0.0,1
0x1c5800,-nan,0.0,1
0x1c5880,-nan,0.0,1
0x1c5900,-nan,0.0,1
0x1c5980,-nan,0.0,1
0x1c5a00,-nan,0.0,1
0x1c5a80,-nan,0.0,1
0x1c5b00,-nan,0.0,1
0x1c5b80,-nan,0.0,1
0x1c5c00,-nan,0.0,1
0x1c5c80,-nan,0.0,1
0x1c5d00,-nan,0.0,1
0x1c5d80,-nan,0.0,1
0x1c5e00,-nan,0.0,1
0x1c5e80,-nan,0.0,1
0x1c5f00,-nan,0.0,1
0x1c5f80,-nan,0.0,1
0x1c6000,-nan,0.0,1
0x1c6080,-nan,0.0,1
0x1c6100,-nan,0.0,1
0x1c6180,-nan,0.0,1
0x1c6200,-nan,0.0,1
0x1c6280,-nan,0.0,1
0x1c6300,-nan,0.0,1
0x1c6380,-nan,0.0,1
0x1c6400,-nan,0.0,1
0x1c6480,-nan,0.0,1
0x1c6500,-nan,0.0,1
0x1c6580,-nan,0.0,1
0x1c6600,-nan,0.0,1
0x1c6680,-nan,0.0,1
0x1c6700,-nan,0.0,1
0x1c6780,-nan,0.0,1
0x1c6800,-nan,0.0,1
0x1c6880,-nan,0.0,1
0x1c6900,-nan,0.0,1
0x1c6980,-nan,0.0,1
0x1c6a00,-nan,0.0,1
0x1c6a80,-nan,0.0,1
0x1c6b00,-nan,0.0,1
0x1c6b80,-nan,0.0,1
0x1c6c00,-nan,0.0,1
0x1c6c80,-nan,0.0,1
0x1c6d00,-nan,0.0,1
0x1c6d80,-nan,0.0,1
0x1c6e00,-nan,0.0,1
0x1c6e80,-nan,0.0,1
0x1c6f00,-nan,0.0,1
0x1c6f80,-nan,0.0,1
0x1c7000,-nan,0.0,1
0x1c7080,-nan,0.0,1
0x1c7100,-nan,0.0,1
0x1c7180,-nan,0.0,1
0x1c7200,-nan,0.0,1
0x1c7280,-nan,0.0,1
0x1c7300,-nan,0.0,1
0x1c7380,-nan,0.0,1
0x1c7400,-nan,0.0,1
0x1c7480,-nan,0.0,1
0x1c7500,-nan,0.0,1
0x1c7580,-nan,0.0,1
0x1c7600,-nan,0.0,1
0x1c7680,-nan,0.0,1
0x1c7700,-nan,0.0,1
0x1c7780,-nan,0.0,1
0x1c7800,-nan,0.0,1
0x1c7880,-nan,0.0,1
0x1c7900,-nan,0.0,1
0x1c7980,-nan,0.0,1
0x1c7a00,-nan,0.0,1
0x1c7a80,-nan,0.0,1
0x1c7b00,-nan,0.0,1
0x1c7b80,-nan,0.0,1
0x1c7c00,-nan,0.0,1
0x1c7c80,-nan,0.0,1
0x1c7d00,-nan,0.0,1
0x1c7d80,-nan,0.0,1
0x1c7e00,-nan,0.0,1
0x1c7e80,-nan,0.0,1
0x1c7f00,-nan,0.0,1
0x1c7f80,-nan,0.0,1
0x1c8000,-nan,0.0,1
0x1c8080,-nan,0.0,1
0x1c8100,-nan,0.0,1
0x1c8180,-nan,0.0,1
0x1c8200,-nan,0.0,1
0x1c8280,-nan,0.0,1
0x1c8300,-nan,0.0,1
0x1c8380,-nan,0.0,1
0x1c8400,-nan,0.0,1
0x1c8480,-nan,0.0,1
0x1c8500,-nan,0.0,1
0x1c8580,-nan,0.0,1
0x1c8600,-nan,0.0,1
0x1c8680,-nan,0.0,1
0x1c8700,-nan,0.0,1
0x1c8780,-nan,0.0,1
0x1c8800,-nan,0.0,1
0x1c8880,-nan,0.0,1
0x1c8900,-nan,0.0,1
0x1c8980,-nan,0.0,1
0x1c8a00,-nan,0.0,1
0x1c8a80,-nan,0.0,1
0x1c8b00,-nan,0.0,1
0x1c8b80,-nan,0.0,1
0x1c8c00,-nan,0.0,1
0x1c8c80,-nan,0.0,1
0x1c8d00,-nan,0.0,1
0x1c8d80,-nan,0.0,1
0x1c8e00,-nan,0.0,1
0x1c8e80,-nan,0.0,1
0x1c8f00,-nan,0.0,1
0x1c8f80,-nan,0.0,1
0x1c9000,-nan,0.0,1
0x1c9080,-nan,0.0,1
0x1c9100,-nan,0.0,1
0x1c9180,-nan,0.0,1
0x1c9200,-nan,0.0,1
0x1c9280,-nan,0.0,1
0x1c9300,-nan,0.0,1
0x1c9380,-nan,0.0,1
0x1c9400,-nan,0.0,1
0x1c9480,-nan,0.0,1
0x1c9500,-nan,0.0,1
0x1c9580,-nan,0.0,1
0x1c9600,-nan,0.0,1
0x1c9680,-nan,0.0,1
0x1c9700,-nan,0.0,1
0x1c9780,-nan,0.0,1
0x1c9800,-nan,0.0,1
0x1c9880,-nan,0.0,1
0x1c9900,-nan,0.0,1
0x1c9980,-nan,0.0,1
0x1c9a00,-nan,0.0,1
0x1c9a80,-nan,0.0,1
0x1c9b00,-nan,0.0,1
0x1c9b80,-nan,0.0,1
0x1c9c00,-nan,0.0,1
0x1c9c80,-nan,0.0,1
0x1c9d00,-nan,0.0,1
0x1c9d80,-nan,0.0,1
0x1c9e00,-nan,0.0,1
0x1c9e80,-nan,0.0,1
0x1c9f00,-nan,0.0,1
0x1c9f80,-nan,0.0,1
0x1ca000,-nan,0.0,1
0x1ca080,-nan,0.0,1
0x1ca100,-nan,0.0,1
0x1ca180,-nan,0.0,1
0x1ca200,-nan,0.0,1
0x1ca280,-nan,0.0,1
0x1ca300,-nan,0.0,1
0x1ca380,-nan,0.0,1
0x1ca400,-nan,0.0,1
0x1ca480,-nan,0.0,1
0x1ca500,-nan,0.0,1
0x1ca580,-nan,0.0,1
0x1ca600,-nan,0.0,1
0x1ca680,-nan,0.0,1
0x1ca700,-nan,0.0,1
0x1ca780,-nan,0.0,1
0x1ca800,-nan,0.0,1
0x1ca880,-nan,0.0,1
0x1ca900,-nan,0.0,1
0x1ca980,-nan,0.0,1
0x1caa00,-nan,0.0,1
0x1caa80,-nan,0.0,1
0x1cab00,-nan,0.0,1
0x1cab80,-nan,0.0,1
0x1cac00,-nan,0.0,1
0x1cac80,-nan,0.0,1
0x1cad00,-nan,0.0,1
0x1cad80,-nan,0.0,1
0x1cae00,-nan,0.0,1
0x1cae80,-nan,0.0,1
0x1caf00,-nan,0.0,1
0x1caf80,-nan,0.0,1
0x1cb000,-nan,0.0,1
0x1cb080,-nan,0.0,1
0x1cb100,-nan,0.0,1
0x1cb180,-nan,0.0,1
0x1cb200,-nan,0.0,1
0x1cb280,-nan,0.0,1
0x1cb300,-nan,0.0,1
0x1cb380,-nan,0.0,1
0x1cb400,-nan,0.0,1
0x1cb480,-nan,0.0,1
0x1cb500,-nan,0.0,1
0x1cb580,-nan,0.0,1
0x1cb600,-nan,0.0,1
0x1cb680,-nan,0.0,1
0x1cb700,-nan,0.0,1
0x1cb780,-nan,0.0,1
0x1cb800,-nan,0.0,1
0x1cb880,-nan,0.0,1
0x1cb900,-nan,0.0,1
0x1cb980,-nan,0.0,1
0x1cba00,-nan,0.0,1
0x1cba80,-nan,0.0,1
0x1cbb00,-nan,0.0,1
0x1cbb80,-nan,0.0,1
0x1cbc00,-nan,0.0,1
0x1cbc80,-nan,0.0,1
0x1cbd00,-nan,0.0,1
0x1cbd80,-nan,0.0,1
0x1cbe00,-nan,0.0,1
0x1cbe80,-nan,0.0,1
0x1cbf00,-nan,0.0,1
0x1cbf80,-nan,0.0,1
0x1cc000,-nan,0.0,1
0x1cc080,-nan,0.0,1
0x1cc100,-nan,0.0,1
0x1cc180,-nan,0.0,1
0x1cc200,-nan,0.0,1
0x1cc280,-nan,0.0,1
0x1cc300,-nan,0.0,1
0x1cc380,-nan,0.0,1
0x1cc400,-nan,0.0,1
0x1cc480,-nan,0.0,1
0x1cc500,-nan,0.0,1
0x1cc580,-nan,0.0,1
0x1cc600,-nan,0.0,1
0x1cc680,-nan,0.0,1
0x1cc700,-nan,0.0,1
0x1cc780,-nan,0.0,1
0x1cc800,-nan,0.0,1
0x1cc880,-nan,0.0,1
0x1cc900,-nan,0.0,1
0x1cc980,-nan,0.0,1
0x1cca00,-nan,0.0,1
0x1cca80,-nan,0.0,1
0x1ccb00,-nan,0.0,1
0x1ccb80,-nan,0.0,1
0x1ccc00,-nan,0.0,1
0x1ccc80,-nan,0.0,1
0x1ccd00,-nan,0.0,1
0x1ccd80,-nan,0.0,1
0x1cce00,-nan,0.0,1
0x1cce80,-nan,0.0,1
0x1ccf00,-nan,0.0,1
0x1ccf80,-nan,0.0,1
0x1cd000,-nan,0.0,1
0x1cd080,-nan,0.0,1
0x1cd100,-nan,0.0,1
0x1cd180,-nan,0.0,1
0x1cd200,-nan,0.0,1
0x1cd280,-nan,0.0,1
0x1cd300,-nan,0.0,1
0x1cd380,-nan,0.0,1
0x1cd400,-nan,0.0,1
0x1cd480,-nan,0.0,1
0x1cd500,-nan,0.0,1
0x1cd580,-nan,0.0,1
0x1cd600,-nan,0.0,1
0x1cd680,-nan,0.0,1
0x1cd700,-nan,0.0,1
0x1cd780,-nan,0.0,1
0x1cd800,-nan,0.0,1
0x1cd880,-nan,0.0,1
0x1cd900,-nan,0.0,1
0x1cd980,-nan,0.0,1
0x1cda00,-nan,0.0,1
0x1cda80,-nan,0.0,1
0x1cdb00,-nan,0.0,1
0x1cdb80,-nan,0.0,1
0x1cdc00,-nan,0.0,1
0x1cdc80,-nan,0.0,1
0x1cdd00,-nan,0.0,1
0x1cdd80,-nan,0.0,1
0x1cde00,-nan,0.0,1
0x1cde80,-nan,0.0,1
0x1cdf00,-nan,0.0,1
0x1cdf80,-nan,0.0,1
0x1ce000,-nan,0.0,1
0x1ce080,-nan,0.0,1
0x1ce100,-nan,0.0,1
0x1ce180,-nan,0.0,1
0x1ce200,-nan,0.0,1
0x1ce280,-nan,0.0,1
0x1ce300,-nan,0.0,1
0x1ce380,-nan,0.0,1
0x1ce400,-nan,0.0,1
0x1ce480,-nan,0.0,1
0x1ce500,-nan,0.0,1
0x1ce580,-nan,0.0,1
0x1ce600,-nan,0.0,1
0x1ce680,-nan,0.0,1
0x1ce700,-nan,0.0,1
0x1ce780,-nan,0.0,1
0x1ce800,-nan,0.0,1
0x1ce880,-nan,0.0,1
0x1ce900,-nan,0.0,1
0x1ce980,-nan,0.0,1
0x1cea00,-nan,0.0,1
0x1cea80,-nan,0.0,1
0x1ceb00,-nan,0.0,1
0x1ceb80,-nan,0.0,1
0x1cec00,-nan,0.0,1
0x1cec80,-nan,0.0,1
0x1ced00,-nan,0.0,1
0x1ced80,-nan,0.0,1
0x1cee00,-nan,0.0,1
0x1cee80,-nan,0.0,1
0x1cef00,-nan,0.0,1
0x1cef80,-nan,0.0,1
0x1cf000,-nan,0.0,1
0x1cf080,-nan,0.0,1
0x1cf100,-nan,0.0,1
0x1cf180,-nan,0.0,1
0x1cf200,-nan,0.0,1
0x1cf280,-nan,0.0,1
0x1cf300,-nan,0.0,1
0x1cf380,-nan,0.0,1
0x1cf400,-nan,0.0,1
0x1cf480,-nan,0.0,1
0x1cf500,-nan,0.0,1
0x1cf580,-nan,0.0,1
0x1cf600,-nan,0.0,1
0x1cf680,-nan,0.0,1
0x1cf700,-nan,0.0,1
0x1cf780,-nan,0.0,1
0x1cf800,-nan,0.0,1
0x1cf880,-nan,0.0,1
0x1cf900,-nan,0.0,1
0x1cf980,-nan,0.0,1
0x1cfa00,-nan,0.0,1
0x1cfa80,-nan,0.0,1
0x1cfb00,-nan,0.0,1
0x1cfb80,-nan,0.0,1
0x1cfc00,-nan,0.0,1
0x1cfc80,-nan,0.0,1
0x1cfd00,-nan,0.0,1
0x1cfd80,-nan,0.0,1
0x1cfe00,-nan,0.0,1
0x1cfe80,-nan,0.0,1
0x1cff00,-nan,0.0,1
0x1cff80,-nan,0.0,1
0x1d0000,-nan,0.0,1
0x1d0080,-nan,0.0,1
0x1d0100,-nan,0.0,1
0x1d0180,-nan,0.0,1
0x1d0200,-nan,0.0,1
0x1d0280,-nan,0.0,1
0x1d0300,-nan,0.0,1
0x1d0380,-nan,0.0,1
0x1d0400,-nan,0.0,1
0x1d0480,-nan,0.0,1
0x1d0500,-nan,0.0,1
0x1d0580,-nan,0.0,1
0x1d0600,-nan,0.0,1
0x1d0680,-nan,0.0,1
0x1d0700,-nan,0.0,1
0x1d0780,-nan,0.0,1
0x1d0800,-nan,0.0,1
0x1d0880,-nan,0.0,1
0x1d0900,-nan,0.0,1
0x1d0980,-nan,0.0,1
0x1d0a00,-nan,0.0,1
0x1d0a80,-nan,0.0,1
0x1d0b00,-nan,0.0,1
0x1d0b80,-nan,0.0,1
0x1d0c00,-nan,0.0,1
0x1d0c80,-nan,0.0,1
0x1d0d00,-nan,0.0,1
0x1d0d80,-nan,0.0,1
0x1d0e00,-nan,0.0,1
0x1d0e80,-nan,0.0,1
0x1d0f00,-nan,0.0,1
0x1d0f80,-nan,0.0,1
0x1d1000,-nan,0.0,1
0x1d1080,-nan,0.0,1
0x1d1100,-nan,0.0,1
0x1d1180,-nan,0.0,1
0x1d1200,-nan,0.0,1
0x1d1280,-nan,0.0,1
0x1d1300,-nan,0.0,1
0x1d1380,-nan,0.0,1
0x1d1400,-nan,0.0,1
0x1d1480,-nan,0.0,1
0x1d1500,-nan,0.0,1
0x1d1580,-nan,0.0,1
0x1d1600,-nan,0.0,1
0x1d1680,-nan,0.0,1
0x1d1700,-nan,0.0,1
0x1d1780,-nan,0.0,1
0x1d1800,-nan,0.0,1
0x1d1880,-nan,0.0,1
0x1d1900,-nan,0.0,1
0x1d1980,-nan,0.0,1
0x1d1a00,-nan,0.0,1
0x1d1a80,-nan,0.0,1
0x1d1b00,-nan,0.0,1
0x1d1b80,-nan,0.0,1
0x1d1c00,-nan,0.0,1
0x1d1c80,-nan,0.0,1
0x1d1d00,-nan,0.0,1
0x1d1d80,-nan,0.0,1
0x1d1e00,-nan,0.0,1
0x1d1e80,-nan,0.0,1
0x1d1f00,-nan,0.0,1
0x1d1f80,-nan,0.0,1
0x1d2000,-nan,0.0,1
0x1d2080,-nan,0.0,1
0x1d2100,-nan,0.0,1
0x1d2180,-nan,0.0,1
0x1d2200,-nan,0.0,1
0x1d2280,-nan,0.0,1
0x1d2300,-nan,0.0,1
0x1d2380,-nan,0.0,1
0x1d2400,-nan,0.0,1
0x1d2480,-nan,0.0,1
0x1d2500,-nan,0.0,1
0x1d2580,-nan,0.0,1
0x1d2600,-nan,0.0,1
0x1d2680,-nan,0.0,1
0x1d2700,-nan,0.0,1
0x1d2780,-nan,0.0,1
0x1d2800,-nan,0.0,1
0x1d2880,-nan,0.0,1
0x1d2900,-nan,0.0,1
0x1d2980,-nan,0.0,1
0x1d2a00,-nan,0.0,1
0x1d2a80,-nan,0.0,1
0x1d2b00,-nan,0.0,1
0x1d2b80,-nan,0.0,1
0x1d2c00,-nan,0.0,1
0x1d2c80,-nan,0.0,1
0x1d2d00,-nan,0.0,1
0x1d2d80,-nan,0.0,1
0x1d2e00,-nan,0.0,1
0x1d2e80,-nan,0.0,1
0x1d2f00,-nan,0.0,1
0x1d2f80,-nan,0.0,1
0x1d3000,-nan,0.0,1
0x1d3080,-nan,0.0,1
0x1d3100,-nan,0.0,1
0x1d3180,-nan,0.0,1
0x1d3200,-nan,0.0,1
0x1d3280,-nan,0.0,1
0x1d3300,-nan,0.0,1
0x1d3380,-nan,0.0,1
0x1d3400,-nan,0.0,1
0x1d3480,-nan,0.0,1
0x1d3500,-nan,0.0,1
0x1d3580,-nan,0.0,1
0x1d3600,-nan,0.0,1
0x1d3680,-nan,0.0,1
0x1d3700,-nan,0.0,1
0x1d3780,-nan,0.0,1
0x1d3800,-nan,0.0,1
0x1d3880,-nan,0.0,1
0x1d3900,-nan,0.0,1
0x1d3980,-nan,0.0,1
0x1d3a00,-nan,0.0,1
0x1d3a80,-nan,0.0,1
0x1d3b00,-nan,0.0,1
0x1d3b80,-nan,0.0,1
0x1d3c00,-nan,0.0,1
0x1d3c80,-nan,0.0,1
0x1d3d00,-nan,0.0,1
0x1d3d80,-nan,0.0,1
0x1d3e00,-nan,0.0,1
0x1d3e80,-nan,0.0,1
0x1d3f00,-nan,0.0,1
0x1d3f80,-nan,0.0,1
0x1d4000,-nan,0.0,1
0x1d4080,-nan,0.0,1
0x1d4100,-nan,0.0,1
0x1d4180,-nan,0.0,1
0x1d4200,-nan,0.0,1
0x1d4280,-nan,0.0,1
0x1d4300,-nan,0.0,1
0x1d4380,-nan,0.0,1
0x1d4400,-nan,0.0,1
0x1d4480,-nan,0.0,1
0x1d4500,-nan,0.0,1
0x1d4580,-nan,0.0,1
0x1d4600,-nan,0.0,1
0x1d4680,-nan,0.0,1
0x1d4700,-nan,0.0,1
0x1d4780,-nan,0.0,1
0x1d4800,-nan,0.0,1
0x1d4880,-nan,0.0,1
0x1d4900,-nan,0.0,1
0x1d4980,-nan,0.0,1
0x1d4a00,-nan,0.0,1
0x1d4a80,-nan,0.0,1
0x1d4b00,-nan,0.0,1
0x1d4b80,-nan,0.0,1
0x1d4c00,-nan,0.0,1
0x1d4c80,-nan,0.0,1
0x1d4d00,-nan,0.0,1
0x1d4d80,-nan,0.0,1
0x1d4e00,-nan,0.0,1
0x1d4e80,-nan,0.0,1
0x1d4f00,-nan,0.0,1
0x1d4f80,-nan,0.0,1
0x1d5000,-nan,0.0,1
0x1d5080,-nan,0.0,1
0x1d5100,-nan,0.0,1
0x1d5180,-nan,0.0,1
0x1d5200,-nan,0.0,1
0x1d5280,-nan,0.0,1
0x1d5300,-nan,0.0,1
0x1d5380,-nan,0.0,1
0x1d5400,-nan,0.0,1
0x1d5480,-nan,0.0,1
0x1d5500,-nan,0.0,1
0x1d5580,-nan,0.0,1
0x1d5600,-nan,0.0,1
0x1d5680,-nan,0.0,1
0x1d5700,-nan,0.0,1
0x1d5780,-nan,0.0,1
0x1d5800,-nan,0.0,1
0x1d5880,-nan,0.0,1
0x1d5900,-nan,0.0,1
0x1d5980,-nan,0.0,1
0x1d5a00,-nan,0.0,1
0x1d5a80,-nan,0.0,1
0x1d5b00,-nan,0.0,1
0x1d5b80,-nan,0.0,1
0x1d5c00,-nan,0.0,1
0x1d5c80,-nan,0.0,1
0x1d5d00,-nan,0.0,1
0x1d5d80,-nan,0.0,1
0x1d5e00,-nan,0.0,1
0x1d5e80,-nan,0.0,1
0x1d5f00,-nan,0.0,1
0x1d5f80,-nan,0.0,1
0x1d6000,-nan,0.0,1
0x1d6080,-nan,0.0,1
0x1d6100,-nan,0.0,1
0x1d6180,-nan,0.0,1
0x1d6200,-nan,0.0,1
0x1d6280,-nan,0.0,1
0x1d6300,-nan,0.0,1
0x1d6380,-nan,0.0,1
0x1d6400,-nan,0.0,1
0x1d6480,-nan,0.0,1
0x1d6500,-nan,0.0,1
0x1d6580,-nan,0.0,1
0x1d6600,-nan,0.0,1
0x1d6680,-nan,0.0,1
0x1d6700,-nan,0.0,1
0x1d6780,-nan,0.0,1
0x1d6800,-nan,0.0,1
0x1d6880,-nan,0.0,1
0x1d6900,-nan,0.0,1
0x1d6980,-nan,0.0,1
0x1d6a00,-nan,0.0,1
0x1d6a80,-nan,0.0,1
0x1d6b00,-nan,0.0,1
0x1d6b80,-nan,0.0,1
0x1d6c00,-nan,0.0,1
0x1d6c80,-nan,0.0,1
0x1d6d00,-nan,0.0,1
0x1d6d80,-nan,0.0,1
0x1d6e00,-nan,0.0,1
0x1d6e80,-nan,0.0,1
0x1d6f00,-nan,0.0,1
0x1d6f80,-nan,0.0,1
0x1d7000,-nan,0.0,1
0x1d7080,-nan,0.0,1
0x1d7100,-nan,0.0,1
0x1d7180,-nan,0.0,1
0x1d7200,-nan,0.0,1
0x1d7280,-nan,0.0,1
0x1d7300,-nan,0.0,1
0x1d7380,-nan,0.0,1
0x1d7400,-nan,0.0,1
0x1d7480,-nan,0.0,1
0x1d7500,-nan,0.0,1
0x1d7580,-nan,0.0,1
0x1d7600,-nan,0.0,1
0x1d7680,-nan,0.0,1
0x1d7700,-nan,0.0,1
0x1d7780,-nan,0.0,1
0x1d7800,-nan,0.0,1
0x1d7880,-nan,0.0,1
0x1d7900,-nan,0.0,1
0x1d7980,-nan,0.0,1
0x1d7a00,-nan,0.0,1
0x1d7a80,-nan,0.0,1
0x1d7b00,-nan,0.0,1
0x1d7b80,-nan,0.0,1
0x1d7c00,-nan,0.0,1
0x1d7c80,-nan,0.0,1
0x1d7d00,-nan,0.0,1
0x1d7d80,-nan,0.0,1
0x1d7e00,-nan,0.0,1
0x1d7e80,-nan,0.0,1
0x1d7f00,-nan,0.0,1
0x1d7f80,-nan,0.0,1
0x1d8000,-nan,0.0,1
0x1d8080,-nan,0.0,1
0x1d8100,-nan,0.0,1
0x1d8180,-nan,0.0,1
0x1d8200,-nan,0.0,1
0x1d8280,-nan,0.0,1
0x1d8300,-nan,0.0,1
0x1d8380,-nan,0.0,1
0x1d8400,-nan,0.0,1
0x1d8480,-nan,0.0,1
0x1d8500,-nan,0.0,1
0x1d8580,-nan,0.0,1
0x1d8600,-nan,0.0,1
0x1d8680,-nan,0.0,1
0x1d8700,-nan,0.0,1
0x1d8780,-nan,0.0,1
0x1d8800,-nan,0.0,1
0x1d8880,-nan,0.0,1
0x1d8900,-nan,0.0,1
0x1d8980,-nan,0.0,1
0x1d8a00,-nan,0.0,1
0x1d8a80,-nan,0.0,1
0x1d8b00,-nan,0.0,1
0x1d8b80,-nan,0.0,1
0x1d8c00,-nan,0.0,1
0x1d8c80,-nan,0.0,1
0x1d8d00,-nan,0.0,1
0x1d8d80,-nan,0.0,1
0x1d8e00,-nan,0.0,1
0x1d8e80,-nan,0.0,1
0x1d8f00,-nan,0.0,1
0x1d8f80,-nan,0.0,1
0x1d9000,-nan,0.0,1
0x1d9080,-nan,0.0,1
0x1d9100,-nan,0.0,1
0x1d9180,-nan,0.0,1
0x1d9200,-nan,0.0,1
0x1d9280,-nan,0.0,1
0x1d9300,-nan,0.0,1
0x1d9380,-nan,0.0,1
0x1d9400,-nan,0.0,1
0x1d9480,-nan,0.0,1
0x1d9500,-nan,0.0,1
0x1d9580,-nan,0.0,1
0x1d9600,-nan,0.0,1
0x1d9680,-nan,0.0,1
0x1d9700,-nan,0.0,1
0x1d9780,-nan,0.0,1
0x1d9800,-nan,0.0,1
0x1d9880,-nan,0.0,1
0x1d9900,-nan,0.0,1
0x1d9980,-nan,0.0,1
0x1d9a00,-nan,0.0,1
0x1d9a80,-nan,0.0,1
0x1d9b00,-nan,0.0,1
0x1d9b80,-nan,0.0,1
0x1d9c00,-nan,0.0,1
0x1d9c80,-nan,0.0,1
0x1d9d00,-nan,0.0,1
0x1d9d80,-nan,0.0,1
0x1d9e00,-nan,0.0,1
0x1d9e80,-nan,0.0,1
0x1d9f00,-nan,0.0,1
0x1d9f80,-nan,0.0,1
0x1da000,-nan,0.0,1
0x1da080,-nan,0.0,1
0x1da100,-nan,0.0,1
0x1da180,-nan,0.0,1
0x1da200,-nan,0.0,1
0x1da280,-nan,0.0,1
0x1da300,-nan,0.0,1
0x1da380,-nan,0.0,1
0x1da400,-nan,0.0,1
0x1da480,-nan,0.0,1
0x1da500,-nan,0.0,1
0x1da580,-nan,0.0,1
0x1da600,-nan,0.0,1
0x1da680,-nan,0.0,1
0x1da700,-nan,0.0,1
0x1da780,-nan,0.0,1
0x1da800,-nan,0.0,1
0x1da880,-nan,0.0,1
0x1da900,-nan,0.0,1
0x1da980,-nan,0.0,1
0x1daa00,-nan,0.0,1
0x1daa80,-nan,0.0,1
0x1dab00,-nan,0.0,1
0x1dab80,-nan,0.0,1
0x1dac00,-nan,0.0,1
0x1dac80,-nan,0.0,1
0x1dad00,-nan,0.0,1
0x1dad80,-nan,0.0,1
0x1dae00,-nan,0.0,1
0x1dae80,-nan,0.0,1
0x1daf00,-nan,0.0,1
0x1daf80,-nan,0.0,1
0x1db000,-nan,0.0,1
0x1db080,-nan,0.0,1
0x1db100,-nan,0.0,1
0x1db180,-nan,0.0,1
0x1db200,-nan,0.0,1
0x1db280,-nan,0.0,1
0x1db300,-nan,0.0,1
0x1db380,-nan,0.0,1
0x1db400,-nan,0.0,1
0x1db480,-nan,0.0,1
0x1db500,-nan,0.0,1
0x1db580,-nan,0.0,1
0x1db600,-nan,0.0,1
0x1db680,-nan,0.0,1
0x1db700,-nan,0.0,1
0x1db780,-nan,0.0,1
0x1db800,-nan,0.0,1
0x1db880,-nan,0.0,1
0x1db900,-nan,0.0,1
0x1db980,-nan,0.0,1
0x1dba00,-nan,0.0,1
0x1dba80,-nan,0.0,1
0x1dbb00,-nan,0.0,1
0x1dbb80,-nan,0.0,1
0x1dbc00,-nan,0.0,1
0x1dbc80,-nan,0.0,1
0x1dbd00,-nan,0.0,1
0x1dbd80,-nan,0.0,1
0x1dbe00,-nan,0.0,1
0x1dbe80,-nan,0.0,1
0x1dbf00,-nan,0.0,1
0x1dbf80,-nan,0.0,1
0x1dc000,-nan,0.0,1
0x1dc080,-nan,0.0,1
0x1dc100,-nan,0.0,1
0x1dc180,-nan,0.0,1
0x1dc200,-nan,0.0,1
0x1dc280,-nan,0.0,1
0x1dc300,-nan,0.0,1
0x1dc380,-nan,0.0,1
0x1dc400,-nan,0.0,1
0x1dc480,-nan,0.0,1
0x1dc500,-nan,0.0,1
0x1dc580,-nan,0.0,1
0x1dc600,-nan,0.0,1
0x1dc680,-nan,0.0,1
0x1dc700,-nan,0.0,1
0x1dc780,-nan,0.0,1
0x1dc800,-nan,0.0,1
0x1dc880,-nan,0.0,1
0x1dc900,-nan,0.0,1
0x1dc980,-nan,0.0,1
0x1dca00,-nan,0.0,1
0x1dca80,-nan,0.0,1
0x1dcb00,-nan,0.0,1
0x1dcb80,-nan,0.0,1
0x1dcc00,-nan,0.0,1
0x1dcc80,-nan,0.0,1
0x1dcd00,-nan,0.0,1
0x1dcd80,-nan,0.0,1
0x1dce00,-nan,0.0,1
0x1dce80,-nan,0.0,1
0x1dcf00,-nan,0.0,1
0x1dcf80,-nan,0.0,1
0x1dd000,-nan,0.0,1
0x1dd080,-nan,0.0,1
0x1dd100,-nan,0.0,1
0x1dd180,-nan,0.0,1
0x1dd200,-nan,0.0,1
0x1dd280,-nan,0.0,1
0x1dd300,-nan,0.0,1
0x1dd380,-nan,0.0,1
0x1dd400,-nan,0.0,1
0x1dd480,-nan,0.0,1
0x1dd500,-nan,0.0,1
0x1dd580,-nan,0.0,1
0x1dd600,-nan,0.0,1
0x1dd680,-nan,0.0,1
0x1dd700,-nan,0.0,1
0x1dd780,-nan,0.0,1
0x1dd800,-nan,0.0,1
0x1dd880,-nan,0.0,1
0x1dd900,-nan,0.0,1
0x1dd980,-nan,0.0,1
0x1dda00,-nan,0.0,1
0x1dda80,-nan,0.0,1
0x1ddb00,-nan,0.0,1
0x1ddb80,-nan,0.0,1
0x1ddc00,-nan,0.0,1
0x1ddc80,-nan,0.0,1
0x1ddd00,-nan,0.0,1
0x1ddd80,-nan,0.0,1
0x1dde00,-nan,0.0,1
0x1dde80,-nan,0.0,1
0x1ddf00,-nan,0.0,1
0x1ddf80,-nan,0.0,1
0x1de000,-nan,0.0,1
0x1de080,-nan,0.0,1
0x1de100,-nan,0.0,1
0x1de180,-nan,0.0,1
0x1de200,-nan,0.0,1
0x1de280,-nan,0.0,1
0x1de300,-nan,0.0,1
0x1de380,-nan,0.0,1
0x1de400,-nan,0.0,1
0x1de480,-nan,0.0,1
0x1de500,-nan,0.0,1
0x1de580,-nan,0.0,1
0x1de600,-nan,0.0,1
0x1de680,-nan,0.0,1
0x1de700,-nan,0.0,1
0x1de780,-nan,0.0,1
0x1de800,-nan,0.0,1
0x1de880,-nan,0.0,1
0x1de900,-nan,0.0,1
0x1de980,-nan,0.0,1
0x1dea00,-nan,0.0,1
0x1dea80,-nan,0.0,1
0x1deb00,-nan,0.0,1
0x1deb80,-nan,0.0,1
0x1dec00,-nan,0.0,1
0x1dec80,-nan,0.0,1
0x1ded00,-nan,0.0,1
0x1ded80,-nan,0.0,1
0x1dee00,-nan,0.0,1
0x1dee80,-nan,0.0,1
0x1def00,-nan,0.0,1
0x1def80,-nan,0.0,1
0x1df000,-nan,0.0,1
0x1df080,-nan,0.0,1
0x1df100,-nan,0.0,1
0x1df180,-nan,0.0,1
0x1df200,-nan,0.0,1
0x1df280,-nan,0.0,1
0x1df300,-nan,0.0,1
0x1df380,-nan,0.0,1
0x1df400,-nan,0.0,1
0x1df480,-nan,0.0,1
0x1df500,-nan,0.0,1
0x1df580,-nan,0.0,1
0x1df600,-nan,0.0,1
0x1df680,-nan,0.0,1
0x1df700,-nan,0.0,1
0x1df780,-nan,0.0,1
0x1df800,-nan,0.0,1
0x1df880,-nan,0.0,1
0x1df900,-nan,0.0,1
0x1df980,-nan,0.0,1
0x1dfa00,-nan,0.0,1
0x1dfa80,-nan,0.0,1
0x1dfb00,-nan,0.0,1
0x1dfb80,-nan,0.0,1
0x1dfc00,-nan,0.0,1
0x1dfc80,-nan,0.0,1
0x1dfd00,-nan,0.0,1
0x1dfd80,-nan,0.0,1
0x1dfe00,-nan,0.0,1
0x1dfe80,-nan,0.0,1
0x1dff00,-nan,0.0,1
0x1dff80,-nan,0.0,1
0x1e0000,-nan,0.0,1
0x1e0080,-nan,0.0,1
0x1e0100,-nan,0.0,1
0x1e0180,-nan,0.0,1
0x1e0200,-nan,0.0,1
0x1e0280,-nan,0.0,1
0x1e0300,-nan,0.0,1
0x1e0380,-nan,0.0,1
0x1e0400,-nan,0.0,1
0x1e0480,-nan,0.0,1
0x1e0500,-nan,0.0,1
0x1e0580,-nan,0.0,1
0x1e0600,-nan,0.0,1
0x1e0680,-nan,0.0,1
0x1e0700,-nan,0.0,1
0x1e0780,-nan,0.0,1
0x1e0800,-nan,0.0,1
0x1e0880,-nan,0.0,1
0x1e0900,-nan,0.0,1
0x1e0980,-nan,0.0,1
0x1e0a00,-nan,0.0,1
0x1e0a80,-nan,0.0,1
0x1e0b00,-nan,0.0,1
0x1e0b80,-nan,0.0,1
0x1e0c00,-nan,0.0,1
0x1e0c80,-nan,0.0,1
0x1e0d00,-nan,0.0,1
0x1e0d80,-nan,0.0,1
0x1e0e00,-nan,0.0,1
0x1e0e80,-nan,0.0,1
0x1e0f00,-nan,0.0,1
0x1e0f80,-nan,0.0,1
0x1e1000,-nan,0.0,1
0x1e1080,-nan,0.0,1
0x1e1100,-nan,0.0,1
0x1e1180,-nan,0.0,1
0x1e1200,-nan,0.0,1
0x1e1280,-nan,0.0,1
0x1e1300,-nan,0.0,1
0x1e1380,-nan,0.0,1
0x1e1400,-nan,0.0,1
0x1e1480,-nan,0.0,1
0x1e1500,-nan,0.0,1
0x1e1580,-nan,0.0,1
0x1e1600,-nan,0.0,1
0x1e1680,-nan,0.0,1
0x1e1700,-nan,0.0,1
0x1e1780,-nan,0.0,1
0x1e1800,-nan,0.0,1
0x1e1880,-nan,0.0,1
0x1e1900,-nan,0.0,1
0x1e1980,-nan,0.0,1
0x1e1a00,-nan,0.0,1
0x1e1a80,-nan,0.0,1
0x1e1b00,-nan,0.0,1
0x1e1b80,-nan,0.0,1
0x1e1c00,-nan,0.0,1
0x1e1c80,-nan,0.0,1
0x1e1d00,-nan,0.0,1
0x1e1d80,-nan,0.0,1
0x1e1e00,-nan,0.0,1
0x1e1e80,-nan,0.0,1
0x1e1f00,-nan,0.0,1
0x1e1f80,-nan,0.0,1
0x1e2000,-nan,0.0,1
0x1e2080,-nan,0.0,1
0x1e2100,-nan,0.0,1
0x1e2180,-nan,0.0,1
0x1e2200,-nan,0.0,1
0x1e2280,-nan,0.0,1
0x1e2300,-nan,0.0,1
0x1e2380,-nan,0.0,1
0x1e2400,-nan,0.0,1
0x1e2480,-nan,0.0,1
0x1e2500,-nan,0.0,1
0x1e2580,-nan,0.0,1
0x1e2600,-nan,0.0,1
0x1e2680,-nan,0.0,1
0x1e2700,-nan,0.0,1
0x1e2780,-nan,0.0,1
0x1e2800,-nan,0.0,1
0x1e2880,-nan,0.0,1
0x1e2900,-nan,0.0,1
0x1e2980,-nan,0.0,1
0x1e2a00,-nan,0.0,1
0x1e2a80,-nan,0.0,1
0x1e2b00,-nan,0.0,1
0x1e2b80,-nan,0.0,1
0x1e2c00,-nan,0.0,1
0x1e2c80,-nan,0.0,1
0x1e2d00,-nan,0.0,1
0x1e2d80,-nan,0.0,1
0x1e2e00,-nan,0.0,1
0x1e2e80,-nan,0.0,1
0x1e2f00,-nan,0.0,1
0x1e2f80,-nan,0.0,1
0x1e3000,-nan,0.0,1
0x1e3080,-nan,0.0,1
0x1e3100,-nan,0.0,1
0x1e3180,-nan,0.0,1
0x1e3200,-nan,0.0,1
0x1e3280,-nan,0.0,1
0x1e3300,-nan,0.0,1
0x1e3380,-nan,0.0,1
0x1e3400,-nan,0.0,1
0x1e3480,-nan,0.0,1
0x1e3500,-nan,0.0,1
0x1e3580,-nan,0.0,1
0x1e3600,-nan,0.0,1
0x1e3680,-nan,0.0,1
0x1e3700,-nan,0.0,1
0x1e3780,-nan,0.0,1
0x1e3800,-nan,0.0,1
0x1e3880,-nan,0.0,1
0x1e3900,-nan,0.0,1
0x1e3980,-nan,0.0,1
0x1e3a00,-nan,0.0,1
0x1e3a80,-nan,0.0,1
0x1e3b00,-nan,0.0,1
0x1e3b80,-nan,0.0,1
0x1e3c00,-nan,0.0,1
0x1e3c80,-nan,0.0,1
0x1e3d00,-nan,0.0,1
0x1e3d80,-nan,0.0,1
0x1e3e00,-nan,0.0,1
0x1e3e80,-nan,0.0,1
0x1e3f00,-nan,0.0,1
0x1e3f80,-nan,0.0,1
0x1e4000,-nan,0.0,1
0x1e4080,-nan,0.0,1
0x1e4100,-nan,0.0,1
0x1e4180,-nan,0.0,1
0x1e4200,-nan,0.0,1
0x1e4280,-nan,0.0,1
0x1e4300,-nan,0.0,1
0x1e4380,-nan,0.0,1
0x1e4400,-nan,0.0,1
0x1e4480,-nan,0.0,1
0x1e4500,-nan,0.0,1
0x1e4580,-nan,0.0,1
0x1e4600,-nan,0.0,1
0x1e4680,-nan,0.0,1
0x1e4700,-nan,0.0,1
0x1e4780,-nan,0.0,1
0x1e4800,-nan,0.0,1
0x1e4880,-nan,0.0,1
0x1e4900,-nan,0.0,1
0x1e4980,-nan,0.0,1
0x1e4a00,-nan,0.0,1
0x1e4a80,-nan,0.0,1
0x1e4b00,-nan,0.0,1
0x1e4b80,-nan,0.0,1
0x1e4c00,-nan,0.0,1
0x1e4c80,-nan,0.0,1
0x1e4d00,-nan,0.0,1
0x1e4d80,-nan,0.0,1
0x1e4e00,-nan,0.0,1
0x1e4e80,-nan,0.0,1
0x1e4f00,-nan,0.0,1
0x1e4f80,-nan,0.0,1
0x1e5000,-nan,0.0,1
0x1e5080,-nan,0.0,1
0x1e5100,-nan,0.0,1
0x1e5180,-nan,0.0,1
0x1e5200,-nan,0.0,1
0x1e5280,-nan,0.0,1
0x1e5300,-nan,0.0,1
0x1e5380,-nan,0.0,1
0x1e5400,-nan,0.0,1
0x1e5480,-nan,0.0,1
0x1e5500,-nan,0.0,1
0x1e5580,-nan,0.0,1
0x1e5600,-nan,0.0,1
0x1e5680,-nan,0.0,1
0x1e5700,-nan,0.0,1
0x1e5780,-nan,0.0,1
0x1e5800,-nan,0.0,1
0x1e5880,-nan,0.0,1
0x1e5900,-nan,0.0,1
0x1e5980,-nan,0.0,1
0x1e5a00,-nan,0.0,1
0x1e5a80,-nan,0.0,1
0x1e5b00,-nan,0.0,1
0x1e5b80,-nan,0.0,1
0x1e5c00,-nan,0.0,1
0x1e5c80,-nan,0.0,1
0x1e5d00,-nan,0.0,1
0x1e5d80,-nan,0.0,1
0x1e5e00,-nan,0.0,1
0x1e5e80,-nan,0.0,1
0x1e5f00,-nan,0.0,1
0x1e5f80,-nan,0.0,1
0x1e6000,-nan,0.0,1
0x1e6080,-nan,0.0,1
0x1e6100,-nan,0.0,1
0x1e6180,-nan,0.0,1
0x1e6200,-nan,0.0,1
0x1e6280,-nan,0.0,1
0x1e6300,-nan,0.0,1
0x1e6380,-nan,0.0,1
0x1e6400,-nan,0.0,1
0x1e6480,-nan,0.0,1
0x1e6500,-nan,0.0,1
0x1e6580,-nan,0.0,1
0x1e6600,-nan,0.0,1
0x1e6680,-nan,0.0,1
0x1e6700,-nan,0.0,1
0x1e6780,-nan,0.0,1
0x1e6800,-nan,0.0,1
0x1e6880,-nan,0.0,1
0x1e6900,-nan,0.0,1
0x1e6980,-nan,0.0,1
0x1e6a00,-nan,0.0,1
0x1e6a80,-nan,0.0,1
0x1e6b00,-nan,0.0,1
0x1e6b80,-nan,0.0,1
0x1e6c00,-nan,0.0,1
0x1e6c80,-nan,0.0,1
0x1e6d00,-nan,0.0,1
0x1e6d80,-nan,0.0,1
0x1e6e00,-nan,0.0,1
0x1e6e80,-nan,0.0,1
0x1e6f00,-nan,0.0,1
0x1e6f80,-nan,0.0,1
0x1e7000,-nan,0.0,1
0x1e7080,-nan,0.0,1
0x1e7100,-nan,0.0,1
0x1e7180,-nan,0.0,1
0x1e7200,-nan,0.0,1
0x1e7280,-nan,0.0,1
0x1e7300,-nan,0.0,1
0x1e7380,-nan,0.0,1
0x1e7400,-nan,0.0,1
0x1e7480,-nan,0.0,1
0x1e7500,-nan,0.0,1
0x1e7580,-nan,0.0,1
0x1e7600,-nan,0.0,1
0x1e7680,-nan,0.0,1
0x1e7700,-nan,0.0,1
0x1e7780,-nan,0.0,1
0x1e7800,-nan,0.0,1
0x1e7880,-nan,0.0,1
0x1e7900,-nan,0.0,1
0x1e7980,-nan,0.0,1
0x1e7a00,-nan,0.0,1
0x1e7a80,-nan,0.0,1
0x1e7b00,-nan,0.0,1
0x1e7b80,-nan,0.0,1
0x1e7c00,-nan,0.0,1
0x1e7c80,-nan,0.0,1
0x1e7d00,-nan,0.0,1
0x1e7d80,-nan,0.0,1
0x1e7e00,-nan,0.0,1
0x1e7e80,-nan,0.0,1
0x1e7f00,-nan,0.0,1
0x1e7f80,-nan,0.0,1
0x1e8000,-nan,0.0,1
0x1e8080,-nan,0.0,1
0x1e8100,-nan,0.0,1
0x1e8180,-nan,0.0,1
0x1e8200,-nan,0.0,1
0x1e8280,-nan,0.0,1
0x1e8300,-nan,0.0,1
0x1e8380,-nan,0.0,1
0x1e8400,-nan,0.0,1
0x1e8480,-nan,0.0,1
0x1e8500,-nan,0.0,1
0x1e8580,-nan,0.0,1
0x1e8600,-nan,0.0,1
0x1e8680,-nan,0.0,1
0x1e8700,-nan,0.0,1
0x1e8780,-nan,0.0,1
0x1e8800,-nan,0.0,1
0x1e8880,-nan,0.0,1
0x1e8900,-nan,0.0,1
0x1e8980,-nan,0.0,1
0x1e8a00,-nan,0.0,1
0x1e8a80,-nan,0.0,1
0x1e8b00,-nan,0.0,1
0x1e8b80,-nan,0.0,1
0x1e8c00,-nan,0.0,1
0x1e8c80,-nan,0.0,1
0x1e8d00,-nan,0.0,1
0x1e8d80,-nan,0.0,1
0x1e8e00,-nan,0.0,1
0x1e8e80,-nan,0.0,1
0x1e8f00,-nan,0.0,1
0x1e8f80,-nan,0.0,1
0x1e9000,-nan,0.0,1
0x1e9080,-nan,0.0,1
0x1e9100,-nan,0.0,1
0x1e9180,-nan,0.0,1
0x1e9200,-nan,0.0,1
0x1e9280,-nan,0.0,1
0x1e9300,-nan,0.0,1
0x1e9380,-nan,0.0,1
0x1e9400,-nan,0.0,1
0x1e9480,-nan,0.0,1
0x1e9500,-nan,0.0,1
0x1e9580,-nan,0.0,1
0x1e9600,-nan,0.0,1
0x1e9680,-nan,0.0,1
0x1e9700,-nan,0.0,1
0x1e9780,-nan,0.0,1
0x1e9800,-nan,0.0,1
0x1e9880,-nan,0.0,1
0x1e9900,-nan,0.0,1
0x1e9980,-nan,0.0,1
0x1e9a00,-nan,0.0,1
0x1e9a80,-nan,0.0,1
0x1e9b00,-nan,0.0,1
0x1e9b80,-nan,0.0,1
0x1e9c00,-nan,0.0,1
0x1e9c80,-nan,0.0,1
0x1e9d00,-nan,0.0,1
0x1e9d80,-nan,0.0,1
0x1e9e00,-nan,0.0,1
0x1e9e80,-nan,0.0,1
0x1e9f00,-nan,0.0,1
0x1e9f80,-nan,0.0,1
0x1ea000,-nan,0.0,1
0x1ea080,-nan,0.0,1
0x1ea100,-nan,0.0,1
0x1ea180,-nan,0.0,1
0x1ea200,-nan,0.0,1
0x1ea280,-nan,0.0,1
0x1ea300,-nan,0.0,1
0x1ea380,-nan,0.0,1
0x1ea400,-nan,0.0,1
0x1ea480,-nan,0.0,1
0x1ea500,-nan,0.0,1
0x1ea580,-nan,0.0,1
0x1ea600,-nan,0.0,1
0x1ea680,-nan,0.0,1
0x1ea700,-nan,0.0,1
0x1ea780,-nan,0.0,1
0x1ea800,-nan,0.0,1
0x1ea880,-nan,0.0,1
0x1ea900,-nan,0.0,1
0x1ea980,-nan,0.0,1
0x1eaa00,-nan,0.0,1
0x1eaa80,-nan,0.0,1
0x1eab00,-nan,0.0,1
0x1eab80,-nan,0.0,1
0x1eac00,-nan,0.0,1
0x1eac80,-nan,0.0,1
0x1ead00,-nan,0.0,1
0x1ead80,-nan,0.0,1
0x1eae00,-nan,0.0,1
0x1eae80,-nan,0.0,1
0x1eaf00,-nan,0.0,1
0x1eaf80,-nan,0.0,1
0x1eb000,-nan,0.0,1
0x1eb080,-nan,0.0,1
0x1eb100,-nan,0.0,1
0x1eb180,-nan,0.0,1
0x1eb200,-nan,0.0,1
0x1eb280,-nan,0.0,1
0x1eb300,-nan,0.0,1
0x1eb380,-nan,0.0,1
0x1eb400,-nan,0.0,1
0x1eb480,-nan,0.0,1
0x1eb500,-nan,0.0,1
0x1eb580,-nan,0.0,1
0x1eb600,-nan,0.0,1
0x1eb680,-nan,0.0,1
0x1eb700,-nan,0.0,1
0x1eb780,-nan,0.0,1
0x1eb800,-nan,0.0,1
0x1eb880,-nan,0.0,1
0x1eb900,-nan,0.0,1
0x1eb980,-nan,0.0,1
0x1eba00,-nan,0.0,1
0x1eba80,-nan,0.0,1
0x1ebb00,-nan,0.0,1
0x1ebb80,-nan,0.0,1
0x1ebc00,-nan,0.0,1
0x1ebc80,-nan,0.0,1
0x1ebd00,-nan,0.0,1
0x1ebd80,-nan,0.0,1
0x1ebe00,-nan,0.0,1
0x1ebe80,-nan,0.0,1
0x1ebf00,-nan,0.0,1
0x1ebf80,-nan,0.0,1
0x1ec000,-nan,0.0,1
0x1ec080,-nan,0.0,1
0x1ec100,-nan,0.0,1
0x1ec180,-nan,0.0,1
0x1ec200,-nan,0.0,1
0x1ec280,-nan,0.0,1
0x1ec300,-nan,0.0,1
0x1ec380,-nan,0.0,1
0x1ec400,-nan,0.0,1
0x1ec480,-nan,0.0,1
0x1ec500,-nan,0.0,1
0x1ec580,-nan,0.0,1
0x1ec600,-nan,0.0,1
0x1ec680,-nan,0.0,1
0x1ec700,-nan,0.0,1
0x1ec780,-nan,0.0,1
0x1ec800,-nan,0.0,1
0x1ec880,-nan,0.0,1
0x1ec900,-nan,0.0,1
0x1ec980,-nan,0.0,1
0x1eca00,-nan,0.0,1
0x1eca80,-nan,0.0,1
0x1ecb00,-nan,0.0,1
0x1ecb80,-nan,0.0,1
0x1ecc00,-nan,0.0,1
0x1ecc80,-nan,0.0,1
0x1ecd00,-nan,0.0,1
0x1ecd80,-nan,0.0,1
0x1ece00,-nan,0.0,1
0x1ece80,-nan,0.0,1
0x1ecf00,-nan,0.0,1
0x1ecf80,-nan,0.0,1
0x1ed000,-nan,0.0,1
0x1ed080,-nan,0.0,1
0x1ed100,-nan,0.0,1
0x1ed180,-nan,0.0,1
0x1ed200,-nan,0.0,1
0x1ed280,-nan,0.0,1
0x1ed300,-nan,0.0,1
0x1ed380,-nan,0.0,1
0x1ed400,-nan,0.0,1
0x1ed480,-nan,0.0,1
0x1ed500,-nan,0.0,1
0x1ed580,-nan,0.0,1
0x1ed600,-nan,0.0,1
0x1ed680,-nan,0.0,1
0x1ed700,-nan,0.0,1
0x1ed780,-nan,0.0,1
0x1ed800,-nan,0.0,1
0x1ed880,-nan,0.0,1
0x1ed900,-nan,0.0,1
0x1ed980,-nan,0.0,1
0x1eda00,-nan,0.0,1
0x1eda80,-nan,0.0,1
0x1edb00,-nan,0.0,1
0x1edb80,-nan,0.0,1
0x1edc00,-nan,0.0,1
0x1edc80,-nan,0.0,1
0x1edd00,-nan,0.0,1
0x1edd80,-nan,0.0,1
0x1ede00,-nan,0.0,1
0x1ede80,-nan,0.0,1
0x1edf00,-nan,0.0,1
0x1edf80,-nan,0.0,1
0x1ee000,-nan,0.0,1
0x1ee080,-nan,0.0,1
0x1ee100,-nan,0.0,1
0x1ee180,-nan,0.0,1
0x1ee200,-nan,0.0,1
0x1ee280,-nan,0.0,1
0x1ee300,-nan,0.0,1
0x1ee380,-nan,0.0,1
0x1ee400,-nan,0.0,1
0x1ee480,-nan,0.0,1
0x1ee500,-nan,0.0,1
0x1ee580,-nan,0.0,1
0x1ee600,-nan,0.0,1
0x1ee680,-nan,0.0,1
0x1ee700,-nan,0.0,1
0x1ee780,-nan,0.0,1
0x1ee800,-nan,0.0,1
0x1ee880,-nan,0.0,1
0x1ee900,-nan,0.0,1
0x1ee980,-nan,0.0,1
0x1eea00,-nan,0.0,1
0x1eea80,-nan,0.0,1
0x1eeb00,-nan,0.0,1
0x1eeb80,-nan,0.0,1
0x1eec00,-nan,0.0,1
0x1eec80,-nan,0.0,1
0x1eed00,-nan,0.0,1
0x1eed80,-nan,0.0,1
0x1eee00,-nan,0.0,1
0x1eee80,-nan,0.0,1
0x1eef00,-nan,0.0,1
0x1eef80,-nan,0.0,1
0x1ef000,-nan,0.0,1
0x1ef080,-nan,0.0,1
0x1ef100,-nan,0.0,1
0x1ef180,-nan,0.0,1
0x1ef200,-nan,0.0,1
0x1ef280,-nan,0.0,1
0x1ef300,-nan,0.0,1
0x1ef380,-nan,0.0,1
0x1ef400,-nan,0.0,1
0x1ef480,-nan,0.0,1
0x1ef500,-nan,0.0,1
0x1ef580,-nan,0.0,1
0x1ef600,-nan,0.0,1
0x1ef680,-nan,0.0,1
0x1ef700,-nan,0.0,1
0x1ef780,-nan,0.0,1
0x1ef800,-nan,0.0,1
0x1ef880,-nan,0.0,1
0x1ef900,-nan,0.0,1
0x1ef980,-nan,0.0,1
0x1efa00,-nan,0.0,1
0x1efa80,-nan,0.0,1
0x1efb00,-nan,0.0,1
0x1efb80,-nan,0.0,1
0x1efc00,-nan,0.0,1
0x1efc80,-nan,0.0,1
0x1efd00,-nan,0.0,1
0x1efd80,-nan,0.0,1
0x1efe00,-nan,0.0,1
0x1efe80,-nan,0.0,1
0x1eff00,-nan,0.0,1
0x1eff80,-nan,0.0,1
0x1f0000,-nan,0.0,1
0x1f0080,-nan,0.0,1
0x1f0100,-nan,0.0,1
0x1f0180,-nan,0.0,1
0x1f0200,-nan,0.0,1
0x1f0280,-nan,0.0,1
0x1f0300,-nan,0.0,1
0x1f0380,-nan,0.0,1
0x1f0400,-nan,0.0,1
0x1f0480,-nan,0.0,1
0x1f0500,-nan,0.0,1
0x1f0580,-nan,0.0,1
0x1f0600,-nan,0.0,1
0x1f0680,-nan,0.0,1
0x1f0700,-nan,0.0,1
0x1f0780,-nan,0.0,1
0x1f0800,-nan,0.0,1
0x1f0880,-nan,0.0,1
0x1f0900,-nan,0.0,1
0x1f0980,-nan,0.0,1
0x1f0a00,-nan,0.0,1
0x1f0a80,-nan,0.0,1
0x1f0b00,-nan,0.0,1
0x1f0b80,-nan,0.0,1
0x1f0c00,-nan,0.0,1
0x1f0c80,-nan,0.0,1
0x1f0d00,-nan,0.0,1
0x1f0d80,-nan,0.0,1
0x1f0e00,-nan,0.0,1
0x1f0e80,-nan,0.0,1
0x1f0f00,-nan,0.0,1
0x1f0f80,-nan,0.0,1
0x1f1000,-nan,0.0,1
0x1f1080,-nan,0.0,1
0x1f1100,-nan,0.0,1
0x1f1180,-nan,0.0,1
0x1f1200,-nan,0.0,1
0x1f1280,-nan,0.0,1
0x1f1300,-nan,0.0,1
0x1f1380,-nan,0.0,1
0x1f1400,-nan,0.0,1
0x1f1480,-nan,0.0,1
0x1f1500,-nan,0.0,1
0x1f1580,-nan,0.0,1
0x1f1600,-nan,0.0,1
0x1f1680,-nan,0.0,1
0x1f1700,-nan,0.0,1
0x1f1780,-nan,0.0,1
0x1f1800,-nan,0.0,1
0x1f1880,-nan,0.0,1
0x1f1900,-nan,0.0,1
0x1f1980,-nan,0.0,1
0x1f1a00,-nan,0.0,1
0x1f1a80,-nan,0.0,1
0x1f1b00,-nan,0.0,1
0x1f1b80,-nan,0.0,1
0x1f1c00,-nan,0.0,1
0x1f1c80,-nan,0.0,1
0x1f1d00,-nan,0.0,1
0x1f1d80,-nan,0.0,1
0x1f1e00,-nan,0.0,1
0x1f1e80,-nan,0.0,1
0x1f1f00,-nan,0.0,1
0x1f1f80,-nan,0.0,1
0x1f2000,-nan,0.0,1
0x1f2080,-nan,0.0,1
0x1f2100,-nan,0.0,1
0x1f2180,-nan,0.0,1
0x1f2200,-nan,0.0,1
0x1f2280,-nan,0.0,1
0x1f2300,-nan,0.0,1
0x1f2380,-nan,0.0,1
0x1f2400,-nan,0.0,1
0x1f2480,-nan,0.0,1
0x1f2500,-nan,0.0,1
0x1f2580,-nan,0.0,1
0x1f2600,-nan,0.0,1
0x1f2680,-nan,0.0,1
0x1f2700,-nan,0.0,1
0x1f2780,-nan,0.0,1
0x1f2800,-nan,0.0,1
0x1f2880,-nan,0.0,1
0x1f2900,-nan,0.0,1
0x1f2980,-nan,0.0,1
0x1f2a00,-nan,0.0,1
0x1f2a80,-nan,0.0,1
0x1f2b00,-nan,0.0,1
0x1f2b80,-nan,0.0,1
0x1f2c00,-nan,0.0,1
0x1f2c80,-nan,0.0,1
0x1f2d00,-nan,0.0,1
0x1f2d80,-nan,0.0,1
0x1f2e00,-nan,0.0,1
0x1f2e80,-nan,0.0,1
0x1f2f00,-nan,0.0,1
0x1f2f80,-nan,0.0,1
0x1f3000,-nan,0.0,1
0x1f3080,-nan,0.0,1
0x1f3100,-nan,0.0,1
0x1f3180,-nan,0.0,1
0x1f3200,-nan,0.0,1
0x1f3280,-nan,0.0,1
0x1f3300,-nan,0.0,1
0x1f3380,-nan,0.0,1
0x1f3400,-nan,0.0,1
0x1f3480,-nan,0.0,1
0x1f3500,-nan,0.0,1
0x1f3580,-nan,0.0,1
0x1f3600,-nan,0.0,1
0x1f3680,-nan,0.0,1
0x1f3700,-nan,0.0,1
0x1f3780,-nan,0.0,1
0x1f3800,-nan,0.0,1
0x1f3880,-nan,0.0,1
0x1f3900,-nan,0.0,1
0x1f3980,-nan,0.0,1
0x1f3a00,-nan,0.0,1
0x1f3a80,-nan,0.0,1
0x1f3b00,-nan,0.0,1
0x1f3b80,-nan,0.0,1
0x1f3c00,-nan,0.0,1
0x1f3c80,-nan,0.0,1
0x1f3d00,-nan,0.0,1
0x1f3d80,-nan,0.0,1
0x1f3e00,-nan,0.0,1
0x1f3e80,-nan,0.0,1
0x1f3f00,-nan,0.0,1
0x1f3f80,-nan,0.0,1
0x1f4000,-nan,0.0,1
0x1f4080,-nan,0.0,1
0x1f4100,-nan,0.0,1
0x1f4180,-nan,0.0,1
0x1f4200,-nan,0.0,1
0x1f4280,-nan,0.0,1
0x1f4300,-nan,0.0,1
0x1f4380,-nan,0.0,1
0x1f4400,-nan,0.0,1
0x1f4480,-nan,0.0,1
0x1f4500,-nan,0.0,1
0x1f4580,-nan,0.0,1
0x1f4600,-nan,0.0,1
0x1f4680,-nan,0.0,1
0x1f4700,-nan,0.0,1
0x1f4780,-nan,0.0,1
0x1f4800,-nan,0.0,1
0x1f4880,-nan,0.0,1
0x1f4900,-nan,0.0,1
0x1f4980,-nan,0.0,1
0x1f4a00,-nan,0.0,1
0x1f4a80,-nan,0.0,1
0x1f4b00,-nan,0.0,1
0x1f4b80,-nan,0.0,1
0x1f4c00,-nan,0.0,1
0x1f4c80,-nan,0.0,1
0x1f4d00,-nan,0.0,1
0x1f4d80,-nan,0.0,1
0x1f4e00,-nan,0.0,1
0x1f4e80,-nan,0.0,1
0x1f4f00,-nan,0.0,1
0x1f4f80,-nan,0.0,1
0x1f5000,-nan,0.0,1
0x1f5080,-nan,0.0,1
0x1f5100,-nan,0.0,1
0x1f5180,-nan,0.0,1
0x1f5200,-nan,0.0,1
0x1f5280,-nan,0.0,1
0x1f5300,-nan,0.0,1
0x1f5380,-nan,0.0,1
0x1f5400,-nan,0.0,1
0x1f5480,-nan,0.0,1
0x1f5500,-nan,0.0,1
0x1f5580,-nan,0.0,1
0x1f5600,-nan,0.0,1
0x1f5680,-nan,0.0,1
0x1f5700,-nan,0.0,1
0x1f5780,-nan,0.0,1
0x1f5800,-nan,0.0,1
0x1f5880,-nan,0.0,1
0x1f5900,-nan,0.0,1
0x1f5980,-nan,0.0,1
0x1f5a00,-nan,0.0,1
0x1f5a80,-nan,0.0,1
0x1f5b00,-nan,0.0,1
0x1f5b80,-nan,0.0,1
0x1f5c00,-nan,0.0,1
0x1f5c80,-nan,0.0,1
0x1f5d00,-nan,0.0,1
0x1f5d80,-nan,0.0,1
0x1f5e00,-nan,0.0,1
0x1f5e80,-nan,0.0,1
0x1f5f00,-nan,0.0,1
0x1f5f80,-nan,0.0,1
0x1f6000,-nan,0.0,1
0x1f6080,-nan,0.0,1
0x1f6100,-nan,0.0,1
0x1f6180,-nan,0.0,1
0x1f6200,-nan,0.0,1
0x1f6280,-nan,0.0,1
0x1f6300,-nan,0.0,1
0x1f6380,-nan,0.0,1
0x1f6400,-nan,0.0,1
0x1f6480,-nan,0.0,1
0x1f6500,-nan,0.0,1
0x1f6580,-nan,0.0,1
0x1f6600,-nan,0.0,1
0x1f6680,-nan,0.0,1
0x1f6700,-nan,0.0,1
0x1f6780,-nan,0.0,1
0x1f6800,-nan,0.0,1
0x1f6880,-nan,0.0,1
0x1f6900,-nan,0.0,1
0x1f6980,-nan,0.0,1
0x1f6a00,-nan,0.0,1
0x1f6a80,-nan,0.0,1
0x1f6b00,-nan,0.0,1
0x1f6b80,-nan,0.0,1
0x1f6c00,-nan,0.0,1
0x1f6c80,-nan,0.0,1
0x1f6d00,-nan,0.0,1
0x1f6d80,-nan,0.0,1
0x1f6e00,-nan,0.0,1
0x1f6e80,-nan,0.0,1
0x1f6f00,-nan,0.0,1
0x1f6f80,-nan,0.0,1
0x1f7000,-nan,0.0,1
0x1f7080,-nan,0.0,1
0x1f7100,-nan,0.0,1
0x1f7180,-nan,0.0,1
0x1f7200,-nan,0.0,1
0x1f7280,-nan,0.0,1
0x1f7300,-nan,0.0,1
0x1f7380,-nan,0.0,1
0x1f7400,-nan,0.0,1
0x1f7480,-nan,0.0,1
0x1f7500,-nan,0.0,1
0x1f7580,-nan,0.0,1
0x1f7600,-nan,0.0,1
0x1f7680,-nan,0.0,1
0x1f7700,-nan,0.0,1
0x1f7780,-nan,0.0,1
0x1f7800,-nan,0.0,1
0x1f7880,-nan,0.0,1
0x1f7900,-nan,0.0,1
0x1f7980,-nan,0.0,1
0x1f7a00,-nan,0.0,1
0x1f7a80,-nan,0.0,1
0x1f7b00,-nan,0.0,1
0x1f7b80,-nan,0.0,1
0x1f7c00,-nan,0.0,1
0x1f7c80,-nan,0.0,1
0x1f7d00,-nan,0.0,1
0x1f7d80,-nan,0.0,1
0x1f7e00,-nan,0.0,1
0x1f7e80,-nan,0.0,1
0x1f7f00,-nan,0.0,1
0x1f7f80,-nan,0.0,1
0x1f8000,-nan,0.0,1
0x1f8080,-nan,0.0,1
0x1f8100,-nan,0.0,1
0x1f8180,-nan,0.0,1
0x1f8200,-nan,0.0,1
0x1f8280,-nan,0.0,1
0x1f8300,-nan,0.0,1
0x1f8380,-nan,0.0,1
0x1f8400,-nan,0.0,1
0x1f8480,-nan,0.0,1
0x1f8500,-nan,0.0,1
0x1f8580,-nan,0.0,1
0x1f8600,-nan,0.0,1
0x1f8680,-nan,0.0,1
0x1f8700,-nan,0.0,1
0x1f8780,-nan,0.0,1
0x1f8800,-nan,0.0,1
0x1f8880,-nan,0.0,1
0x1f8900,-nan,0.0,1
0x1f8980,-nan,0.0,1
0x1f8a00,-nan,0.0,1
0x1f8a80,-nan,0.0,1
0x1f8b00,-nan,0.0,1
0x1f8b80,-nan,0.0,1
0x1f8c00,-nan,0.0,1
0x1f8c80,-nan,0.0,1
0x1f8d00,-nan,0.0,1
0x1f8d80,-nan,0.0,1
0x1f8e00,-nan,0.0,1
0x1f8e80,-nan,0.0,1
0x1f8f00,-nan,0.0,1
0x1f8f80,-nan,0.0,1
0x1f9000,-nan,0.0,1
0x1f9080,-nan,0.0,1
0x1f9100,-nan,0.0,1
0x1f9180,-nan,0.0,1
0x1f9200,-nan,0.0,1
0x1f9280,-nan,0.0,1
0x1f9300,-nan,0.0,1
0x1f9380,-nan,0.0,1
0x1f9400,-nan,0.0,1
0x1f9480,-nan,0.0,1
0x1f9500,-nan,0.0,1
0x1f9580,-nan,0.0,1
0x1f9600,-nan,0.0,1
0x1f9680,-nan,0.0,1
0x1f9700,-nan,0.0,1
0x1f9780,-nan,0.0,1
0x1f9800,-nan,0.0,1
0x1f9880,-nan,0.0,1
0x1f9900,-nan,0.0,1
0x1f9980,-nan,0.0,1
0x1f9a00,-nan,0.0,1
0x1f9a80,-nan,0.0,1
0x1f9b00,-nan,0.0,1
0x1f9b80,-nan,0.0,1
0x1f9c00,-nan,0.0,1
0x1f9c80,-nan,0.0,1
0x1f9d00,-nan,0.0,1
0x1f9d80,-nan,0.0,1
0x1f9e00,-nan,0.0,1
0x1f9e80,-nan,0.0,1
0x1f9f00,-nan,0.0,1
0x1f9f80,-nan,0.0,1
0x1fa000,-nan,0.0,1
0x1fa080,-nan,0.0,1
0x1fa100,-nan,0.0,1
0x1fa180,-nan,0.0,1
0x1fa200,-nan,0.0,1
0x1fa280,-nan,0.0,1
0x1fa300,-nan,0.0,1
0x1fa380,-nan,0.0,1
0x1fa400,-nan,0.0,1
0x1fa480,-nan,0.0,1
0x1fa500,-nan,0.0,1
0x1fa580,-nan,0.0,1
0x1fa600,-nan,0.0,1
0x1fa680,-nan,0.0,1
0x1fa700,-nan,0.0,1
0x1fa780,-nan,0.0,1
0x1fa800,-nan,0.0,1
0x1fa880,-nan,0.0,1
0x1fa900,-nan,0.0,1
0x1fa980,-nan,0.0,1
0x1faa00,-nan,0.0,1
0x1faa80,-nan,0.0,1
0x1fab00,-nan,0.0,1
0x1fab80,-nan,0.0,1
0x1fac00,-nan,0.0,1
0x1fac80,-nan,0.0,1
0x1fad00,-nan,0.0,1
0x1fad80,-nan,0.0,1
0x1fae00,-nan,0.0,1
0x1fae80,-nan,0.0,1
0x1faf00,-nan,0.0,1
0x1faf80,-nan,0.0,1
0x1fb000,-nan,0.0,1
0x1fb080,-nan,0.0,1
0x1fb100,-nan,0.0,1
0x1fb180,-nan,0.0,1
0x1fb200,-nan,0.0,1
0x1fb280,-nan,0.0,1
0x1fb300,-nan,0.0,1
0x1fb380,-nan,0.0,1
0x1fb400,-nan,0.0,1
0x1fb480,-nan,0.0,1
0x1fb500,-nan,0.0,1
0x1fb580,-nan,0.0,1
0x1fb600,-nan,0.0,1
0x1fb680,-nan,0.0,1
0x1fb700,-nan,0.0,1
0x1fb780,-nan,0.0,1
0x1fb800,-nan,0.0,1
0x1fb880,-nan,0.0,1
0x1fb900,-nan,0.0,1
0x1fb980,-nan,0.0,1
0x1fba00,-nan,0.0,1
0x1fba80,-nan,0.0,1
0x1fbb00,-nan,0.0,1
0x1fbb80,-nan,0.0,1
0x1fbc00,-nan,0.0,1
0x1fbc80,-nan,0.0,1
0x1fbd00,-nan,0.0,1
0x1fbd80,-nan,0.0,1
0x1fbe00,-nan,0.0,1
0x1fbe80,-nan,0.0,1
0x1fbf00,-nan,0.0,1
0x1fbf80,-nan,0.0,1
0x1fc000,-nan,0.0,1
0x1fc080,-nan,0.0,1
0x1fc100,-nan,0.0,1
0x1fc180,-nan,0.0,1
0x1fc200,-nan,0.0,1
0x1fc280,-nan,0.0,1
0x1fc300,-nan,0.0,1
0x1fc380,-nan,0.0,1
0x1fc400,-nan,0.0,1
0x1fc480,-nan,0.0,1
0x1fc500,-nan,0.0,1
0x1fc580,-nan,0.0,1
0x1fc600,-nan,0.0,1
0x1fc680,-nan,0.0,1
0x1fc700,-nan,0.0,1
0x1fc780,-nan,0.0,1
0x1fc800,-nan,0.0,1
0x1fc880,-nan,0.0,1
0x1fc900,-nan,0.0,1
0x1fc980,-nan,0.0,1
0x1fca00,-nan,0.0,1
0x1fca80,-nan,0.0,1
0x1fcb00,-nan,0.0,1
0x1fcb80,-nan,0.0,1
0x1fcc00,-nan,0.0,1
0x1fcc80,-nan,0.0,1
0x1fcd00,-nan,0.0,1
0x1fcd80,-nan,0.0,1
0x1fce00,-nan,0.0,1
0x1fce80,-nan,0.0,1
0x1fcf00,-nan,0.0,1
0x1fcf80,-nan,0.0,1
0x1fd000,-nan,0.0,1
0x1fd080,-nan,0.0,1
0x1fd100,-nan,0.0,1
0x1fd180,-nan,0.0,1
0x1fd200,-nan,0.0,1
0x1fd280,-nan,0.0,1
0x1fd300,-nan,0.0,1
0x1fd380,-nan,0.0,1
0x1fd400,-nan,0.0,1
0x1fd480,-nan,0.0,1
0x1fd500,-nan,0.0,1
0x1fd580,-nan,0.0,1
0x1fd600,-nan,0.0,1
0x1fd680,-nan,0.0,1
0x1fd700,-nan,0.0,1
0x1fd780,-nan,0.0,1
0x1fd800,-nan,0.0,1
0x1fd880,-nan,0.0,1
0x1fd900,-nan,0.0,1
0x1fd980,-nan,0.0,1
0x1fda00,-nan,0.0,1
0x1fda80,-nan,0.0,1
0x1fdb00,-nan,0.0,1
0x1fdb80,-nan,0.0,1
0x1fdc00,-nan,0.0,1
0x1fdc80,-nan,0.0,1
0x1fdd00,-nan,0.0,1
0x1fdd80,-nan,0.0,1
0x1fde00,-nan,0.0,1
0x1fde80,-nan,0.0,1
0x1fdf00,-nan,0.0,1
0x1fdf80,-nan,0.0,1
0x1fe000,-nan,0.0,1
0x1fe080,-nan,0.0,1
0x1fe100,-nan,0.0,1
0x1fe180,-nan,0.0,1
0x1fe200,-nan,0.0,1
0x1fe280,-nan,0.0,1
0x1fe300,-nan,0.0,1
0x1fe380,-nan,0.0,1
0x1fe400,-nan,0.0,1
0x1fe480,-nan,0.0,1
0x1fe500,-nan,0.0,1
0x1fe580,-nan,0.0,1
0x1fe600,-nan,0.0,1
0x1fe680,-nan,0.0,1
0x1fe700,-nan,0.0,1
0x1fe780,-nan,0.0,1
0x1fe800,-nan,0.0,1
0x1fe880,-nan,0.0,1
0x1fe900,-nan,0.0,1
0x1fe980,-nan,0.0,1
0x1fea00,-nan,0.0,1
0x1fea80,-nan,0.0,1
0x1feb00,-nan,0.0,1
0x1feb80,-nan,0.0,1
0x1fec00,-nan,0.0,1
0x1fec80,-nan,0.0,1
0x1fed00,-nan,0.0,1
0x1fed80,-nan,0.0,1
0x1fee00,-nan,0.0,1
0x1fee80,-nan,0.0,1
0x1fef00,-nan,0.0,1
0x1fef80,-nan,0.0,1
0x1ff000,-nan,0.0,1
0x1ff080,-nan,0.0,1
0x1ff100,-nan,0.0,1
0x1ff180,-nan,0.0,1
0x1ff200,-nan,0.0,1
0x1ff280,-nan,0.0,1
0x1ff300,-nan,0.0,1
0x1ff380,-nan,0.0,1
0x1ff400,-nan,0.0,1
0x1ff480,-nan,0.0,1
0x1ff500,-nan,0.0,1
0x1ff580,-nan,0.0,1
0x1ff600,-nan,0.0,1
0x1ff680,-nan,0.0,1
0x1ff700,-nan,0.0,1
0x1ff780,-nan,0.0,1
0x1ff800,-nan,0.0,1
0x1ff880,-nan,0.0,1
0x1ff900,-nan,0.0,1
0x1ff980,-nan,0.0,1
0x1ffa00,-nan,0.0,1
0x1ffa80,-nan,0.0,1
0x1ffb00,-nan,0.0,1
0x1ffb80,-nan,0.0,1
0x1ffc00,-nan,0.0,1
0x1ffc80,-nan,0.0,1
0x1ffd00,-nan,0.0,1
0x1ffd80,-nan,0.0,1
0x1ffe00,-nan,0.0,1
0x1ffe80,-nan,0.0,1
0x1fff00,-nan,0.0,1
0x1fff80,-nan,0.0,1
